item_id,item_name,item_level,item_slot,weapon_or_ammo_type,era,era_evidence,configuration_source,modifier_or_script_source,profile_family,profile_source,field_classifications,active_call_path,proc_type,subeffect,proc_chance,proc_policy,level_correction,base_power_policy,accuracy_or_skill_basis,governing_stat_or_dstat,mab_policy,multiplier_policies,resistance_mode,element,damage_type,potency_or_damage,duration,status_effect,immunity_handling,nullification_handling,absorb_handling,message_id,special_target_or_nm_rule,level_sync_behavior,current_handler,handler_reachable,automated_test_reference,evidence_sources,evidence_confidence,current_classification,unresolved_questions
10714,duelists_tights_+2,90,LEGS,EQUIPMENT,ERA_UNRESOLVED,No introduction-era metadata exists in active repository item tables,SQL_MODIFIERS,sql/item_mods.sql:2918,,,,NO_REACHABLE_RUNTIME_PATH,UNSELECTED,,,,,,N/A,N/A,,,NONE_OR_HANDLER_SPECIFIC,,N/A,5,,,HANDLER_SPECIFIC,HANDLER_SPECIFIC,HANDLER_SPECIFIC,FAMILY_DEFAULT_OR_SCRIPT_RETURN,NONE_RECORDED,GetScaledItemModifier returns zero for unsupported synced mods,NOT_ACTIVE,NO,,,HIGH,CONFIGURATION_ERROR,additional-effect modifiers have no active handler selector; item-specific retail numerics
11392,koschei_crackows,71,FEET,EQUIPMENT,ERA_UNRESOLVED,No introduction-era metadata exists in active repository item tables,SQL_MODIFIERS,sql/item_mods.sql:6848;sql/item_mods.sql:6849;sql/item_mods.sql:6850,,,,melee reaction -> battleutils::HandleSpikesDamage -> HandleSpikesEquip,EQUIPMENT_SPIKES,EARTH_DAMAGE_OR_CURSE_SPIKES,20,,,,N/A,N/A,,,NONE_OR_HANDLER_SPECIFIC,,N/A,0,,,HANDLER_SPECIFIC,HANDLER_SPECIFIC,HANDLER_SPECIFIC,FAMILY_DEFAULT_OR_SCRIPT_RETURN,NONE_RECORDED,GetScaledItemModifier returns zero for unsupported synced mods,CXX_EQUIPMENT_SPIKES,YES,,,HIGH_FRAMEWORK_LOW_RETAIL_NUMERICS,VERIFY_LIVE,equipment auto-spikes retail formula
11402,gothic_sabatons,43,FEET,EQUIPMENT,ERA_UNRESOLVED,No introduction-era metadata exists in active repository item tables,SQL_MODIFIERS,sql/item_mods.sql:6919;sql/item_mods.sql:6920;sql/item_mods.sql:6921,,,,melee reaction -> battleutils::HandleSpikesDamage -> HandleSpikesEquip,EQUIPMENT_SPIKES,ICE_DAMAGE,15,,,,N/A,N/A,,,NONE_OR_HANDLER_SPECIFIC,,N/A,15,,,HANDLER_SPECIFIC,HANDLER_SPECIFIC,HANDLER_SPECIFIC,FAMILY_DEFAULT_OR_SCRIPT_RETURN,NONE_RECORDED,GetScaledItemModifier returns zero for unsupported synced mods,CXX_EQUIPMENT_SPIKES,YES,,,HIGH_FRAMEWORK_LOW_RETAIL_NUMERICS,VERIFY_LIVE,equipment auto-spikes retail formula
11433,dornen_schuhs,84,FEET,EQUIPMENT,ERA_UNRESOLVED,No introduction-era metadata exists in active repository item tables,SQL_MODIFIERS,sql/item_mods.sql:7107;sql/item_mods.sql:7108;sql/item_mods.sql:7109,,,,melee reaction -> battleutils::HandleSpikesDamage -> HandleSpikesEquip,EQUIPMENT_SPIKES,LIGHTNING_DAMAGE,25,,,,N/A,N/A,,,NONE_OR_HANDLER_SPECIFIC,,N/A,20,,,HANDLER_SPECIFIC,HANDLER_SPECIFIC,HANDLER_SPECIFIC,FAMILY_DEFAULT_OR_SCRIPT_RETURN,NONE_RECORDED,GetScaledItemModifier returns zero for unsupported synced mods,CXX_EQUIPMENT_SPIKES,YES,,,HIGH_FRAMEWORK_LOW_RETAIL_NUMERICS,VERIFY_LIVE,equipment auto-spikes retail formula
11921,magma_gauntlets,93,HANDS,EQUIPMENT,ERA_UNRESOLVED,No introduction-era metadata exists in active repository item tables,SQL_MODIFIERS,sql/item_mods.sql:9740;sql/item_mods.sql:9741;sql/item_mods.sql:9742,,,,melee reaction -> battleutils::HandleSpikesDamage -> HandleSpikesEquip,EQUIPMENT_SPIKES,FIRE_DAMAGE,15,,,,N/A,N/A,,,NONE_OR_HANDLER_SPECIFIC,,N/A,20,,,HANDLER_SPECIFIC,HANDLER_SPECIFIC,HANDLER_SPECIFIC,FAMILY_DEFAULT_OR_SCRIPT_RETURN,NONE_RECORDED,GetScaledItemModifier returns zero for unsupported synced mods,CXX_EQUIPMENT_SPIKES,YES,,,HIGH_FRAMEWORK_LOW_RETAIL_NUMERICS,VERIFY_LIVE,equipment auto-spikes retail formula
11948,stanch_cuisses,86,LEGS,EQUIPMENT,ERA_UNRESOLVED,No introduction-era metadata exists in active repository item tables,SQL_MODIFIERS,sql/item_mods.sql:9905;sql/item_mods.sql:9906;sql/item_mods.sql:9907,,,,melee reaction -> battleutils::HandleSpikesDamage -> HandleSpikesEquip,EQUIPMENT_SPIKES,ICE_DAMAGE,15,,,,N/A,N/A,,,NONE_OR_HANDLER_SPECIFIC,,N/A,15,,,HANDLER_SPECIFIC,HANDLER_SPECIFIC,HANDLER_SPECIFIC,FAMILY_DEFAULT_OR_SCRIPT_RETURN,NONE_RECORDED,GetScaledItemModifier returns zero for unsupported synced mods,CXX_EQUIPMENT_SPIKES,YES,,,HIGH_FRAMEWORK_LOW_RETAIL_NUMERICS,VERIFY_LIVE,equipment auto-spikes retail formula
12305,ice_shield,72,SUB,EQUIPMENT,ERA_UNRESOLVED,No introduction-era metadata exists in active repository item tables,SQL_MODIFIERS,sql/item_mods.sql:11886;sql/item_mods.sql:11887;sql/item_mods.sql:11888,,,,melee reaction -> battleutils::HandleSpikesDamage -> HandleSpikesEquip,EQUIPMENT_SPIKES,ICE_DAMAGE,25,,,,N/A,N/A,,,NONE_OR_HANDLER_SPECIFIC,,N/A,20,,,HANDLER_SPECIFIC,HANDLER_SPECIFIC,HANDLER_SPECIFIC,FAMILY_DEFAULT_OR_SCRIPT_RETURN,NONE_RECORDED,GetScaledItemModifier returns zero for unsupported synced mods,CXX_EQUIPMENT_SPIKES,YES,,,HIGH_FRAMEWORK_LOW_RETAIL_NUMERICS,VERIFY_LIVE,equipment auto-spikes retail formula
12317,flame_shield,58,SUB,EQUIPMENT,ERA_UNRESOLVED,No introduction-era metadata exists in active repository item tables,SQL_MODIFIERS,sql/item_mods.sql:11935;sql/item_mods.sql:11936;sql/item_mods.sql:11937,,,,melee reaction -> battleutils::HandleSpikesDamage -> HandleSpikesEquip,EQUIPMENT_SPIKES,FIRE_DAMAGE,20,,,,N/A,N/A,,,NONE_OR_HANDLER_SPECIFIC,,N/A,20,,,HANDLER_SPECIFIC,HANDLER_SPECIFIC,HANDLER_SPECIFIC,FAMILY_DEFAULT_OR_SCRIPT_RETURN,NONE_RECORDED,GetScaledItemModifier returns zero for unsupported synced mods,CXX_EQUIPMENT_SPIKES,YES,,,HIGH_FRAMEWORK_LOW_RETAIL_NUMERICS,VERIFY_LIVE,equipment auto-spikes retail formula
12357,ice_shield_+1,72,SUB,EQUIPMENT,ERA_UNRESOLVED,No introduction-era metadata exists in active repository item tables,SQL_MODIFIERS,sql/item_mods.sql:12107;sql/item_mods.sql:12108;sql/item_mods.sql:12109,,,,melee reaction -> battleutils::HandleSpikesDamage -> HandleSpikesEquip,EQUIPMENT_SPIKES,ICE_DAMAGE,30,,,,N/A,N/A,,,NONE_OR_HANDLER_SPECIFIC,,N/A,25,,,HANDLER_SPECIFIC,HANDLER_SPECIFIC,HANDLER_SPECIFIC,FAMILY_DEFAULT_OR_SCRIPT_RETURN,NONE_RECORDED,GetScaledItemModifier returns zero for unsupported synced mods,CXX_EQUIPMENT_SPIKES,YES,,,HIGH_FRAMEWORK_LOW_RETAIL_NUMERICS,VERIFY_LIVE,equipment auto-spikes retail formula
12597,war_aketon,70,BODY,EQUIPMENT,ERA_UNRESOLVED,No introduction-era metadata exists in active repository item tables,SQL_MODIFIERS,sql/item_mods.sql:13259;sql/item_mods.sql:13260;sql/item_mods.sql:13261,,,,melee reaction -> battleutils::HandleSpikesDamage -> HandleSpikesEquip,EQUIPMENT_SPIKES,FIRE_DAMAGE,25,,,,N/A,N/A,,,NONE_OR_HANDLER_SPECIFIC,,N/A,25,,,HANDLER_SPECIFIC,HANDLER_SPECIFIC,HANDLER_SPECIFIC,FAMILY_DEFAULT_OR_SCRIPT_RETURN,NONE_RECORDED,GetScaledItemModifier returns zero for unsupported synced mods,CXX_EQUIPMENT_SPIKES,YES,,,HIGH_FRAMEWORK_LOW_RETAIL_NUMERICS,VERIFY_LIVE,equipment auto-spikes retail formula
12853,war_brais,70,LEGS,EQUIPMENT,ERA_UNRESOLVED,No introduction-era metadata exists in active repository item tables,SQL_MODIFIERS,sql/item_mods.sql:14413;sql/item_mods.sql:14414;sql/item_mods.sql:14415,,,,melee reaction -> battleutils::HandleSpikesDamage -> HandleSpikesEquip,EQUIPMENT_SPIKES,FIRE_DAMAGE,20,,,,N/A,N/A,,,NONE_OR_HANDLER_SPECIFIC,,N/A,15,,,HANDLER_SPECIFIC,HANDLER_SPECIFIC,HANDLER_SPECIFIC,FAMILY_DEFAULT_OR_SCRIPT_RETURN,NONE_RECORDED,GetScaledItemModifier returns zero for unsupported synced mods,CXX_EQUIPMENT_SPIKES,YES,,,HIGH_FRAMEWORK_LOW_RETAIL_NUMERICS,VERIFY_LIVE,equipment auto-spikes retail formula
12880,ogre_trousers,70,LEGS,EQUIPMENT,ERA_UNRESOLVED,No introduction-era metadata exists in active repository item tables,SQL_MODIFIERS,sql/item_mods.sql:14549;sql/item_mods.sql:14550;sql/item_mods.sql:14551,,,,melee reaction -> battleutils::HandleSpikesDamage -> HandleSpikesEquip,EQUIPMENT_SPIKES,ICE_DAMAGE,20,,,,N/A,N/A,,,NONE_OR_HANDLER_SPECIFIC,,N/A,15,,,HANDLER_SPECIFIC,HANDLER_SPECIFIC,HANDLER_SPECIFIC,FAMILY_DEFAULT_OR_SCRIPT_RETURN,NONE_RECORDED,GetScaledItemModifier returns zero for unsupported synced mods,CXX_EQUIPMENT_SPIKES,YES,,,HIGH_FRAMEWORK_LOW_RETAIL_NUMERICS,VERIFY_LIVE,equipment auto-spikes retail formula
12946,suzakus_sune-ate,75,FEET,EQUIPMENT,ERA_UNRESOLVED,No introduction-era metadata exists in active repository item tables,SQL_MODIFIERS,sql/item_mods.sql:14816;sql/item_mods.sql:14817;sql/item_mods.sql:14818,,,,melee reaction -> battleutils::HandleSpikesDamage -> HandleSpikesEquip,EQUIPMENT_SPIKES,FIRE_DAMAGE,20,,,,N/A,N/A,,,NONE_OR_HANDLER_SPECIFIC,,N/A,20,,,HANDLER_SPECIFIC,HANDLER_SPECIFIC,HANDLER_SPECIFIC,FAMILY_DEFAULT_OR_SCRIPT_RETURN,NONE_RECORDED,GetScaledItemModifier returns zero for unsupported synced mods,CXX_EQUIPMENT_SPIKES,YES,,,HIGH_FRAMEWORK_LOW_RETAIL_NUMERICS,VERIFY_LIVE,equipment auto-spikes retail formula
13705,ogre_jerkin,70,BODY,EQUIPMENT,ERA_UNRESOLVED,No introduction-era metadata exists in active repository item tables,SQL_MODIFIERS,sql/item_mods.sql:17964;sql/item_mods.sql:17965;sql/item_mods.sql:17966,,,,melee reaction -> battleutils::HandleSpikesDamage -> HandleSpikesEquip,EQUIPMENT_SPIKES,ICE_DAMAGE,25,,,,N/A,N/A,,,NONE_OR_HANDLER_SPECIFIC,,N/A,20,,,HANDLER_SPECIFIC,HANDLER_SPECIFIC,HANDLER_SPECIFIC,FAMILY_DEFAULT_OR_SCRIPT_RETURN,NONE_RECORDED,GetScaledItemModifier returns zero for unsupported synced mods,CXX_EQUIPMENT_SPIKES,YES,,,HIGH_FRAMEWORK_LOW_RETAIL_NUMERICS,VERIFY_LIVE,equipment auto-spikes retail formula
13771,war_aketon_+1,70,BODY,EQUIPMENT,ERA_UNRESOLVED,No introduction-era metadata exists in active repository item tables,SQL_MODIFIERS,sql/item_mods.sql:18414;sql/item_mods.sql:18415;sql/item_mods.sql:18416,,,,melee reaction -> battleutils::HandleSpikesDamage -> HandleSpikesEquip,EQUIPMENT_SPIKES,FIRE_DAMAGE,30,,,,N/A,N/A,,,NONE_OR_HANDLER_SPECIFIC,,N/A,30,,,HANDLER_SPECIFIC,HANDLER_SPECIFIC,HANDLER_SPECIFIC,FAMILY_DEFAULT_OR_SCRIPT_RETURN,NONE_RECORDED,GetScaledItemModifier returns zero for unsupported synced mods,CXX_EQUIPMENT_SPIKES,YES,,,HIGH_FRAMEWORK_LOW_RETAIL_NUMERICS,VERIFY_LIVE,equipment auto-spikes retail formula
13782,ninja_chainmail,58,BODY,EQUIPMENT,ERA_UNRESOLVED,No introduction-era metadata exists in active repository item tables,SQL_MODIFIERS,sql/item_mods.sql:18525;sql/item_mods.sql:18526;sql/item_mods.sql:18527,,,,melee reaction -> battleutils::HandleSpikesDamage -> HandleSpikesEquip,EQUIPMENT_SPIKES,FIRE_DAMAGE,25,,,,N/A,N/A,,,NONE_OR_HANDLER_SPECIFIC,,N/A,25,,,HANDLER_SPECIFIC,HANDLER_SPECIFIC,HANDLER_SPECIFIC,FAMILY_DEFAULT_OR_SCRIPT_RETURN,NONE_RECORDED,GetScaledItemModifier returns zero for unsupported synced mods,CXX_EQUIPMENT_SPIKES,YES,,,HIGH_FRAMEWORK_LOW_RETAIL_NUMERICS,VERIFY_LIVE,equipment auto-spikes retail formula
13920,wyvern_helm,75,HEAD,EQUIPMENT,ERA_UNRESOLVED,No introduction-era metadata exists in active repository item tables,SQL_MODIFIERS,sql/item_mods.sql:19244;sql/item_mods.sql:19245;sql/item_mods.sql:19246,,,,melee reaction -> battleutils::HandleSpikesDamage -> HandleSpikesEquip,EQUIPMENT_SPIKES,FIRE_DAMAGE,15,,,,N/A,N/A,,,NONE_OR_HANDLER_SPECIFIC,,N/A,20,,,HANDLER_SPECIFIC,HANDLER_SPECIFIC,HANDLER_SPECIFIC,FAMILY_DEFAULT_OR_SCRIPT_RETURN,NONE_RECORDED,GetScaledItemModifier returns zero for unsupported synced mods,CXX_EQUIPMENT_SPIKES,YES,,,HIGH_FRAMEWORK_LOW_RETAIL_NUMERICS,VERIFY_LIVE,equipment auto-spikes retail formula
13921,wyvern_helm_+1,75,HEAD,EQUIPMENT,ERA_UNRESOLVED,No introduction-era metadata exists in active repository item tables,SQL_MODIFIERS,sql/item_mods.sql:19253;sql/item_mods.sql:19254;sql/item_mods.sql:19255,,,,melee reaction -> battleutils::HandleSpikesDamage -> HandleSpikesEquip,EQUIPMENT_SPIKES,FIRE_DAMAGE,20,,,,N/A,N/A,,,NONE_OR_HANDLER_SPECIFIC,,N/A,25,,,HANDLER_SPECIFIC,HANDLER_SPECIFIC,HANDLER_SPECIFIC,FAMILY_DEFAULT_OR_SCRIPT_RETURN,NONE_RECORDED,GetScaledItemModifier returns zero for unsupported synced mods,CXX_EQUIPMENT_SPIKES,YES,,,HIGH_FRAMEWORK_LOW_RETAIL_NUMERICS,VERIFY_LIVE,equipment auto-spikes retail formula
13925,rasetsu_jinpachi,72,HEAD,EQUIPMENT,ERA_UNRESOLVED,No introduction-era metadata exists in active repository item tables,SQL_MODIFIERS,sql/item_mods.sql:19281;sql/item_mods.sql:19282;sql/item_mods.sql:19283,,,,melee reaction -> battleutils::HandleSpikesDamage -> HandleSpikesEquip,EQUIPMENT_SPIKES,FIRE_DAMAGE,15,,,,N/A,N/A,,,NONE_OR_HANDLER_SPECIFIC,,N/A,20,,,HANDLER_SPECIFIC,HANDLER_SPECIFIC,HANDLER_SPECIFIC,FAMILY_DEFAULT_OR_SCRIPT_RETURN,NONE_RECORDED,GetScaledItemModifier returns zero for unsupported synced mods,CXX_EQUIPMENT_SPIKES,YES,,,HIGH_FRAMEWORK_LOW_RETAIL_NUMERICS,VERIFY_LIVE,equipment auto-spikes retail formula
13926,rasetsu_jinpachi_+1,72,HEAD,EQUIPMENT,ERA_UNRESOLVED,No introduction-era metadata exists in active repository item tables,SQL_MODIFIERS,sql/item_mods.sql:19289;sql/item_mods.sql:19290;sql/item_mods.sql:19291,,,,melee reaction -> battleutils::HandleSpikesDamage -> HandleSpikesEquip,EQUIPMENT_SPIKES,FIRE_DAMAGE,20,,,,N/A,N/A,,,NONE_OR_HANDLER_SPECIFIC,,N/A,25,,,HANDLER_SPECIFIC,HANDLER_SPECIFIC,HANDLER_SPECIFIC,FAMILY_DEFAULT_OR_SCRIPT_RETURN,NONE_RECORDED,GetScaledItemModifier returns zero for unsupported synced mods,CXX_EQUIPMENT_SPIKES,YES,,,HIGH_FRAMEWORK_LOW_RETAIL_NUMERICS,VERIFY_LIVE,equipment auto-spikes retail formula
14238,war_brais_+1,70,LEGS,EQUIPMENT,ERA_UNRESOLVED,No introduction-era metadata exists in active repository item tables,SQL_MODIFIERS,sql/item_mods.sql:21065;sql/item_mods.sql:21066;sql/item_mods.sql:21067,,,,melee reaction -> battleutils::HandleSpikesDamage -> HandleSpikesEquip,EQUIPMENT_SPIKES,FIRE_DAMAGE,25,,,,N/A,N/A,,,NONE_OR_HANDLER_SPECIFIC,,N/A,25,,,HANDLER_SPECIFIC,HANDLER_SPECIFIC,HANDLER_SPECIFIC,FAMILY_DEFAULT_OR_SCRIPT_RETURN,NONE_RECORDED,GetScaledItemModifier returns zero for unsupported synced mods,CXX_EQUIPMENT_SPIKES,YES,,,HIGH_FRAMEWORK_LOW_RETAIL_NUMERICS,VERIFY_LIVE,equipment auto-spikes retail formula
14279,ogre_trousers_+1,70,LEGS,EQUIPMENT,ERA_UNRESOLVED,No introduction-era metadata exists in active repository item tables,SQL_MODIFIERS,sql/item_mods.sql:21265;sql/item_mods.sql:21266;sql/item_mods.sql:21267,,,,melee reaction -> battleutils::HandleSpikesDamage -> HandleSpikesEquip,EQUIPMENT_SPIKES,ICE_DAMAGE,25,,,,N/A,N/A,,,NONE_OR_HANDLER_SPECIFIC,,N/A,20,,,HANDLER_SPECIFIC,HANDLER_SPECIFIC,HANDLER_SPECIFIC,FAMILY_DEFAULT_OR_SCRIPT_RETURN,NONE_RECORDED,GetScaledItemModifier returns zero for unsupported synced mods,CXX_EQUIPMENT_SPIKES,YES,,,HIGH_FRAMEWORK_LOW_RETAIL_NUMERICS,VERIFY_LIVE,equipment auto-spikes retail formula
14299,rasetsu_hakama,72,LEGS,EQUIPMENT,ERA_UNRESOLVED,No introduction-era metadata exists in active repository item tables,SQL_MODIFIERS,sql/item_mods.sql:21381;sql/item_mods.sql:21382;sql/item_mods.sql:21383,,,,melee reaction -> battleutils::HandleSpikesDamage -> HandleSpikesEquip,EQUIPMENT_SPIKES,ICE_DAMAGE,20,,,,N/A,N/A,,,NONE_OR_HANDLER_SPECIFIC,,N/A,15,,,HANDLER_SPECIFIC,HANDLER_SPECIFIC,HANDLER_SPECIFIC,FAMILY_DEFAULT_OR_SCRIPT_RETURN,NONE_RECORDED,GetScaledItemModifier returns zero for unsupported synced mods,CXX_EQUIPMENT_SPIKES,YES,,,HIGH_FRAMEWORK_LOW_RETAIL_NUMERICS,VERIFY_LIVE,equipment auto-spikes retail formula
14300,rasetsu_hakama_+1,72,LEGS,EQUIPMENT,ERA_UNRESOLVED,No introduction-era metadata exists in active repository item tables,SQL_MODIFIERS,sql/item_mods.sql:21389;sql/item_mods.sql:21390;sql/item_mods.sql:21391,,,,melee reaction -> battleutils::HandleSpikesDamage -> HandleSpikesEquip,EQUIPMENT_SPIKES,ICE_DAMAGE,25,,,,N/A,N/A,,,NONE_OR_HANDLER_SPECIFIC,,N/A,20,,,HANDLER_SPECIFIC,HANDLER_SPECIFIC,HANDLER_SPECIFIC,FAMILY_DEFAULT_OR_SCRIPT_RETURN,NONE_RECORDED,GetScaledItemModifier returns zero for unsupported synced mods,CXX_EQUIPMENT_SPIKES,YES,,,HIGH_FRAMEWORK_LOW_RETAIL_NUMERICS,VERIFY_LIVE,equipment auto-spikes retail formula
14321,igqira_lappas,73,LEGS,EQUIPMENT,ERA_UNRESOLVED,No introduction-era metadata exists in active repository item tables,SQL_MODIFIERS,sql/item_mods.sql:21537;sql/item_mods.sql:21538;sql/item_mods.sql:21539,,,,melee reaction -> battleutils::HandleSpikesDamage -> HandleSpikesEquip,EQUIPMENT_SPIKES,EARTH_DAMAGE_OR_CURSE_SPIKES,10,,,,N/A,N/A,,,NONE_OR_HANDLER_SPECIFIC,,N/A,0,,,HANDLER_SPECIFIC,HANDLER_SPECIFIC,HANDLER_SPECIFIC,FAMILY_DEFAULT_OR_SCRIPT_RETURN,NONE_RECORDED,GetScaledItemModifier returns zero for unsupported synced mods,CXX_EQUIPMENT_SPIKES,YES,,,HIGH_FRAMEWORK_LOW_RETAIL_NUMERICS,VERIFY_LIVE,equipment auto-spikes retail formula
14322,genie_lappas,73,LEGS,EQUIPMENT,ERA_UNRESOLVED,No introduction-era metadata exists in active repository item tables,SQL_MODIFIERS,sql/item_mods.sql:21545;sql/item_mods.sql:21546;sql/item_mods.sql:21547,,,,melee reaction -> battleutils::HandleSpikesDamage -> HandleSpikesEquip,EQUIPMENT_SPIKES,EARTH_DAMAGE_OR_CURSE_SPIKES,11,,,,N/A,N/A,,,NONE_OR_HANDLER_SPECIFIC,,N/A,0,,,HANDLER_SPECIFIC,HANDLER_SPECIFIC,HANDLER_SPECIFIC,FAMILY_DEFAULT_OR_SCRIPT_RETURN,NONE_RECORDED,GetScaledItemModifier returns zero for unsupported synced mods,CXX_EQUIPMENT_SPIKES,YES,,,HIGH_FRAMEWORK_LOW_RETAIL_NUMERICS,VERIFY_LIVE,equipment auto-spikes retail formula
14366,ogre_jerkin_+1,70,BODY,EQUIPMENT,ERA_UNRESOLVED,No introduction-era metadata exists in active repository item tables,SQL_MODIFIERS,sql/item_mods.sql:21777;sql/item_mods.sql:21778;sql/item_mods.sql:21779,,,,melee reaction -> battleutils::HandleSpikesDamage -> HandleSpikesEquip,EQUIPMENT_SPIKES,ICE_DAMAGE,30,,,,N/A,N/A,,,NONE_OR_HANDLER_SPECIFIC,,N/A,25,,,HANDLER_SPECIFIC,HANDLER_SPECIFIC,HANDLER_SPECIFIC,FAMILY_DEFAULT_OR_SCRIPT_RETURN,NONE_RECORDED,GetScaledItemModifier returns zero for unsupported synced mods,CXX_EQUIPMENT_SPIKES,YES,,,HIGH_FRAMEWORK_LOW_RETAIL_NUMERICS,VERIFY_LIVE,equipment auto-spikes retail formula
14376,rasetsu_samue,72,BODY,EQUIPMENT,ERA_UNRESOLVED,No introduction-era metadata exists in active repository item tables,SQL_MODIFIERS,sql/item_mods.sql:21847;sql/item_mods.sql:21848;sql/item_mods.sql:21849,,,,melee reaction -> battleutils::HandleSpikesDamage -> HandleSpikesEquip,EQUIPMENT_SPIKES,LIGHTNING_DAMAGE,25,,,,N/A,N/A,,,NONE_OR_HANDLER_SPECIFIC,,N/A,15,,,HANDLER_SPECIFIC,HANDLER_SPECIFIC,HANDLER_SPECIFIC,FAMILY_DEFAULT_OR_SCRIPT_RETURN,NONE_RECORDED,GetScaledItemModifier returns zero for unsupported synced mods,CXX_EQUIPMENT_SPIKES,YES,,,HIGH_FRAMEWORK_LOW_RETAIL_NUMERICS,VERIFY_LIVE,equipment auto-spikes retail formula
14377,rasetsu_samue_+1,72,BODY,EQUIPMENT,ERA_UNRESOLVED,No introduction-era metadata exists in active repository item tables,SQL_MODIFIERS,sql/item_mods.sql:21855;sql/item_mods.sql:21856;sql/item_mods.sql:21857,,,,melee reaction -> battleutils::HandleSpikesDamage -> HandleSpikesEquip,EQUIPMENT_SPIKES,LIGHTNING_DAMAGE,30,,,,N/A,N/A,,,NONE_OR_HANDLER_SPECIFIC,,N/A,20,,,HANDLER_SPECIFIC,HANDLER_SPECIFIC,HANDLER_SPECIFIC,FAMILY_DEFAULT_OR_SCRIPT_RETURN,NONE_RECORDED,GetScaledItemModifier returns zero for unsupported synced mods,CXX_EQUIPMENT_SPIKES,YES,,,HIGH_FRAMEWORK_LOW_RETAIL_NUMERICS,VERIFY_LIVE,equipment auto-spikes retail formula
14420,igqira_weskit,73,BODY,EQUIPMENT,ERA_UNRESOLVED,No introduction-era metadata exists in active repository item tables,SQL_MODIFIERS,sql/item_mods.sql:22117;sql/item_mods.sql:22118;sql/item_mods.sql:22119,,,,melee reaction -> battleutils::HandleSpikesDamage -> HandleSpikesEquip,EQUIPMENT_SPIKES,EARTH_DAMAGE_OR_CURSE_SPIKES,15,,,,N/A,N/A,,,NONE_OR_HANDLER_SPECIFIC,,N/A,0,,,HANDLER_SPECIFIC,HANDLER_SPECIFIC,HANDLER_SPECIFIC,FAMILY_DEFAULT_OR_SCRIPT_RETURN,NONE_RECORDED,GetScaledItemModifier returns zero for unsupported synced mods,CXX_EQUIPMENT_SPIKES,YES,,,HIGH_FRAMEWORK_LOW_RETAIL_NUMERICS,VERIFY_LIVE,equipment auto-spikes retail formula
14421,genie_weskit,73,BODY,EQUIPMENT,ERA_UNRESOLVED,No introduction-era metadata exists in active repository item tables,SQL_MODIFIERS,sql/item_mods.sql:22126;sql/item_mods.sql:22127;sql/item_mods.sql:22128,,,,melee reaction -> battleutils::HandleSpikesDamage -> HandleSpikesEquip,EQUIPMENT_SPIKES,EARTH_DAMAGE_OR_CURSE_SPIKES,16,,,,N/A,N/A,,,NONE_OR_HANDLER_SPECIFIC,,N/A,0,,,HANDLER_SPECIFIC,HANDLER_SPECIFIC,HANDLER_SPECIFIC,FAMILY_DEFAULT_OR_SCRIPT_RETURN,NONE_RECORDED,GetScaledItemModifier returns zero for unsupported synced mods,CXX_EQUIPMENT_SPIKES,YES,,,HIGH_FRAMEWORK_LOW_RETAIL_NUMERICS,VERIFY_LIVE,equipment auto-spikes retail formula
14485,ninja_chainmail_+1,74,BODY,EQUIPMENT,ERA_UNRESOLVED,No introduction-era metadata exists in active repository item tables,SQL_MODIFIERS,sql/item_mods.sql:22478;sql/item_mods.sql:22479;sql/item_mods.sql:22480,,,,melee reaction -> battleutils::HandleSpikesDamage -> HandleSpikesEquip,EQUIPMENT_SPIKES,LIGHTNING_DAMAGE,25,,,,N/A,N/A,,,NONE_OR_HANDLER_SPECIFIC,,N/A,25,,,HANDLER_SPECIFIC,HANDLER_SPECIFIC,HANDLER_SPECIFIC,FAMILY_DEFAULT_OR_SCRIPT_RETURN,NONE_RECORDED,GetScaledItemModifier returns zero for unsupported synced mods,CXX_EQUIPMENT_SPIKES,YES,,,HIGH_FRAMEWORK_LOW_RETAIL_NUMERICS,VERIFY_LIVE,equipment auto-spikes retail formula
14852,igqira_manillas,73,HANDS,EQUIPMENT,ERA_UNRESOLVED,No introduction-era metadata exists in active repository item tables,SQL_MODIFIERS,sql/item_mods.sql:24228;sql/item_mods.sql:24229;sql/item_mods.sql:24230,,,,melee reaction -> battleutils::HandleSpikesDamage -> HandleSpikesEquip,EQUIPMENT_SPIKES,EARTH_DAMAGE_OR_CURSE_SPIKES,10,,,,N/A,N/A,,,NONE_OR_HANDLER_SPECIFIC,,N/A,0,,,HANDLER_SPECIFIC,HANDLER_SPECIFIC,HANDLER_SPECIFIC,FAMILY_DEFAULT_OR_SCRIPT_RETURN,NONE_RECORDED,GetScaledItemModifier returns zero for unsupported synced mods,CXX_EQUIPMENT_SPIKES,YES,,,HIGH_FRAMEWORK_LOW_RETAIL_NUMERICS,VERIFY_LIVE,equipment auto-spikes retail formula
14853,genie_manillas,73,HANDS,EQUIPMENT,ERA_UNRESOLVED,No introduction-era metadata exists in active repository item tables,SQL_MODIFIERS,sql/item_mods.sql:24236;sql/item_mods.sql:24237;sql/item_mods.sql:24238,,,,melee reaction -> battleutils::HandleSpikesDamage -> HandleSpikesEquip,EQUIPMENT_SPIKES,EARTH_DAMAGE_OR_CURSE_SPIKES,11,,,,N/A,N/A,,,NONE_OR_HANDLER_SPECIFIC,,N/A,0,,,HANDLER_SPECIFIC,HANDLER_SPECIFIC,HANDLER_SPECIFIC,FAMILY_DEFAULT_OR_SCRIPT_RETURN,NONE_RECORDED,GetScaledItemModifier returns zero for unsupported synced mods,CXX_EQUIPMENT_SPIKES,YES,,,HIGH_FRAMEWORK_LOW_RETAIL_NUMERICS,VERIFY_LIVE,equipment auto-spikes retail formula
14952,ice_gauntlets,52,HANDS,EQUIPMENT,ERA_UNRESOLVED,No introduction-era metadata exists in active repository item tables,SQL_MODIFIERS,sql/item_mods.sql:24846;sql/item_mods.sql:24847;sql/item_mods.sql:24848,,,,melee reaction -> battleutils::HandleSpikesDamage -> HandleSpikesEquip,EQUIPMENT_SPIKES,ICE_DAMAGE,15,,,,N/A,N/A,,,NONE_OR_HANDLER_SPECIFIC,,N/A,15,,,HANDLER_SPECIFIC,HANDLER_SPECIFIC,HANDLER_SPECIFIC,FAMILY_DEFAULT_OR_SCRIPT_RETURN,NONE_RECORDED,GetScaledItemModifier returns zero for unsupported synced mods,CXX_EQUIPMENT_SPIKES,YES,,,HIGH_FRAMEWORK_LOW_RETAIL_NUMERICS,VERIFY_LIVE,equipment auto-spikes retail formula
15042,gothic_gauntlets,43,HANDS,EQUIPMENT,ERA_UNRESOLVED,No introduction-era metadata exists in active repository item tables,SQL_MODIFIERS,sql/item_mods.sql:25391;sql/item_mods.sql:25392;sql/item_mods.sql:25393,,,,melee reaction -> battleutils::HandleSpikesDamage -> HandleSpikesEquip,EQUIPMENT_SPIKES,ICE_DAMAGE,15,,,,N/A,N/A,,,NONE_OR_HANDLER_SPECIFIC,,N/A,15,,,HANDLER_SPECIFIC,HANDLER_SPECIFIC,HANDLER_SPECIFIC,FAMILY_DEFAULT_OR_SCRIPT_RETURN,NONE_RECORDED,GetScaledItemModifier returns zero for unsupported synced mods,CXX_EQUIPMENT_SPIKES,YES,,,HIGH_FRAMEWORK_LOW_RETAIL_NUMERICS,VERIFY_LIVE,equipment auto-spikes retail formula
15159,igqira_tiara,73,HEAD,EQUIPMENT,ERA_UNRESOLVED,No introduction-era metadata exists in active repository item tables,SQL_MODIFIERS,sql/item_mods.sql:26120;sql/item_mods.sql:26121;sql/item_mods.sql:26122,,,,melee reaction -> battleutils::HandleSpikesDamage -> HandleSpikesEquip,EQUIPMENT_SPIKES,EARTH_DAMAGE_OR_CURSE_SPIKES,10,,,,N/A,N/A,,,NONE_OR_HANDLER_SPECIFIC,,N/A,0,,,HANDLER_SPECIFIC,HANDLER_SPECIFIC,HANDLER_SPECIFIC,FAMILY_DEFAULT_OR_SCRIPT_RETURN,NONE_RECORDED,GetScaledItemModifier returns zero for unsupported synced mods,CXX_EQUIPMENT_SPIKES,YES,,,HIGH_FRAMEWORK_LOW_RETAIL_NUMERICS,VERIFY_LIVE,equipment auto-spikes retail formula
15160,genie_tiara,73,HEAD,EQUIPMENT,ERA_UNRESOLVED,No introduction-era metadata exists in active repository item tables,SQL_MODIFIERS,sql/item_mods.sql:26128;sql/item_mods.sql:26129;sql/item_mods.sql:26130,,,,melee reaction -> battleutils::HandleSpikesDamage -> HandleSpikesEquip,EQUIPMENT_SPIKES,EARTH_DAMAGE_OR_CURSE_SPIKES,11,,,,N/A,N/A,,,NONE_OR_HANDLER_SPECIFIC,,N/A,0,,,HANDLER_SPECIFIC,HANDLER_SPECIFIC,HANDLER_SPECIFIC,FAMILY_DEFAULT_OR_SCRIPT_RETURN,NONE_RECORDED,GetScaledItemModifier returns zero for unsupported synced mods,CXX_EQUIPMENT_SPIKES,YES,,,HIGH_FRAMEWORK_LOW_RETAIL_NUMERICS,VERIFY_LIVE,equipment auto-spikes retail formula
16125,breeder_mask,70,HEAD,EQUIPMENT,ERA_UNRESOLVED,No introduction-era metadata exists in active repository item tables,SQL_MODIFIERS,sql/item_mods.sql:30654;sql/item_mods.sql:30655;sql/item_mods.sql:30656,,,,melee reaction -> battleutils::HandleSpikesDamage -> HandleSpikesEquip,EQUIPMENT_SPIKES,FIRE_DAMAGE,15,,,,N/A,N/A,,,NONE_OR_HANDLER_SPECIFIC,,N/A,20,,,HANDLER_SPECIFIC,HANDLER_SPECIFIC,HANDLER_SPECIFIC,FAMILY_DEFAULT_OR_SCRIPT_RETURN,NONE_RECORDED,GetScaledItemModifier returns zero for unsupported synced mods,CXX_EQUIPMENT_SPIKES,YES,,,HIGH_FRAMEWORK_LOW_RETAIL_NUMERICS,VERIFY_LIVE,equipment auto-spikes retail formula
16169,caballero_shield,70,SUB,EQUIPMENT,ERA_UNRESOLVED,No introduction-era metadata exists in active repository item tables,SQL_MODIFIERS,sql/item_mods.sql:30891;sql/item_mods.sql:30892;sql/item_mods.sql:30893,,,,melee reaction -> battleutils::HandleSpikesDamage -> HandleSpikesEquip,EQUIPMENT_SPIKES,FIRE_DAMAGE,25,,,,N/A,N/A,,,NONE_OR_HANDLER_SPECIFIC,,N/A,28,,,HANDLER_SPECIFIC,HANDLER_SPECIFIC,HANDLER_SPECIFIC,FAMILY_DEFAULT_OR_SCRIPT_RETURN,NONE_RECORDED,GetScaledItemModifier returns zero for unsupported synced mods,CXX_EQUIPMENT_SPIKES,YES,,,HIGH_FRAMEWORK_LOW_RETAIL_NUMERICS,VERIFY_LIVE,equipment auto-spikes retail formula
16201,genesis_shield,88,SUB,EQUIPMENT,ERA_UNRESOLVED,No introduction-era metadata exists in active repository item tables,SQL_MODIFIERS,sql/item_mods.sql:31044;sql/item_mods.sql:31045;sql/item_mods.sql:31046,,,,melee reaction -> battleutils::HandleSpikesDamage -> HandleSpikesEquip,EQUIPMENT_SPIKES,EARTH_DAMAGE_OR_CURSE_SPIKES,20,,,,N/A,N/A,,,NONE_OR_HANDLER_SPECIFIC,,N/A,0,,,HANDLER_SPECIFIC,HANDLER_SPECIFIC,HANDLER_SPECIFIC,FAMILY_DEFAULT_OR_SCRIPT_RETURN,NONE_RECORDED,GetScaledItemModifier returns zero for unsupported synced mods,CXX_EQUIPMENT_SPIKES,YES,,,HIGH_FRAMEWORK_LOW_RETAIL_NUMERICS,VERIFY_LIVE,equipment auto-spikes retail formula
16387,poison_cesti,27,MAIN,HAND_TO_HAND,ERA_UNRESOLVED,No introduction-era metadata exists in active repository item tables,SQL_MODIFIERS,sql/item_mods.sql:31917;sql/item_mods.sql:31918;sql/item_mods.sql:31919;sql/item_mods.sql:31920;sql/item_mods.sql:31921;sql/item_mods.sql:31922,,,,melee HandleEnspell or ranged OnRangedAttack -> luautils::additionalEffectAttack -> xi.additionalEffect.attack,DEBUFF,POISON_OR_TP_DRAIN,10,,,,LEGACY_A_RANK,LEGACY_INT_DEFAULT,,,STATUS_MAGIC_TIER,,WEAPON_DMGTYPE_4,,30,POISON,STATUS_HELPERS,HANDLER_SPECIFIC,HANDLER_SPECIFIC,FAMILY_DEFAULT_OR_SCRIPT_RETURN,NONE_RECORDED,BLOCKED_WHEN_ITEM_LEVEL_EXCEEDS_MAIN_LEVEL,GLOBAL_ADDITIONAL_EFFECT,YES,,,HIGH_FRAMEWORK_LOW_RETAIL_NUMERICS,ERA_UNRESOLVED,item-specific retail numerics
16398,burning_cesti,12,MAIN,HAND_TO_HAND,ERA_UNRESOLVED,No introduction-era metadata exists in active repository item tables,SQL_MODIFIERS,sql/item_mods.sql:31961;sql/item_mods.sql:31962;sql/item_mods.sql:31963;sql/item_mods.sql:31964;sql/item_mods.sql:31965,,,,melee HandleEnspell or ranged OnRangedAttack -> luautils::additionalEffectAttack -> xi.additionalEffect.attack,DAMAGE,FIRE_DAMAGE,5,,,,LEGACY_ADDITIONAL_EFFECT_MAGIC_ACCURACY,NO_DSTAT_CONFIGURED,,,MAGICAL_DAMAGE_TIER_OR_LEGACY_HANDLER,FIRE,ELEMENTAL_LEGACY,10,,,HANDLER_SPECIFIC,DAMAGE_PROFILE_SINGLE_PASS,DAMAGE_PROFILE_SINGLE_PASS,FAMILY_DEFAULT_OR_SCRIPT_RETURN,NONE_RECORDED,BLOCKED_WHEN_ITEM_LEVEL_EXCEEDS_MAIN_LEVEL,GLOBAL_ADDITIONAL_EFFECT,YES,,,HIGH_FRAMEWORK_LOW_RETAIL_NUMERICS,ERA_UNRESOLVED,item-specific retail numerics
16403,poison_katars,38,MAIN,HAND_TO_HAND,ERA_UNRESOLVED,No introduction-era metadata exists in active repository item tables,SQL_MODIFIERS,sql/item_mods.sql:31968;sql/item_mods.sql:31969;sql/item_mods.sql:31970;sql/item_mods.sql:31971;sql/item_mods.sql:31972;sql/item_mods.sql:31973,,,,melee HandleEnspell or ranged OnRangedAttack -> luautils::additionalEffectAttack -> xi.additionalEffect.attack,DEBUFF,POISON_OR_TP_DRAIN,10,,,,LEGACY_A_RANK,LEGACY_INT_DEFAULT,,,STATUS_MAGIC_TIER,,WEAPON_DMGTYPE_4,,30,POISON,STATUS_HELPERS,HANDLER_SPECIFIC,HANDLER_SPECIFIC,FAMILY_DEFAULT_OR_SCRIPT_RETURN,NONE_RECORDED,BLOCKED_WHEN_ITEM_LEVEL_EXCEEDS_MAIN_LEVEL,GLOBAL_ADDITIONAL_EFFECT,YES,,,HIGH_FRAMEWORK_LOW_RETAIL_NUMERICS,ERA_UNRESOLVED,item-specific retail numerics
16404,venom_katars,63,MAIN,HAND_TO_HAND,ERA_UNRESOLVED,No introduction-era metadata exists in active repository item tables,SQL_MODIFIERS,sql/item_mods.sql:31976;sql/item_mods.sql:31977;sql/item_mods.sql:31978;sql/item_mods.sql:31979;sql/item_mods.sql:31980;sql/item_mods.sql:31981,,,,melee HandleEnspell or ranged OnRangedAttack -> luautils::additionalEffectAttack -> xi.additionalEffect.attack,DEBUFF,POISON_OR_TP_DRAIN,10,,,,LEGACY_A_RANK,LEGACY_INT_DEFAULT,,,STATUS_MAGIC_TIER,,WEAPON_DMGTYPE_4,,30,POISON,STATUS_HELPERS,HANDLER_SPECIFIC,HANDLER_SPECIFIC,FAMILY_DEFAULT_OR_SCRIPT_RETURN,NONE_RECORDED,BLOCKED_WHEN_ITEM_LEVEL_EXCEEDS_MAIN_LEVEL,GLOBAL_ADDITIONAL_EFFECT,YES,,,HIGH_FRAMEWORK_LOW_RETAIL_NUMERICS,ERA_UNRESOLVED,item-specific retail numerics
16410,poison_baghnakhs,33,MAIN,HAND_TO_HAND,ERA_UNRESOLVED,No introduction-era metadata exists in active repository item tables,SQL_MODIFIERS,sql/item_mods.sql:31984;sql/item_mods.sql:31985;sql/item_mods.sql:31986;sql/item_mods.sql:31987;sql/item_mods.sql:31988;sql/item_mods.sql:31989,,,,melee HandleEnspell or ranged OnRangedAttack -> luautils::additionalEffectAttack -> xi.additionalEffect.attack,DEBUFF,POISON_OR_TP_DRAIN,10,,,,LEGACY_A_RANK,LEGACY_INT_DEFAULT,,,STATUS_MAGIC_TIER,,WEAPON_DMGTYPE_4,,30,POISON,STATUS_HELPERS,HANDLER_SPECIFIC,HANDLER_SPECIFIC,FAMILY_DEFAULT_OR_SCRIPT_RETURN,NONE_RECORDED,BLOCKED_WHEN_ITEM_LEVEL_EXCEEDS_MAIN_LEVEL,GLOBAL_ADDITIONAL_EFFECT,YES,,,HIGH_FRAMEWORK_LOW_RETAIL_NUMERICS,ERA_UNRESOLVED,item-specific retail numerics
16417,poison_claws,36,MAIN,HAND_TO_HAND,ERA_UNRESOLVED,No introduction-era metadata exists in active repository item tables,SQL_MODIFIERS,sql/item_mods.sql:31995;sql/item_mods.sql:31996;sql/item_mods.sql:31997;sql/item_mods.sql:31998;sql/item_mods.sql:31999;sql/item_mods.sql:32000,,,,melee HandleEnspell or ranged OnRangedAttack -> luautils::additionalEffectAttack -> xi.additionalEffect.attack,DEBUFF,POISON_OR_TP_DRAIN,10,,,,LEGACY_A_RANK,LEGACY_INT_DEFAULT,,,STATUS_MAGIC_TIER,,WEAPON_DMGTYPE_4,,30,POISON,STATUS_HELPERS,HANDLER_SPECIFIC,HANDLER_SPECIFIC,FAMILY_DEFAULT_OR_SCRIPT_RETURN,NONE_RECORDED,BLOCKED_WHEN_ITEM_LEVEL_EXCEEDS_MAIN_LEVEL,GLOBAL_ADDITIONAL_EFFECT,YES,,,HIGH_FRAMEWORK_LOW_RETAIL_NUMERICS,ERA_UNRESOLVED,item-specific retail numerics
16418,venom_claws,57,MAIN,HAND_TO_HAND,ERA_UNRESOLVED,No introduction-era metadata exists in active repository item tables,SQL_MODIFIERS,sql/item_mods.sql:32003;sql/item_mods.sql:32004;sql/item_mods.sql:32005;sql/item_mods.sql:32006;sql/item_mods.sql:32007;sql/item_mods.sql:32008,,,,melee HandleEnspell or ranged OnRangedAttack -> luautils::additionalEffectAttack -> xi.additionalEffect.attack,DEBUFF,POISON_OR_TP_DRAIN,10,,,,LEGACY_A_RANK,LEGACY_INT_DEFAULT,,,STATUS_MAGIC_TIER,,WEAPON_DMGTYPE_4,,30,POISON,STATUS_HELPERS,HANDLER_SPECIFIC,HANDLER_SPECIFIC,FAMILY_DEFAULT_OR_SCRIPT_RETURN,NONE_RECORDED,BLOCKED_WHEN_ITEM_LEVEL_EXCEEDS_MAIN_LEVEL,GLOBAL_ADDITIONAL_EFFECT,YES,,,HIGH_FRAMEWORK_LOW_RETAIL_NUMERICS,ERA_UNRESOLVED,item-specific retail numerics
16425,venom_claws_+1,57,MAIN,HAND_TO_HAND,ERA_UNRESOLVED,No introduction-era metadata exists in active repository item tables,SQL_MODIFIERS,sql/item_mods.sql:32014;sql/item_mods.sql:32015;sql/item_mods.sql:32016;sql/item_mods.sql:32017;sql/item_mods.sql:32018;sql/item_mods.sql:32019,,,,melee HandleEnspell or ranged OnRangedAttack -> luautils::additionalEffectAttack -> xi.additionalEffect.attack,DEBUFF,POISON_OR_TP_DRAIN,10,,,,LEGACY_A_RANK,LEGACY_INT_DEFAULT,,,STATUS_MAGIC_TIER,,WEAPON_DMGTYPE_4,,30,POISON,STATUS_HELPERS,HANDLER_SPECIFIC,HANDLER_SPECIFIC,FAMILY_DEFAULT_OR_SCRIPT_RETURN,NONE_RECORDED,BLOCKED_WHEN_ITEM_LEVEL_EXCEEDS_MAIN_LEVEL,GLOBAL_ADDITIONAL_EFFECT,YES,,,HIGH_FRAMEWORK_LOW_RETAIL_NUMERICS,ERA_UNRESOLVED,item-specific retail numerics
16429,silence_baghnakhs,19,MAIN,HAND_TO_HAND,ERA_UNRESOLVED,No introduction-era metadata exists in active repository item tables,SQL_MODIFIERS,sql/item_mods.sql:32033;sql/item_mods.sql:32034;sql/item_mods.sql:32035;sql/item_mods.sql:32036;sql/item_mods.sql:32037;sql/item_mods.sql:32038,,,,melee HandleEnspell or ranged OnRangedAttack -> luautils::additionalEffectAttack -> xi.additionalEffect.attack,DEBUFF,SILENCE,10,,,,LEGACY_A_RANK,LEGACY_INT_DEFAULT,,,STATUS_MAGIC_TIER,,WEAPON_DMGTYPE_4,,30,SILENCE,STATUS_HELPERS,HANDLER_SPECIFIC,HANDLER_SPECIFIC,FAMILY_DEFAULT_OR_SCRIPT_RETURN,NONE_RECORDED,BLOCKED_WHEN_ITEM_LEVEL_EXCEEDS_MAIN_LEVEL,GLOBAL_ADDITIONAL_EFFECT,YES,,,HIGH_FRAMEWORK_LOW_RETAIL_NUMERICS,ERA_UNRESOLVED,item-specific retail numerics
16430,acid_claws,41,MAIN,HAND_TO_HAND,ERA_UNRESOLVED,No introduction-era metadata exists in active repository item tables,SQL_MODIFIERS,sql/item_mods.sql:32041;sql/item_mods.sql:32042;sql/item_mods.sql:32043;sql/item_mods.sql:32044;sql/item_mods.sql:32045;sql/item_mods.sql:32046,,,,melee HandleEnspell or ranged OnRangedAttack -> luautils::additionalEffectAttack -> xi.additionalEffect.attack,DEBUFF,DEFENSE_OR_EVASION_OR_ATTACK_DOWN_OR_SLOW,10,,,,LEGACY_A_RANK,LEGACY_INT_DEFAULT,,,STATUS_MAGIC_TIER,,WEAPON_DMGTYPE_4,,60,DEFENSE_DOWN,STATUS_HELPERS,HANDLER_SPECIFIC,HANDLER_SPECIFIC,FAMILY_DEFAULT_OR_SCRIPT_RETURN,NONE_RECORDED,BLOCKED_WHEN_ITEM_LEVEL_EXCEEDS_MAIN_LEVEL,GLOBAL_ADDITIONAL_EFFECT,YES,,,HIGH_FRAMEWORK_LOW_RETAIL_NUMERICS,ERA_UNRESOLVED,item-specific retail numerics
16431,stun_claws,62,MAIN,HAND_TO_HAND,ERA_UNRESOLVED,No introduction-era metadata exists in active repository item tables,SQL_MODIFIERS,sql/item_mods.sql:32049;sql/item_mods.sql:32050;sql/item_mods.sql:32051;sql/item_mods.sql:32052;sql/item_mods.sql:32053;sql/item_mods.sql:32054,,,,melee HandleEnspell or ranged OnRangedAttack -> luautils::additionalEffectAttack -> xi.additionalEffect.attack,DEBUFF,STUN,10,,,,LEGACY_A_RANK,LEGACY_INT_DEFAULT,,,STATUS_MAGIC_TIER,,WEAPON_DMGTYPE_4,,5,STUN,STATUS_HELPERS,HANDLER_SPECIFIC,HANDLER_SPECIFIC,FAMILY_DEFAULT_OR_SCRIPT_RETURN,NONE_RECORDED,BLOCKED_WHEN_ITEM_LEVEL_EXCEEDS_MAIN_LEVEL,GLOBAL_ADDITIONAL_EFFECT,YES,,,HIGH_FRAMEWORK_LOW_RETAIL_NUMERICS,ERA_UNRESOLVED,item-specific retail numerics
16432,stun_jamadhars,66,MAIN,HAND_TO_HAND,ERA_UNRESOLVED,No introduction-era metadata exists in active repository item tables,SQL_MODIFIERS,sql/item_mods.sql:32057;sql/item_mods.sql:32058;sql/item_mods.sql:32059;sql/item_mods.sql:32060;sql/item_mods.sql:32061;sql/item_mods.sql:32062,,,,melee HandleEnspell or ranged OnRangedAttack -> luautils::additionalEffectAttack -> xi.additionalEffect.attack,DEBUFF,STUN,10,,,,LEGACY_A_RANK,LEGACY_INT_DEFAULT,,,STATUS_MAGIC_TIER,,WEAPON_DMGTYPE_4,,5,STUN,STATUS_HELPERS,HANDLER_SPECIFIC,HANDLER_SPECIFIC,FAMILY_DEFAULT_OR_SCRIPT_RETURN,NONE_RECORDED,BLOCKED_WHEN_ITEM_LEVEL_EXCEEDS_MAIN_LEVEL,GLOBAL_ADDITIONAL_EFFECT,YES,,,HIGH_FRAMEWORK_LOW_RETAIL_NUMERICS,ERA_UNRESOLVED,item-specific retail numerics
16434,sonic_knuckles,22,MAIN,HAND_TO_HAND,ERA_UNRESOLVED,No introduction-era metadata exists in active repository item tables,SQL_MODIFIERS,sql/item_mods.sql:32070;sql/item_mods.sql:32071;sql/item_mods.sql:32072;sql/item_mods.sql:32073;sql/item_mods.sql:32074,,,,melee HandleEnspell or ranged OnRangedAttack -> luautils::additionalEffectAttack -> xi.additionalEffect.attack,DAMAGE,WIND_DAMAGE,10,,,,LEGACY_ADDITIONAL_EFFECT_MAGIC_ACCURACY,NO_DSTAT_CONFIGURED,,,MAGICAL_DAMAGE_TIER_OR_LEGACY_HANDLER,WIND,ELEMENTAL_LEGACY,15,,,HANDLER_SPECIFIC,DAMAGE_PROFILE_SINGLE_PASS,DAMAGE_PROFILE_SINGLE_PASS,FAMILY_DEFAULT_OR_SCRIPT_RETURN,NONE_RECORDED,BLOCKED_WHEN_ITEM_LEVEL_EXCEEDS_MAIN_LEVEL,GLOBAL_ADDITIONAL_EFFECT,YES,,,HIGH_FRAMEWORK_LOW_RETAIL_NUMERICS,ERA_UNRESOLVED,item-specific retail numerics
16438,silence_baghnakhs_+1,19,MAIN,HAND_TO_HAND,ERA_UNRESOLVED,No introduction-era metadata exists in active repository item tables,SQL_MODIFIERS,sql/item_mods.sql:32080;sql/item_mods.sql:32081;sql/item_mods.sql:32082;sql/item_mods.sql:32083;sql/item_mods.sql:32084;sql/item_mods.sql:32085,,,,melee HandleEnspell or ranged OnRangedAttack -> luautils::additionalEffectAttack -> xi.additionalEffect.attack,DEBUFF,SILENCE,15,,,,LEGACY_A_RANK,LEGACY_INT_DEFAULT,,,STATUS_MAGIC_TIER,,WEAPON_DMGTYPE_4,,30,SILENCE,STATUS_HELPERS,HANDLER_SPECIFIC,HANDLER_SPECIFIC,FAMILY_DEFAULT_OR_SCRIPT_RETURN,NONE_RECORDED,BLOCKED_WHEN_ITEM_LEVEL_EXCEEDS_MAIN_LEVEL,GLOBAL_ADDITIONAL_EFFECT,YES,,,HIGH_FRAMEWORK_LOW_RETAIL_NUMERICS,ERA_UNRESOLVED,item-specific retail numerics
16439,poison_claws_+1,36,MAIN,HAND_TO_HAND,ERA_UNRESOLVED,No introduction-era metadata exists in active repository item tables,SQL_MODIFIERS,sql/item_mods.sql:32088;sql/item_mods.sql:32089;sql/item_mods.sql:32090;sql/item_mods.sql:32091;sql/item_mods.sql:32092;sql/item_mods.sql:32093,,,,melee HandleEnspell or ranged OnRangedAttack -> luautils::additionalEffectAttack -> xi.additionalEffect.attack,DEBUFF,POISON_OR_TP_DRAIN,15,,,,LEGACY_A_RANK,LEGACY_INT_DEFAULT,,,STATUS_MAGIC_TIER,,WEAPON_DMGTYPE_4,,30,POISON,STATUS_HELPERS,HANDLER_SPECIFIC,HANDLER_SPECIFIC,FAMILY_DEFAULT_OR_SCRIPT_RETURN,NONE_RECORDED,BLOCKED_WHEN_ITEM_LEVEL_EXCEEDS_MAIN_LEVEL,GLOBAL_ADDITIONAL_EFFECT,YES,,,HIGH_FRAMEWORK_LOW_RETAIL_NUMERICS,ERA_UNRESOLVED,item-specific retail numerics
16454,blind_dagger,7,MAIN|SUB,DAGGER,ERA_UNRESOLVED,No introduction-era metadata exists in active repository item tables,SQL_MODIFIERS,sql/item_mods.sql:32115;sql/item_mods.sql:32116;sql/item_mods.sql:32117;sql/item_mods.sql:32118;sql/item_mods.sql:32119;sql/item_mods.sql:32120,,,,melee HandleEnspell or ranged OnRangedAttack -> luautils::additionalEffectAttack -> xi.additionalEffect.attack,DEBUFF,BLIND,10,,,,LEGACY_A_RANK,LEGACY_INT_DEFAULT,,,STATUS_MAGIC_TIER,,WEAPON_DMGTYPE_1,,30,BLINDNESS,STATUS_HELPERS,HANDLER_SPECIFIC,HANDLER_SPECIFIC,FAMILY_DEFAULT_OR_SCRIPT_RETURN,NONE_RECORDED,BLOCKED_WHEN_ITEM_LEVEL_EXCEEDS_MAIN_LEVEL,GLOBAL_ADDITIONAL_EFFECT,YES,,,HIGH_FRAMEWORK_LOW_RETAIL_NUMERICS,ERA_UNRESOLVED,item-specific retail numerics
16458,poison_baselard,20,MAIN|SUB,DAGGER,ERA_UNRESOLVED,No introduction-era metadata exists in active repository item tables,SQL_MODIFIERS,sql/item_mods.sql:32123;sql/item_mods.sql:32124;sql/item_mods.sql:32125;sql/item_mods.sql:32126;sql/item_mods.sql:32127;sql/item_mods.sql:32128,,,,melee HandleEnspell or ranged OnRangedAttack -> luautils::additionalEffectAttack -> xi.additionalEffect.attack,DEBUFF,POISON_OR_TP_DRAIN,10,,,,LEGACY_A_RANK,LEGACY_INT_DEFAULT,,,STATUS_MAGIC_TIER,,WEAPON_DMGTYPE_1,,30,POISON,STATUS_HELPERS,HANDLER_SPECIFIC,HANDLER_SPECIFIC,FAMILY_DEFAULT_OR_SCRIPT_RETURN,NONE_RECORDED,BLOCKED_WHEN_ITEM_LEVEL_EXCEEDS_MAIN_LEVEL,GLOBAL_ADDITIONAL_EFFECT,YES,,,HIGH_FRAMEWORK_LOW_RETAIL_NUMERICS,ERA_UNRESOLVED,item-specific retail numerics
16459,acid_baselard,40,MAIN|SUB,DAGGER,ERA_UNRESOLVED,No introduction-era metadata exists in active repository item tables,SQL_MODIFIERS,sql/item_mods.sql:32131;sql/item_mods.sql:32132;sql/item_mods.sql:32133;sql/item_mods.sql:32134;sql/item_mods.sql:32135;sql/item_mods.sql:32136,,,,melee HandleEnspell or ranged OnRangedAttack -> luautils::additionalEffectAttack -> xi.additionalEffect.attack,DEBUFF,DEFENSE_OR_EVASION_OR_ATTACK_DOWN_OR_SLOW,10,,,,LEGACY_A_RANK,LEGACY_INT_DEFAULT,,,STATUS_MAGIC_TIER,,WEAPON_DMGTYPE_1,,60,DEFENSE_DOWN,STATUS_HELPERS,HANDLER_SPECIFIC,HANDLER_SPECIFIC,FAMILY_DEFAULT_OR_SCRIPT_RETURN,NONE_RECORDED,BLOCKED_WHEN_ITEM_LEVEL_EXCEEDS_MAIN_LEVEL,GLOBAL_ADDITIONAL_EFFECT,YES,,,HIGH_FRAMEWORK_LOW_RETAIL_NUMERICS,ERA_UNRESOLVED,item-specific retail numerics
16471,blind_knife,7,MAIN|SUB,DAGGER,ERA_UNRESOLVED,No introduction-era metadata exists in active repository item tables,SQL_MODIFIERS,sql/item_mods.sql:32151;sql/item_mods.sql:32152;sql/item_mods.sql:32153;sql/item_mods.sql:32154;sql/item_mods.sql:32155;sql/item_mods.sql:32156,,,,melee HandleEnspell or ranged OnRangedAttack -> luautils::additionalEffectAttack -> xi.additionalEffect.attack,DEBUFF,BLIND,10,,,,LEGACY_A_RANK,LEGACY_INT_DEFAULT,,,STATUS_MAGIC_TIER,,WEAPON_DMGTYPE_1,,30,BLINDNESS,STATUS_HELPERS,HANDLER_SPECIFIC,HANDLER_SPECIFIC,FAMILY_DEFAULT_OR_SCRIPT_RETURN,NONE_RECORDED,BLOCKED_WHEN_ITEM_LEVEL_EXCEEDS_MAIN_LEVEL,GLOBAL_ADDITIONAL_EFFECT,YES,,,HIGH_FRAMEWORK_LOW_RETAIL_NUMERICS,ERA_UNRESOLVED,item-specific retail numerics
16472,poison_knife,21,MAIN|SUB,DAGGER,ERA_UNRESOLVED,No introduction-era metadata exists in active repository item tables,SQL_MODIFIERS,sql/item_mods.sql:32159;sql/item_mods.sql:32160;sql/item_mods.sql:32161;sql/item_mods.sql:32162;sql/item_mods.sql:32163;sql/item_mods.sql:32164,,,,melee HandleEnspell or ranged OnRangedAttack -> luautils::additionalEffectAttack -> xi.additionalEffect.attack,DEBUFF,POISON_OR_TP_DRAIN,10,,,,LEGACY_A_RANK,LEGACY_INT_DEFAULT,,,STATUS_MAGIC_TIER,,WEAPON_DMGTYPE_1,,30,POISON,STATUS_HELPERS,HANDLER_SPECIFIC,HANDLER_SPECIFIC,FAMILY_DEFAULT_OR_SCRIPT_RETURN,NONE_RECORDED,BLOCKED_WHEN_ITEM_LEVEL_EXCEEDS_MAIN_LEVEL,GLOBAL_ADDITIONAL_EFFECT,YES,,,HIGH_FRAMEWORK_LOW_RETAIL_NUMERICS,ERA_UNRESOLVED,item-specific retail numerics
16478,poison_kukri,24,MAIN|SUB,DAGGER,ERA_UNRESOLVED,No introduction-era metadata exists in active repository item tables,SQL_MODIFIERS,sql/item_mods.sql:32167;sql/item_mods.sql:32168;sql/item_mods.sql:32169;sql/item_mods.sql:32170;sql/item_mods.sql:32171;sql/item_mods.sql:32172,,,,melee HandleEnspell or ranged OnRangedAttack -> luautils::additionalEffectAttack -> xi.additionalEffect.attack,DEBUFF,POISON_OR_TP_DRAIN,10,,,,LEGACY_A_RANK,LEGACY_INT_DEFAULT,,,STATUS_MAGIC_TIER,,WEAPON_DMGTYPE_1,,30,POISON,STATUS_HELPERS,HANDLER_SPECIFIC,HANDLER_SPECIFIC,FAMILY_DEFAULT_OR_SCRIPT_RETURN,NONE_RECORDED,BLOCKED_WHEN_ITEM_LEVEL_EXCEEDS_MAIN_LEVEL,GLOBAL_ADDITIONAL_EFFECT,YES,,,HIGH_FRAMEWORK_LOW_RETAIL_NUMERICS,ERA_UNRESOLVED,item-specific retail numerics
16479,acid_kukri,34,MAIN|SUB,DAGGER,ERA_UNRESOLVED,No introduction-era metadata exists in active repository item tables,SQL_MODIFIERS,sql/item_mods.sql:32175;sql/item_mods.sql:32176;sql/item_mods.sql:32177;sql/item_mods.sql:32178;sql/item_mods.sql:32179;sql/item_mods.sql:32180,,,,melee HandleEnspell or ranged OnRangedAttack -> luautils::additionalEffectAttack -> xi.additionalEffect.attack,DEBUFF,DEFENSE_OR_EVASION_OR_ATTACK_DOWN_OR_SLOW,10,,,,LEGACY_A_RANK,LEGACY_INT_DEFAULT,,,STATUS_MAGIC_TIER,,WEAPON_DMGTYPE_1,,60,DEFENSE_DOWN,STATUS_HELPERS,HANDLER_SPECIFIC,HANDLER_SPECIFIC,FAMILY_DEFAULT_OR_SCRIPT_RETURN,NONE_RECORDED,BLOCKED_WHEN_ITEM_LEVEL_EXCEEDS_MAIN_LEVEL,GLOBAL_ADDITIONAL_EFFECT,YES,,,HIGH_FRAMEWORK_LOW_RETAIL_NUMERICS,ERA_UNRESOLVED,item-specific retail numerics
16489,poison_kukri_+1,24,MAIN|SUB,DAGGER,ERA_UNRESOLVED,No introduction-era metadata exists in active repository item tables,SQL_MODIFIERS,sql/item_mods.sql:32211;sql/item_mods.sql:32212;sql/item_mods.sql:32213;sql/item_mods.sql:32214;sql/item_mods.sql:32215;sql/item_mods.sql:32216,,,,melee HandleEnspell or ranged OnRangedAttack -> luautils::additionalEffectAttack -> xi.additionalEffect.attack,DEBUFF,POISON_OR_TP_DRAIN,15,,,,LEGACY_A_RANK,LEGACY_INT_DEFAULT,,,STATUS_MAGIC_TIER,,WEAPON_DMGTYPE_1,,30,POISON,STATUS_HELPERS,HANDLER_SPECIFIC,HANDLER_SPECIFIC,FAMILY_DEFAULT_OR_SCRIPT_RETURN,NONE_RECORDED,BLOCKED_WHEN_ITEM_LEVEL_EXCEEDS_MAIN_LEVEL,GLOBAL_ADDITIONAL_EFFECT,YES,,,HIGH_FRAMEWORK_LOW_RETAIL_NUMERICS,ERA_UNRESOLVED,item-specific retail numerics
16490,blind_knife_+1,7,MAIN|SUB,DAGGER,ERA_UNRESOLVED,No introduction-era metadata exists in active repository item tables,SQL_MODIFIERS,sql/item_mods.sql:32219;sql/item_mods.sql:32220;sql/item_mods.sql:32221;sql/item_mods.sql:32222;sql/item_mods.sql:32223;sql/item_mods.sql:32224,,,,melee HandleEnspell or ranged OnRangedAttack -> luautils::additionalEffectAttack -> xi.additionalEffect.attack,DEBUFF,BLIND,10,,,,LEGACY_A_RANK,LEGACY_INT_DEFAULT,,,STATUS_MAGIC_TIER,,WEAPON_DMGTYPE_1,,30,BLINDNESS,STATUS_HELPERS,HANDLER_SPECIFIC,HANDLER_SPECIFIC,FAMILY_DEFAULT_OR_SCRIPT_RETURN,NONE_RECORDED,BLOCKED_WHEN_ITEM_LEVEL_EXCEEDS_MAIN_LEVEL,GLOBAL_ADDITIONAL_EFFECT,YES,,,HIGH_FRAMEWORK_LOW_RETAIL_NUMERICS,ERA_UNRESOLVED,item-specific retail numerics
16493,blind_dagger_+1,7,MAIN|SUB,DAGGER,ERA_UNRESOLVED,No introduction-era metadata exists in active repository item tables,SQL_MODIFIERS,sql/item_mods.sql:32227;sql/item_mods.sql:32228;sql/item_mods.sql:32229;sql/item_mods.sql:32230;sql/item_mods.sql:32231;sql/item_mods.sql:32232,,,,melee HandleEnspell or ranged OnRangedAttack -> luautils::additionalEffectAttack -> xi.additionalEffect.attack,DEBUFF,BLIND,10,,,,LEGACY_A_RANK,LEGACY_INT_DEFAULT,,,STATUS_MAGIC_TIER,,WEAPON_DMGTYPE_1,,30,BLINDNESS,STATUS_HELPERS,HANDLER_SPECIFIC,HANDLER_SPECIFIC,FAMILY_DEFAULT_OR_SCRIPT_RETURN,NONE_RECORDED,BLOCKED_WHEN_ITEM_LEVEL_EXCEEDS_MAIN_LEVEL,GLOBAL_ADDITIONAL_EFFECT,YES,,,HIGH_FRAMEWORK_LOW_RETAIL_NUMERICS,ERA_UNRESOLVED,item-specific retail numerics
16494,corrosive_kukri,34,MAIN|SUB,DAGGER,ERA_UNRESOLVED,No introduction-era metadata exists in active repository item tables,SQL_MODIFIERS,sql/item_mods.sql:32235;sql/item_mods.sql:32236;sql/item_mods.sql:32237;sql/item_mods.sql:32238;sql/item_mods.sql:32239;sql/item_mods.sql:32240,,,,melee HandleEnspell or ranged OnRangedAttack -> luautils::additionalEffectAttack -> xi.additionalEffect.attack,DEBUFF,DEFENSE_OR_EVASION_OR_ATTACK_DOWN_OR_SLOW,15,,,,LEGACY_A_RANK,LEGACY_INT_DEFAULT,,,STATUS_MAGIC_TIER,,WEAPON_DMGTYPE_1,,60,DEFENSE_DOWN,STATUS_HELPERS,HANDLER_SPECIFIC,HANDLER_SPECIFIC,FAMILY_DEFAULT_OR_SCRIPT_RETURN,NONE_RECORDED,BLOCKED_WHEN_ITEM_LEVEL_EXCEEDS_MAIN_LEVEL,GLOBAL_ADDITIONAL_EFFECT,YES,,,HIGH_FRAMEWORK_LOW_RETAIL_NUMERICS,ERA_UNRESOLVED,item-specific retail numerics
16495,silence_dagger,12,MAIN|SUB,DAGGER,ERA_UNRESOLVED,No introduction-era metadata exists in active repository item tables,SQL_MODIFIERS,sql/item_mods.sql:32243;sql/item_mods.sql:32244;sql/item_mods.sql:32245;sql/item_mods.sql:32246;sql/item_mods.sql:32247;sql/item_mods.sql:32248,,,,melee HandleEnspell or ranged OnRangedAttack -> luautils::additionalEffectAttack -> xi.additionalEffect.attack,DEBUFF,SILENCE,10,,,,LEGACY_A_RANK,LEGACY_INT_DEFAULT,,,STATUS_MAGIC_TIER,,WEAPON_DMGTYPE_1,,30,SILENCE,STATUS_HELPERS,HANDLER_SPECIFIC,HANDLER_SPECIFIC,FAMILY_DEFAULT_OR_SCRIPT_RETURN,NONE_RECORDED,BLOCKED_WHEN_ITEM_LEVEL_EXCEEDS_MAIN_LEVEL,GLOBAL_ADDITIONAL_EFFECT,YES,,,HIGH_FRAMEWORK_LOW_RETAIL_NUMERICS,ERA_UNRESOLVED,item-specific retail numerics
16496,poison_dagger,20,MAIN|SUB,DAGGER,ERA_UNRESOLVED,No introduction-era metadata exists in active repository item tables,SQL_MODIFIERS,sql/item_mods.sql:32251;sql/item_mods.sql:32252;sql/item_mods.sql:32253;sql/item_mods.sql:32254;sql/item_mods.sql:32255;sql/item_mods.sql:32256,,,,melee HandleEnspell or ranged OnRangedAttack -> luautils::additionalEffectAttack -> xi.additionalEffect.attack,DEBUFF,POISON_OR_TP_DRAIN,10,,,,LEGACY_A_RANK,LEGACY_INT_DEFAULT,,,STATUS_MAGIC_TIER,,WEAPON_DMGTYPE_1,,30,POISON,STATUS_HELPERS,HANDLER_SPECIFIC,HANDLER_SPECIFIC,FAMILY_DEFAULT_OR_SCRIPT_RETURN,NONE_RECORDED,BLOCKED_WHEN_ITEM_LEVEL_EXCEEDS_MAIN_LEVEL,GLOBAL_ADDITIONAL_EFFECT,YES,,,HIGH_FRAMEWORK_LOW_RETAIL_NUMERICS,ERA_UNRESOLVED,item-specific retail numerics
16497,sleep_dagger,30,MAIN|SUB,DAGGER,ERA_UNRESOLVED,No introduction-era metadata exists in active repository item tables,SQL_MODIFIERS,sql/item_mods.sql:32259;sql/item_mods.sql:32260;sql/item_mods.sql:32261;sql/item_mods.sql:32262;sql/item_mods.sql:32263,,,,melee HandleEnspell or ranged OnRangedAttack -> luautils::additionalEffectAttack -> xi.additionalEffect.attack,DEBUFF,SLEEP_OR_MP_DRAIN,10,,,,LEGACY_A_RANK,LEGACY_INT_DEFAULT,,,STATUS_MAGIC_TIER,,WEAPON_DMGTYPE_1,,25,SLEEP_I,STATUS_HELPERS,HANDLER_SPECIFIC,HANDLER_SPECIFIC,FAMILY_DEFAULT_OR_SCRIPT_RETURN,NONE_RECORDED,BLOCKED_WHEN_ITEM_LEVEL_EXCEEDS_MAIN_LEVEL,GLOBAL_ADDITIONAL_EFFECT,YES,,,HIGH_FRAMEWORK_LOW_RETAIL_NUMERICS,ERA_UNRESOLVED,item-specific retail numerics
16499,venom_kris,57,MAIN|SUB,DAGGER,ERA_UNRESOLVED,No introduction-era metadata exists in active repository item tables,SQL_MODIFIERS,sql/item_mods.sql:32271;sql/item_mods.sql:32272;sql/item_mods.sql:32273;sql/item_mods.sql:32274;sql/item_mods.sql:32275;sql/item_mods.sql:32276,,,,melee HandleEnspell or ranged OnRangedAttack -> luautils::additionalEffectAttack -> xi.additionalEffect.attack,DEBUFF,POISON_OR_TP_DRAIN,10,,,,LEGACY_A_RANK,LEGACY_INT_DEFAULT,,,STATUS_MAGIC_TIER,,WEAPON_DMGTYPE_1,,30,POISON,STATUS_HELPERS,HANDLER_SPECIFIC,HANDLER_SPECIFIC,FAMILY_DEFAULT_OR_SCRIPT_RETURN,NONE_RECORDED,BLOCKED_WHEN_ITEM_LEVEL_EXCEEDS_MAIN_LEVEL,GLOBAL_ADDITIONAL_EFFECT,YES,,,HIGH_FRAMEWORK_LOW_RETAIL_NUMERICS,ERA_UNRESOLVED,item-specific retail numerics
16501,acid_knife,31,MAIN|SUB,DAGGER,ERA_UNRESOLVED,No introduction-era metadata exists in active repository item tables,SQL_MODIFIERS,sql/item_mods.sql:32285;sql/item_mods.sql:32286;sql/item_mods.sql:32287;sql/item_mods.sql:32288;sql/item_mods.sql:32289;sql/item_mods.sql:32290,,,,melee HandleEnspell or ranged OnRangedAttack -> luautils::additionalEffectAttack -> xi.additionalEffect.attack,DEBUFF,DEFENSE_OR_EVASION_OR_ATTACK_DOWN_OR_SLOW,10,,,,LEGACY_A_RANK,LEGACY_INT_DEFAULT,,,STATUS_MAGIC_TIER,,WEAPON_DMGTYPE_1,,60,DEFENSE_DOWN,STATUS_HELPERS,HANDLER_SPECIFIC,HANDLER_SPECIFIC,FAMILY_DEFAULT_OR_SCRIPT_RETURN,NONE_RECORDED,BLOCKED_WHEN_ITEM_LEVEL_EXCEEDS_MAIN_LEVEL,GLOBAL_ADDITIONAL_EFFECT,YES,,,HIGH_FRAMEWORK_LOW_RETAIL_NUMERICS,ERA_UNRESOLVED,item-specific retail numerics
16502,venom_knife,53,MAIN|SUB,DAGGER,ERA_UNRESOLVED,No introduction-era metadata exists in active repository item tables,SQL_MODIFIERS,sql/item_mods.sql:32293;sql/item_mods.sql:32294;sql/item_mods.sql:32295;sql/item_mods.sql:32296;sql/item_mods.sql:32297;sql/item_mods.sql:32298,,,,melee HandleEnspell or ranged OnRangedAttack -> luautils::additionalEffectAttack -> xi.additionalEffect.attack,DEBUFF,POISON_OR_TP_DRAIN,10,,,,LEGACY_A_RANK,LEGACY_INT_DEFAULT,,,STATUS_MAGIC_TIER,,WEAPON_DMGTYPE_1,,30,POISON,STATUS_HELPERS,HANDLER_SPECIFIC,HANDLER_SPECIFIC,FAMILY_DEFAULT_OR_SCRIPT_RETURN,NONE_RECORDED,BLOCKED_WHEN_ITEM_LEVEL_EXCEEDS_MAIN_LEVEL,GLOBAL_ADDITIONAL_EFFECT,YES,,,HIGH_FRAMEWORK_LOW_RETAIL_NUMERICS,ERA_UNRESOLVED,item-specific retail numerics
16503,stun_knife,65,MAIN|SUB,DAGGER,ERA_UNRESOLVED,No introduction-era metadata exists in active repository item tables,SQL_MODIFIERS,sql/item_mods.sql:32301;sql/item_mods.sql:32302;sql/item_mods.sql:32303;sql/item_mods.sql:32304;sql/item_mods.sql:32305;sql/item_mods.sql:32306,,,,melee HandleEnspell or ranged OnRangedAttack -> luautils::additionalEffectAttack -> xi.additionalEffect.attack,DEBUFF,STUN,10,,,,LEGACY_A_RANK,LEGACY_INT_DEFAULT,,,STATUS_MAGIC_TIER,,WEAPON_DMGTYPE_1,,5,STUN,STATUS_HELPERS,HANDLER_SPECIFIC,HANDLER_SPECIFIC,FAMILY_DEFAULT_OR_SCRIPT_RETURN,NONE_RECORDED,BLOCKED_WHEN_ITEM_LEVEL_EXCEEDS_MAIN_LEVEL,GLOBAL_ADDITIONAL_EFFECT,YES,,,HIGH_FRAMEWORK_LOW_RETAIL_NUMERICS,ERA_UNRESOLVED,item-specific retail numerics
16504,oynos_knife,93,MAIN|SUB,DAGGER,ERA_UNRESOLVED,No introduction-era metadata exists in active repository item tables,SQL_MODIFIERS,sql/item_mods.sql:32310;sql/item_mods.sql:32311;sql/item_mods.sql:32312;sql/item_mods.sql:32313;sql/item_mods.sql:32314;sql/item_mods.sql:32315,,,,melee HandleEnspell or ranged OnRangedAttack -> luautils::additionalEffectAttack -> xi.additionalEffect.attack,SELF_BUFF,SUBEFFECT_23,10,,,,N/A,N/A,,,NONE_OR_HANDLER_SPECIFIC,,WEAPON_DMGTYPE_1,,180,EFFECT_33,HANDLER_SPECIFIC,HANDLER_SPECIFIC,HANDLER_SPECIFIC,FAMILY_DEFAULT_OR_SCRIPT_RETURN,NONE_RECORDED,BLOCKED_WHEN_ITEM_LEVEL_EXCEEDS_MAIN_LEVEL,GLOBAL_ADDITIONAL_EFFECT,YES,,,HIGH_FRAMEWORK_LOW_RETAIL_NUMERICS,VERIFY_LIVE,"self-buff power, duration, tier, and overwrite rules"
16505,venom_kukri,68,MAIN|SUB,DAGGER,ERA_UNRESOLVED,No introduction-era metadata exists in active repository item tables,SQL_MODIFIERS,sql/item_mods.sql:32318;sql/item_mods.sql:32319;sql/item_mods.sql:32320;sql/item_mods.sql:32321;sql/item_mods.sql:32322;sql/item_mods.sql:32323,,,,melee HandleEnspell or ranged OnRangedAttack -> luautils::additionalEffectAttack -> xi.additionalEffect.attack,DEBUFF,POISON_OR_TP_DRAIN,10,,,,LEGACY_A_RANK,LEGACY_INT_DEFAULT,,,STATUS_MAGIC_TIER,,WEAPON_DMGTYPE_1,,30,POISON,STATUS_HELPERS,HANDLER_SPECIFIC,HANDLER_SPECIFIC,FAMILY_DEFAULT_OR_SCRIPT_RETURN,NONE_RECORDED,BLOCKED_WHEN_ITEM_LEVEL_EXCEEDS_MAIN_LEVEL,GLOBAL_ADDITIONAL_EFFECT,YES,,,HIGH_FRAMEWORK_LOW_RETAIL_NUMERICS,ERA_UNRESOLVED,item-specific retail numerics
16506,stun_kukri,69,MAIN|SUB,DAGGER,ERA_UNRESOLVED,No introduction-era metadata exists in active repository item tables,SQL_MODIFIERS,sql/item_mods.sql:32326;sql/item_mods.sql:32327;sql/item_mods.sql:32328;sql/item_mods.sql:32329;sql/item_mods.sql:32330;sql/item_mods.sql:32331,,,,melee HandleEnspell or ranged OnRangedAttack -> luautils::additionalEffectAttack -> xi.additionalEffect.attack,DEBUFF,STUN,10,,,,LEGACY_A_RANK,LEGACY_INT_DEFAULT,,,STATUS_MAGIC_TIER,,WEAPON_DMGTYPE_1,,5,STUN,STATUS_HELPERS,HANDLER_SPECIFIC,HANDLER_SPECIFIC,FAMILY_DEFAULT_OR_SCRIPT_RETURN,NONE_RECORDED,BLOCKED_WHEN_ITEM_LEVEL_EXCEEDS_MAIN_LEVEL,GLOBAL_ADDITIONAL_EFFECT,YES,,,HIGH_FRAMEWORK_LOW_RETAIL_NUMERICS,ERA_UNRESOLVED,item-specific retail numerics
16507,venom_baselard,63,MAIN|SUB,DAGGER,ERA_UNRESOLVED,No introduction-era metadata exists in active repository item tables,SQL_MODIFIERS,sql/item_mods.sql:32334;sql/item_mods.sql:32335;sql/item_mods.sql:32336;sql/item_mods.sql:32337;sql/item_mods.sql:32338;sql/item_mods.sql:32339,,,,melee HandleEnspell or ranged OnRangedAttack -> luautils::additionalEffectAttack -> xi.additionalEffect.attack,DEBUFF,POISON_OR_TP_DRAIN,10,,,,LEGACY_A_RANK,LEGACY_INT_DEFAULT,,,STATUS_MAGIC_TIER,,WEAPON_DMGTYPE_1,,30,POISON,STATUS_HELPERS,HANDLER_SPECIFIC,HANDLER_SPECIFIC,FAMILY_DEFAULT_OR_SCRIPT_RETURN,NONE_RECORDED,BLOCKED_WHEN_ITEM_LEVEL_EXCEEDS_MAIN_LEVEL,GLOBAL_ADDITIONAL_EFFECT,YES,,,HIGH_FRAMEWORK_LOW_RETAIL_NUMERICS,ERA_UNRESOLVED,item-specific retail numerics
16508,silence_dagger_+1,12,MAIN|SUB,DAGGER,ERA_UNRESOLVED,No introduction-era metadata exists in active repository item tables,SQL_MODIFIERS,sql/item_mods.sql:32342;sql/item_mods.sql:32343;sql/item_mods.sql:32344;sql/item_mods.sql:32345;sql/item_mods.sql:32346;sql/item_mods.sql:32347,,,,melee HandleEnspell or ranged OnRangedAttack -> luautils::additionalEffectAttack -> xi.additionalEffect.attack,DEBUFF,SILENCE,15,,,,LEGACY_A_RANK,LEGACY_INT_DEFAULT,,,STATUS_MAGIC_TIER,,WEAPON_DMGTYPE_1,,30,SILENCE,STATUS_HELPERS,HANDLER_SPECIFIC,HANDLER_SPECIFIC,FAMILY_DEFAULT_OR_SCRIPT_RETURN,NONE_RECORDED,BLOCKED_WHEN_ITEM_LEVEL_EXCEEDS_MAIN_LEVEL,GLOBAL_ADDITIONAL_EFFECT,YES,,,HIGH_FRAMEWORK_LOW_RETAIL_NUMERICS,ERA_UNRESOLVED,item-specific retail numerics
16509,aspir_knife,12,MAIN|SUB,DAGGER,ERA_UNRESOLVED,Contemporary 2003 community records establish Zilart-era presence but not a precise Vanilla-versus-Zilart introduction,SQL_MODIFIERS+SINGLE_RESOURCE_DRAIN_PROFILE,sql/item_mods.sql:32350;sql/item_mods.sql:32351;sql/item_mods.sql:32352;sql/item_mods.sql:32353;sql/item_mods.sql:32354;scripts/globals/additional_effect_profiles.lua,VZ_SINGLE_RESOURCE_DRAIN,scripts/globals/additional_effect_profiles.lua,IDENTITY=EVIDENCE_BACKED;ERA=ERA_UNRESOLVED;APPLICATION=FRAMEWORK_CORRECT_LEGACY_NUMERICS;NUMERICS_AND_MULTIPLIERS=VERIFY_LIVE,successful melee swing -> HandleEnspell item selection -> luautils::additionalEffectAttack -> xi.additionalEffect.attack -> executeSingleResourceDrain,MP_DRAIN,MP_DRAIN,10,FIXED_PERCENT_SQL_COMPATIBILITY; VERIFY_LIVE,0_SQL_COMPATIBILITY; VERIFY_LIVE,FIXED_3_SQL_COMPATIBILITY; VERIFY_LIVE,NO_EXPLICIT_SKILL_LEGACY_DAMAGE_RESISTANCE; VERIFY_LIVE,NO_GOVERNING_STAT_OR_DSTAT_COMPATIBILITY; VERIFY_LIVE,DISABLED_COMPATIBILITY; VERIFY_LIVE,GENERAL_MAGIC_DAMAGE=ENABLED_VERIFY_LIVE;ELEMENTAL_SDT=ENABLED_VERIFY_LIVE;STAFF=ENABLED_VERIFY_LIVE;AFFINITY=ENABLED_VERIFY_LIVE;DAY_WEATHER=ENABLED_VERIFY_LIVE;PHALANX=ENABLED_VERIFY_LIVE;ONE_FOR_ALL=ENABLED_VERIFY_LIVE;STONESKIN=ENABLED_VERIFY_LIVE;NULLIFICATION=ENABLED_VERIFY_LIVE;ABSORPTION=NEGATIVE_CLAMPED_TO_ZERO_VERIFY_LIVE,LEGACY_MAGICAL_DAMAGE_TIERS_AND_FLOOR; VERIFY_LIVE,DARK_SQL_COMPATIBILITY; VERIFY_LIVE,ELEMENTAL_LEGACY,FIXED_3_SQL_COMPATIBILITY; VERIFY_LIVE,NOT_APPLICABLE,NOT_APPLICABLE,DEAD_AND_UNDEAD_GUARD_BEFORE_AMOUNT_CALCULATION; VERIFY_LIVE,SCOPED_CALCULATOR_SINGLE_PASS; VERIFY_LIVE,NEGATIVE_RESULT_CLAMPED_TO_ZERO; VERIFY_LIVE,ADD_EFFECT_MP_DRAIN; ACTUAL_TARGET_RESOURCE_REMOVED,NONE_RECORDED,BLOCKED_WHEN_ITEM_LEVEL_EXCEEDS_MAIN_LEVEL,GLOBAL_SINGLE_RESOURCE_DRAIN_PROFILE,YES,scripts/tests/systems/combat/item_additional_effects_single_resource_drains.lua;scripts/tests/systems/combat/item_additional_effects_single_resource_drain_profiles.lua,retail_parity/vanilla_zilart/artifacts/VZ-COMBAT-001-single-resource-drains-evidence.md,HIGH_FRAMEWORK_LOW_RETAIL_NUMERICS,VERIFY_LIVE,"proc chance and level correction; fixed versus random amount and scaling; skill, accuracy, governing stat, and dSTAT; Dark element and resistance tiers; nullification, absorption, and undead behavior; attacker-full, target-empty, main/off-hand, Enspell priority, HP-oriented defenses, and exact presentation"
16510,venom_baselard_+1,63,MAIN|SUB,DAGGER,ERA_UNRESOLVED,No introduction-era metadata exists in active repository item tables,SQL_MODIFIERS,sql/item_mods.sql:32357;sql/item_mods.sql:32358;sql/item_mods.sql:32359;sql/item_mods.sql:32360;sql/item_mods.sql:32361;sql/item_mods.sql:32362,,,,melee HandleEnspell or ranged OnRangedAttack -> luautils::additionalEffectAttack -> xi.additionalEffect.attack,DEBUFF,POISON_OR_TP_DRAIN,10,,,,LEGACY_A_RANK,LEGACY_INT_DEFAULT,,,STATUS_MAGIC_TIER,,WEAPON_DMGTYPE_1,,30,POISON,STATUS_HELPERS,HANDLER_SPECIFIC,HANDLER_SPECIFIC,FAMILY_DEFAULT_OR_SCRIPT_RETURN,NONE_RECORDED,BLOCKED_WHEN_ITEM_LEVEL_EXCEEDS_MAIN_LEVEL,GLOBAL_ADDITIONAL_EFFECT,YES,,,HIGH_FRAMEWORK_LOW_RETAIL_NUMERICS,ERA_UNRESOLVED,item-specific retail numerics
16515,colichemarde,65,MAIN|SUB,SWORD,ERA_UNRESOLVED,No introduction-era metadata exists in active repository item tables,SQL_MODIFIERS,sql/item_mods.sql:32365;sql/item_mods.sql:32366;sql/item_mods.sql:32367;sql/item_mods.sql:32368;sql/item_mods.sql:32369,,,,melee HandleEnspell or ranged OnRangedAttack -> luautils::additionalEffectAttack -> xi.additionalEffect.attack,DAMAGE,DARKNESS_DAMAGE_OR_HPMP_DRAIN,10,,,,LEGACY_ADDITIONAL_EFFECT_MAGIC_ACCURACY,NO_DSTAT_CONFIGURED,,,MAGICAL_DAMAGE_TIER_OR_LEGACY_HANDLER,DARK,ELEMENTAL_LEGACY,15,,,HANDLER_SPECIFIC,DAMAGE_PROFILE_SINGLE_PASS,DAMAGE_PROFILE_SINGLE_PASS,FAMILY_DEFAULT_OR_SCRIPT_RETURN,NONE_RECORDED,BLOCKED_WHEN_ITEM_LEVEL_EXCEEDS_MAIN_LEVEL,GLOBAL_ADDITIONAL_EFFECT,YES,,,HIGH_FRAMEWORK_LOW_RETAIL_NUMERICS,ERA_UNRESOLVED,item-specific retail numerics
16522,flame_degen,40,MAIN|SUB,SWORD,ERA_UNRESOLVED,No introduction-era metadata exists in active repository item tables,SQL_MODIFIERS,sql/item_mods.sql:32379;sql/item_mods.sql:32380;sql/item_mods.sql:32381;sql/item_mods.sql:32382;sql/item_mods.sql:32383,,,,melee HandleEnspell or ranged OnRangedAttack -> luautils::additionalEffectAttack -> xi.additionalEffect.attack,DAMAGE,FIRE_DAMAGE,5,,,,LEGACY_ADDITIONAL_EFFECT_MAGIC_ACCURACY,NO_DSTAT_CONFIGURED,,,MAGICAL_DAMAGE_TIER_OR_LEGACY_HANDLER,FIRE,ELEMENTAL_LEGACY,10,,,HANDLER_SPECIFIC,DAMAGE_PROFILE_SINGLE_PASS,DAMAGE_PROFILE_SINGLE_PASS,FAMILY_DEFAULT_OR_SCRIPT_RETURN,NONE_RECORDED,BLOCKED_WHEN_ITEM_LEVEL_EXCEEDS_MAIN_LEVEL,GLOBAL_ADDITIONAL_EFFECT,YES,,,HIGH_FRAMEWORK_LOW_RETAIL_NUMERICS,ERA_UNRESOLVED,item-specific retail numerics
16523,holy_degen,45,MAIN|SUB,SWORD,ERA_UNRESOLVED,No introduction-era metadata exists in active repository item tables,SQL_MODIFIERS,sql/item_mods.sql:32386;sql/item_mods.sql:32387;sql/item_mods.sql:32388;sql/item_mods.sql:32389;sql/item_mods.sql:32390,,,,melee HandleEnspell or ranged OnRangedAttack -> luautils::additionalEffectAttack -> xi.additionalEffect.attack,DAMAGE,LIGHT_DAMAGE,10,,,,LEGACY_ADDITIONAL_EFFECT_MAGIC_ACCURACY,NO_DSTAT_CONFIGURED,,,MAGICAL_DAMAGE_TIER_OR_LEGACY_HANDLER,LIGHT,ELEMENTAL_LEGACY,15,,,HANDLER_SPECIFIC,DAMAGE_PROFILE_SINGLE_PASS,DAMAGE_PROFILE_SINGLE_PASS,FAMILY_DEFAULT_OR_SCRIPT_RETURN,NONE_RECORDED,BLOCKED_WHEN_ITEM_LEVEL_EXCEEDS_MAIN_LEVEL,GLOBAL_ADDITIONAL_EFFECT,YES,,,HIGH_FRAMEWORK_LOW_RETAIL_NUMERICS,ERA_UNRESOLVED,item-specific retail numerics
16525,hornet_fleuret,61,MAIN|SUB,SWORD,ERA_UNRESOLVED,No introduction-era metadata exists in active repository item tables,SQL_MODIFIERS,sql/item_mods.sql:32393;sql/item_mods.sql:32394;sql/item_mods.sql:32395;sql/item_mods.sql:32396;sql/item_mods.sql:32397;sql/item_mods.sql:32398,,,,melee HandleEnspell or ranged OnRangedAttack -> luautils::additionalEffectAttack -> xi.additionalEffect.attack,DEBUFF,POISON_OR_TP_DRAIN,10,,,,LEGACY_A_RANK,LEGACY_INT_DEFAULT,,,STATUS_MAGIC_TIER,,WEAPON_DMGTYPE_1,,30,POISON,STATUS_HELPERS,HANDLER_SPECIFIC,HANDLER_SPECIFIC,FAMILY_DEFAULT_OR_SCRIPT_RETURN,NONE_RECORDED,BLOCKED_WHEN_ITEM_LEVEL_EXCEEDS_MAIN_LEVEL,GLOBAL_ADDITIONAL_EFFECT,YES,,,HIGH_FRAMEWORK_LOW_RETAIL_NUMERICS,ERA_UNRESOLVED,item-specific retail numerics
16528,bloody_rapier,55,MAIN|SUB,SWORD,VANILLA,Contemporary 2003 rare-weapon record predating the North American release identifies Bloody Rapier and HP drain,SQL_MODIFIERS+SINGLE_RESOURCE_DRAIN_PROFILE,sql/item_mods.sql:32404;sql/item_mods.sql:32405;sql/item_mods.sql:32406;sql/item_mods.sql:32407;sql/item_mods.sql:32408;scripts/globals/additional_effect_profiles.lua,VZ_SINGLE_RESOURCE_DRAIN,scripts/globals/additional_effect_profiles.lua,IDENTITY=EVIDENCE_BACKED;ERA=EVIDENCE_BACKED;APPLICATION=FRAMEWORK_CORRECT_LEGACY_NUMERICS;NUMERICS_AND_MULTIPLIERS=VERIFY_LIVE,successful melee swing -> HandleEnspell item selection -> luautils::additionalEffectAttack -> xi.additionalEffect.attack -> executeSingleResourceDrain,HP_DRAIN,HP_DRAIN,5,FIXED_PERCENT_SQL_COMPATIBILITY; VERIFY_LIVE,0_SQL_COMPATIBILITY; VERIFY_LIVE,FIXED_10_SQL_COMPATIBILITY; VERIFY_LIVE,NO_EXPLICIT_SKILL_LEGACY_DAMAGE_RESISTANCE; VERIFY_LIVE,NO_GOVERNING_STAT_OR_DSTAT_COMPATIBILITY; VERIFY_LIVE,DISABLED_COMPATIBILITY; VERIFY_LIVE,GENERAL_MAGIC_DAMAGE=ENABLED_VERIFY_LIVE;ELEMENTAL_SDT=ENABLED_VERIFY_LIVE;STAFF=ENABLED_VERIFY_LIVE;AFFINITY=ENABLED_VERIFY_LIVE;DAY_WEATHER=ENABLED_VERIFY_LIVE;PHALANX=ENABLED_VERIFY_LIVE;ONE_FOR_ALL=ENABLED_VERIFY_LIVE;STONESKIN=ENABLED_VERIFY_LIVE;NULLIFICATION=ENABLED_VERIFY_LIVE;ABSORPTION=NEGATIVE_CLAMPED_TO_ZERO_VERIFY_LIVE,LEGACY_MAGICAL_DAMAGE_TIERS_AND_FLOOR; VERIFY_LIVE,DARK_SQL_COMPATIBILITY; VERIFY_LIVE,ELEMENTAL_LEGACY,FIXED_10_SQL_COMPATIBILITY; VERIFY_LIVE,NOT_APPLICABLE,NOT_APPLICABLE,DEAD_AND_UNDEAD_GUARD_BEFORE_AMOUNT_CALCULATION; VERIFY_LIVE,SCOPED_CALCULATOR_SINGLE_PASS; VERIFY_LIVE,NEGATIVE_RESULT_CLAMPED_TO_ZERO; VERIFY_LIVE,ADD_EFFECT_HP_DRAIN; ACTUAL_TARGET_RESOURCE_REMOVED,NONE_RECORDED,BLOCKED_WHEN_ITEM_LEVEL_EXCEEDS_MAIN_LEVEL,GLOBAL_SINGLE_RESOURCE_DRAIN_PROFILE,YES,scripts/tests/systems/combat/item_additional_effects_single_resource_drains.lua;scripts/tests/systems/combat/item_additional_effects_single_resource_drain_profiles.lua,retail_parity/vanilla_zilart/artifacts/VZ-COMBAT-001-single-resource-drains-evidence.md,HIGH_FRAMEWORK_LOW_RETAIL_NUMERICS,VERIFY_LIVE,"proc chance and level correction; fixed versus random amount and scaling; skill, accuracy, governing stat, and dSTAT; Dark element and resistance tiers; nullification, absorption, and undead behavior; attacker-full, target-empty, main/off-hand, Enspell priority, HP-oriented defenses, and exact presentation"
16533,ancient_sword,45,MAIN|SUB,SWORD,ERA_UNRESOLVED,No introduction-era metadata exists in active repository item tables,SQL_MODIFIERS,sql/item_mods.sql:32411;sql/item_mods.sql:32412;sql/item_mods.sql:32413;sql/item_mods.sql:32414;sql/item_mods.sql:32415;sql/item_mods.sql:32416,,,,melee HandleEnspell or ranged OnRangedAttack -> luautils::additionalEffectAttack -> xi.additionalEffect.attack,DEBUFF,CURSE,10,,,,LEGACY_A_RANK,LEGACY_INT_DEFAULT,,,STATUS_MAGIC_TIER,,WEAPON_DMGTYPE_2,,30,EFFECT_9,STATUS_HELPERS,HANDLER_SPECIFIC,HANDLER_SPECIFIC,FAMILY_DEFAULT_OR_SCRIPT_RETURN,NONE_RECORDED,BLOCKED_WHEN_ITEM_LEVEL_EXCEEDS_MAIN_LEVEL,GLOBAL_ADDITIONAL_EFFECT,YES,,,HIGH_FRAMEWORK_LOW_RETAIL_NUMERICS,ERA_UNRESOLVED,item-specific retail numerics
16543,fire_sword,18,MAIN|SUB,SWORD,ERA_UNRESOLVED,No introduction-era metadata exists in active repository item tables,SQL_MODIFIERS,sql/item_mods.sql:32432;sql/item_mods.sql:32433;sql/item_mods.sql:32434;sql/item_mods.sql:32435;sql/item_mods.sql:32436,,,,melee HandleEnspell or ranged OnRangedAttack -> luautils::additionalEffectAttack -> xi.additionalEffect.attack,DAMAGE,FIRE_DAMAGE,5,,,,LEGACY_ADDITIONAL_EFFECT_MAGIC_ACCURACY,NO_DSTAT_CONFIGURED,,,MAGICAL_DAMAGE_TIER_OR_LEGACY_HANDLER,FIRE,ELEMENTAL_LEGACY,10,,,HANDLER_SPECIFIC,DAMAGE_PROFILE_SINGLE_PASS,DAMAGE_PROFILE_SINGLE_PASS,FAMILY_DEFAULT_OR_SCRIPT_RETURN,NONE_RECORDED,BLOCKED_WHEN_ITEM_LEVEL_EXCEEDS_MAIN_LEVEL,GLOBAL_ADDITIONAL_EFFECT,YES,,,HIGH_FRAMEWORK_LOW_RETAIL_NUMERICS,ERA_UNRESOLVED,item-specific retail numerics
16549,divine_sword,38,MAIN|SUB,SWORD,ERA_UNRESOLVED,No introduction-era metadata exists in active repository item tables,SQL_MODIFIERS,sql/item_mods.sql:32447;sql/item_mods.sql:32448;sql/item_mods.sql:32449;sql/item_mods.sql:32450;sql/item_mods.sql:32451,,,,melee HandleEnspell or ranged OnRangedAttack -> luautils::additionalEffectAttack -> xi.additionalEffect.attack,DAMAGE,LIGHT_DAMAGE,5,,,,LEGACY_ADDITIONAL_EFFECT_MAGIC_ACCURACY,NO_DSTAT_CONFIGURED,,,MAGICAL_DAMAGE_TIER_OR_LEGACY_HANDLER,LIGHT,ELEMENTAL_LEGACY,21,,,HANDLER_SPECIFIC,DAMAGE_PROFILE_SINGLE_PASS,DAMAGE_PROFILE_SINGLE_PASS,FAMILY_DEFAULT_OR_SCRIPT_RETURN,NONE_RECORDED,BLOCKED_WHEN_ITEM_LEVEL_EXCEEDS_MAIN_LEVEL,GLOBAL_ADDITIONAL_EFFECT,YES,,,HIGH_FRAMEWORK_LOW_RETAIL_NUMERICS,ERA_UNRESOLVED,item-specific retail numerics
16550,hallowed_sword,38,MAIN|SUB,SWORD,ERA_UNRESOLVED,No introduction-era metadata exists in active repository item tables,SQL_MODIFIERS,sql/item_mods.sql:32454;sql/item_mods.sql:32455;sql/item_mods.sql:32456;sql/item_mods.sql:32457;sql/item_mods.sql:32458,,,,melee HandleEnspell or ranged OnRangedAttack -> luautils::additionalEffectAttack -> xi.additionalEffect.attack,DAMAGE,LIGHT_DAMAGE,5,,,,LEGACY_ADDITIONAL_EFFECT_MAGIC_ACCURACY,NO_DSTAT_CONFIGURED,,,MAGICAL_DAMAGE_TIER_OR_LEGACY_HANDLER,LIGHT,ELEMENTAL_LEGACY,21,,,HANDLER_SPECIFIC,DAMAGE_PROFILE_SINGLE_PASS,DAMAGE_PROFILE_SINGLE_PASS,FAMILY_DEFAULT_OR_SCRIPT_RETURN,NONE_RECORDED,BLOCKED_WHEN_ITEM_LEVEL_EXCEEDS_MAIN_LEVEL,GLOBAL_ADDITIONAL_EFFECT,YES,,,HIGH_FRAMEWORK_LOW_RETAIL_NUMERICS,ERA_UNRESOLVED,item-specific retail numerics
16556,bloody_blade,58,MAIN|SUB,SWORD,ERA_UNRESOLVED,No introduction-era metadata exists in active repository item tables,SQL_MODIFIERS,sql/item_mods.sql:32461;sql/item_mods.sql:32462;sql/item_mods.sql:32463;sql/item_mods.sql:32464;sql/item_mods.sql:32465,,,,melee HandleEnspell or ranged OnRangedAttack -> luautils::additionalEffectAttack -> xi.additionalEffect.attack,HP_DRAIN,HP_DRAIN,5,,,,LEGACY_ADDITIONAL_EFFECT_MAGIC_ACCURACY,NO_DSTAT_CONFIGURED,,,MAGICAL_DAMAGE_TIER_OR_LEGACY_HANDLER,DARK,ELEMENTAL_LEGACY,10,,,UNDEAD_GUARD,HANDLER_SPECIFIC,HANDLER_SPECIFIC,FAMILY_DEFAULT_OR_SCRIPT_RETURN,NONE_RECORDED,BLOCKED_WHEN_ITEM_LEVEL_EXCEEDS_MAIN_LEVEL,GLOBAL_ADDITIONAL_EFFECT,YES,,,HIGH_FRAMEWORK_LOW_RETAIL_NUMERICS,VERIFY_LIVE,"drain accuracy, scaling, and element"
16564,flame_blade,47,MAIN|SUB,SWORD,ERA_UNRESOLVED,No introduction-era metadata exists in active repository item tables,SQL_MODIFIERS,sql/item_mods.sql:32475;sql/item_mods.sql:32476;sql/item_mods.sql:32477;sql/item_mods.sql:32478;sql/item_mods.sql:32479,,,,melee HandleEnspell or ranged OnRangedAttack -> luautils::additionalEffectAttack -> xi.additionalEffect.attack,DAMAGE,FIRE_DAMAGE,5,,,,LEGACY_ADDITIONAL_EFFECT_MAGIC_ACCURACY,NO_DSTAT_CONFIGURED,,,MAGICAL_DAMAGE_TIER_OR_LEGACY_HANDLER,FIRE,ELEMENTAL_LEGACY,10,,,HANDLER_SPECIFIC,DAMAGE_PROFILE_SINGLE_PASS,DAMAGE_PROFILE_SINGLE_PASS,FAMILY_DEFAULT_OR_SCRIPT_RETURN,NONE_RECORDED,BLOCKED_WHEN_ITEM_LEVEL_EXCEEDS_MAIN_LEVEL,GLOBAL_ADDITIONAL_EFFECT,YES,,,HIGH_FRAMEWORK_LOW_RETAIL_NUMERICS,ERA_UNRESOLVED,item-specific retail numerics
16581,holy_sword,36,MAIN|SUB,SWORD,ERA_UNRESOLVED,No introduction-era metadata exists in active repository item tables,SQL_MODIFIERS,sql/item_mods.sql:32504;sql/item_mods.sql:32505;sql/item_mods.sql:32506;sql/item_mods.sql:32507;sql/item_mods.sql:32508,,,,melee HandleEnspell or ranged OnRangedAttack -> luautils::additionalEffectAttack -> xi.additionalEffect.attack,DAMAGE,LIGHT_DAMAGE,5,,,,LEGACY_ADDITIONAL_EFFECT_MAGIC_ACCURACY,NO_DSTAT_CONFIGURED,,,MAGICAL_DAMAGE_TIER_OR_LEGACY_HANDLER,LIGHT,ELEMENTAL_LEGACY,10,,,HANDLER_SPECIFIC,DAMAGE_PROFILE_SINGLE_PASS,DAMAGE_PROFILE_SINGLE_PASS,FAMILY_DEFAULT_OR_SCRIPT_RETURN,NONE_RECORDED,BLOCKED_WHEN_ITEM_LEVEL_EXCEEDS_MAIN_LEVEL,GLOBAL_ADDITIONAL_EFFECT,YES,,,HIGH_FRAMEWORK_LOW_RETAIL_NUMERICS,ERA_UNRESOLVED,item-specific retail numerics
16588,flame_claymore,13,MAIN,GREAT_SWORD,ERA_UNRESOLVED,No introduction-era metadata exists in active repository item tables,SQL_MODIFIERS,sql/item_mods.sql:32518;sql/item_mods.sql:32519;sql/item_mods.sql:32520;sql/item_mods.sql:32521;sql/item_mods.sql:32522,,,,melee HandleEnspell or ranged OnRangedAttack -> luautils::additionalEffectAttack -> xi.additionalEffect.attack,DAMAGE,FIRE_DAMAGE,5,,,,LEGACY_ADDITIONAL_EFFECT_MAGIC_ACCURACY,NO_DSTAT_CONFIGURED,,,MAGICAL_DAMAGE_TIER_OR_LEGACY_HANDLER,FIRE,ELEMENTAL_LEGACY,10,,,HANDLER_SPECIFIC,DAMAGE_PROFILE_SINGLE_PASS,DAMAGE_PROFILE_SINGLE_PASS,FAMILY_DEFAULT_OR_SCRIPT_RETURN,NONE_RECORDED,BLOCKED_WHEN_ITEM_LEVEL_EXCEEDS_MAIN_LEVEL,GLOBAL_ADDITIONAL_EFFECT,YES,,,HIGH_FRAMEWORK_LOW_RETAIL_NUMERICS,ERA_UNRESOLVED,item-specific retail numerics
16594,inferno_sword,27,MAIN,GREAT_SWORD,ERA_UNRESOLVED,No introduction-era metadata exists in active repository item tables,SQL_MODIFIERS,sql/item_mods.sql:32525;sql/item_mods.sql:32526;sql/item_mods.sql:32527;sql/item_mods.sql:32528;sql/item_mods.sql:32529,,,,melee HandleEnspell or ranged OnRangedAttack -> luautils::additionalEffectAttack -> xi.additionalEffect.attack,DAMAGE,FIRE_DAMAGE,5,,,,LEGACY_ADDITIONAL_EFFECT_MAGIC_ACCURACY,NO_DSTAT_CONFIGURED,,,MAGICAL_DAMAGE_TIER_OR_LEGACY_HANDLER,FIRE,ELEMENTAL_LEGACY,10,,,HANDLER_SPECIFIC,DAMAGE_PROFILE_SINGLE_PASS,DAMAGE_PROFILE_SINGLE_PASS,FAMILY_DEFAULT_OR_SCRIPT_RETURN,NONE_RECORDED,BLOCKED_WHEN_ITEM_LEVEL_EXCEEDS_MAIN_LEVEL,GLOBAL_ADDITIONAL_EFFECT,YES,,,HIGH_FRAMEWORK_LOW_RETAIL_NUMERICS,ERA_UNRESOLVED,item-specific retail numerics
16609,bloody_sword,63,MAIN|SUB,SWORD,ERA_UNRESOLVED,No introduction-era metadata exists in active repository item tables,SQL_MODIFIERS,sql/item_mods.sql:32556;sql/item_mods.sql:32557;sql/item_mods.sql:32558;sql/item_mods.sql:32559;sql/item_mods.sql:32560,,,,melee HandleEnspell or ranged OnRangedAttack -> luautils::additionalEffectAttack -> xi.additionalEffect.attack,HP_DRAIN,HP_DRAIN,5,,,,LEGACY_ADDITIONAL_EFFECT_MAGIC_ACCURACY,NO_DSTAT_CONFIGURED,,,MAGICAL_DAMAGE_TIER_OR_LEGACY_HANDLER,DARK,ELEMENTAL_LEGACY,20,,,UNDEAD_GUARD,HANDLER_SPECIFIC,HANDLER_SPECIFIC,FAMILY_DEFAULT_OR_SCRIPT_RETURN,NONE_RECORDED,BLOCKED_WHEN_ITEM_LEVEL_EXCEEDS_MAIN_LEVEL,GLOBAL_ADDITIONAL_EFFECT,YES,,,HIGH_FRAMEWORK_LOW_RETAIL_NUMERICS,VERIFY_LIVE,"drain accuracy, scaling, and element"
16613,spirit_sword,36,MAIN|SUB,SWORD,ERA_UNRESOLVED,No introduction-era metadata exists in active repository item tables,SQL_MODIFIERS,sql/item_mods.sql:32569;sql/item_mods.sql:32570;sql/item_mods.sql:32571;sql/item_mods.sql:32572;sql/item_mods.sql:32573,,,,melee HandleEnspell or ranged OnRangedAttack -> luautils::additionalEffectAttack -> xi.additionalEffect.attack,DAMAGE,LIGHT_DAMAGE,5,,,,LEGACY_ADDITIONAL_EFFECT_MAGIC_ACCURACY,NO_DSTAT_CONFIGURED,,,MAGICAL_DAMAGE_TIER_OR_LEGACY_HANDLER,LIGHT,ELEMENTAL_LEGACY,21,,,HANDLER_SPECIFIC,DAMAGE_PROFILE_SINGLE_PASS,DAMAGE_PROFILE_SINGLE_PASS,FAMILY_DEFAULT_OR_SCRIPT_RETURN,NONE_RECORDED,BLOCKED_WHEN_ITEM_LEVEL_EXCEEDS_MAIN_LEVEL,GLOBAL_ADDITIONAL_EFFECT,YES,,,HIGH_FRAMEWORK_LOW_RETAIL_NUMERICS,ERA_UNRESOLVED,item-specific retail numerics
16621,flame_sword,18,MAIN|SUB,SWORD,ERA_UNRESOLVED,No introduction-era metadata exists in active repository item tables,SQL_MODIFIERS,sql/item_mods.sql:32582;sql/item_mods.sql:32583;sql/item_mods.sql:32584;sql/item_mods.sql:32585;sql/item_mods.sql:32586,,,,melee HandleEnspell or ranged OnRangedAttack -> luautils::additionalEffectAttack -> xi.additionalEffect.attack,DAMAGE,FIRE_DAMAGE,10,,,,LEGACY_ADDITIONAL_EFFECT_MAGIC_ACCURACY,NO_DSTAT_CONFIGURED,,,MAGICAL_DAMAGE_TIER_OR_LEGACY_HANDLER,FIRE,ELEMENTAL_LEGACY,9,,,HANDLER_SPECIFIC,DAMAGE_PROFILE_SINGLE_PASS,DAMAGE_PROFILE_SINGLE_PASS,FAMILY_DEFAULT_OR_SCRIPT_RETURN,NONE_RECORDED,BLOCKED_WHEN_ITEM_LEVEL_EXCEEDS_MAIN_LEVEL,GLOBAL_ADDITIONAL_EFFECT,YES,,,HIGH_FRAMEWORK_LOW_RETAIL_NUMERICS,ERA_UNRESOLVED,item-specific retail numerics
16692,poison_baghnakhs_+1,33,MAIN,HAND_TO_HAND,ERA_UNRESOLVED,No introduction-era metadata exists in active repository item tables,SQL_MODIFIERS,sql/item_mods.sql:32676;sql/item_mods.sql:32677;sql/item_mods.sql:32678;sql/item_mods.sql:32679;sql/item_mods.sql:32680;sql/item_mods.sql:32681,,,,melee HandleEnspell or ranged OnRangedAttack -> luautils::additionalEffectAttack -> xi.additionalEffect.attack,DEBUFF,POISON_OR_TP_DRAIN,15,,,,LEGACY_A_RANK,LEGACY_INT_DEFAULT,,,STATUS_MAGIC_TIER,,WEAPON_DMGTYPE_4,,30,POISON,STATUS_HELPERS,HANDLER_SPECIFIC,HANDLER_SPECIFIC,FAMILY_DEFAULT_OR_SCRIPT_RETURN,NONE_RECORDED,BLOCKED_WHEN_ITEM_LEVEL_EXCEEDS_MAIN_LEVEL,GLOBAL_ADDITIONAL_EFFECT,YES,,,HIGH_FRAMEWORK_LOW_RETAIL_NUMERICS,ERA_UNRESOLVED,item-specific retail numerics
16693,poison_katars_+1,38,MAIN,HAND_TO_HAND,ERA_UNRESOLVED,No introduction-era metadata exists in active repository item tables,SQL_MODIFIERS,sql/item_mods.sql:32684;sql/item_mods.sql:32685;sql/item_mods.sql:32686;sql/item_mods.sql:32687;sql/item_mods.sql:32688;sql/item_mods.sql:32689,,,,melee HandleEnspell or ranged OnRangedAttack -> luautils::additionalEffectAttack -> xi.additionalEffect.attack,DEBUFF,POISON_OR_TP_DRAIN,15,,,,LEGACY_A_RANK,LEGACY_INT_DEFAULT,,,STATUS_MAGIC_TIER,,WEAPON_DMGTYPE_4,,30,POISON,STATUS_HELPERS,HANDLER_SPECIFIC,HANDLER_SPECIFIC,FAMILY_DEFAULT_OR_SCRIPT_RETURN,NONE_RECORDED,BLOCKED_WHEN_ITEM_LEVEL_EXCEEDS_MAIN_LEVEL,GLOBAL_ADDITIONAL_EFFECT,YES,,,HIGH_FRAMEWORK_LOW_RETAIL_NUMERICS,ERA_UNRESOLVED,item-specific retail numerics
16700,poison_cesti_+1,27,MAIN,HAND_TO_HAND,ERA_UNRESOLVED,No introduction-era metadata exists in active repository item tables,SQL_MODIFIERS,sql/item_mods.sql:32703;sql/item_mods.sql:32704;sql/item_mods.sql:32705;sql/item_mods.sql:32706;sql/item_mods.sql:32707;sql/item_mods.sql:32708,,,,melee HandleEnspell or ranged OnRangedAttack -> luautils::additionalEffectAttack -> xi.additionalEffect.attack,DEBUFF,POISON_OR_TP_DRAIN,15,,,,LEGACY_A_RANK,LEGACY_INT_DEFAULT,,,STATUS_MAGIC_TIER,,WEAPON_DMGTYPE_4,,30,POISON,STATUS_HELPERS,HANDLER_SPECIFIC,HANDLER_SPECIFIC,FAMILY_DEFAULT_OR_SCRIPT_RETURN,NONE_RECORDED,BLOCKED_WHEN_ITEM_LEVEL_EXCEEDS_MAIN_LEVEL,GLOBAL_ADDITIONAL_EFFECT,YES,,,HIGH_FRAMEWORK_LOW_RETAIL_NUMERICS,ERA_UNRESOLVED,item-specific retail numerics
16702,cougar_baghnakhs,20,MAIN,HAND_TO_HAND,ERA_UNRESOLVED,No introduction-era metadata exists in active repository item tables,SQL_MODIFIERS,sql/item_mods.sql:32715;sql/item_mods.sql:32716;sql/item_mods.sql:32717;sql/item_mods.sql:32718;sql/item_mods.sql:32719,,,,melee HandleEnspell or ranged OnRangedAttack -> luautils::additionalEffectAttack -> xi.additionalEffect.attack,DAMAGE,ICE_DAMAGE,10,,,,LEGACY_ADDITIONAL_EFFECT_MAGIC_ACCURACY,NO_DSTAT_CONFIGURED,,,MAGICAL_DAMAGE_TIER_OR_LEGACY_HANDLER,ICE,ELEMENTAL_LEGACY,10,,,HANDLER_SPECIFIC,DAMAGE_PROFILE_SINGLE_PASS,DAMAGE_PROFILE_SINGLE_PASS,FAMILY_DEFAULT_OR_SCRIPT_RETURN,NONE_RECORDED,BLOCKED_WHEN_ITEM_LEVEL_EXCEEDS_MAIN_LEVEL,GLOBAL_ADDITIONAL_EFFECT,YES,,,HIGH_FRAMEWORK_LOW_RETAIL_NUMERICS,ERA_UNRESOLVED,item-specific retail numerics
16709,inferno_axe,8,MAIN,GREAT_AXE,ERA_UNRESOLVED,No introduction-era metadata exists in active repository item tables,SQL_MODIFIERS,sql/item_mods.sql:32735;sql/item_mods.sql:32736;sql/item_mods.sql:32737;sql/item_mods.sql:32738;sql/item_mods.sql:32739,,,,melee HandleEnspell or ranged OnRangedAttack -> luautils::additionalEffectAttack -> xi.additionalEffect.attack,DAMAGE,FIRE_DAMAGE,5,,,,LEGACY_ADDITIONAL_EFFECT_MAGIC_ACCURACY,NO_DSTAT_CONFIGURED,,,MAGICAL_DAMAGE_TIER_OR_LEGACY_HANDLER,FIRE,ELEMENTAL_LEGACY,10,,,HANDLER_SPECIFIC,DAMAGE_PROFILE_SINGLE_PASS,DAMAGE_PROFILE_SINGLE_PASS,FAMILY_DEFAULT_OR_SCRIPT_RETURN,NONE_RECORDED,BLOCKED_WHEN_ITEM_LEVEL_EXCEEDS_MAIN_LEVEL,GLOBAL_ADDITIONAL_EFFECT,YES,,,HIGH_FRAMEWORK_LOW_RETAIL_NUMERICS,ERA_UNRESOLVED,item-specific retail numerics
16713,hellfire_axe,8,MAIN,GREAT_AXE,ERA_UNRESOLVED,No introduction-era metadata exists in active repository item tables,SQL_MODIFIERS,sql/item_mods.sql:32751;sql/item_mods.sql:32752;sql/item_mods.sql:32753;sql/item_mods.sql:32754;sql/item_mods.sql:32755,,,,melee HandleEnspell or ranged OnRangedAttack -> luautils::additionalEffectAttack -> xi.additionalEffect.attack,DAMAGE,FIRE_DAMAGE,10,,,,LEGACY_ADDITIONAL_EFFECT_MAGIC_ACCURACY,NO_DSTAT_CONFIGURED,,,MAGICAL_DAMAGE_TIER_OR_LEGACY_HANDLER,FIRE,ELEMENTAL_LEGACY,10,,,HANDLER_SPECIFIC,DAMAGE_PROFILE_SINGLE_PASS,DAMAGE_PROFILE_SINGLE_PASS,FAMILY_DEFAULT_OR_SCRIPT_RETURN,NONE_RECORDED,BLOCKED_WHEN_ITEM_LEVEL_EXCEEDS_MAIN_LEVEL,GLOBAL_ADDITIONAL_EFFECT,YES,,,HIGH_FRAMEWORK_LOW_RETAIL_NUMERICS,ERA_UNRESOLVED,item-specific retail numerics
16741,poison_dagger_+1,20,MAIN|SUB,DAGGER,ERA_UNRESOLVED,No introduction-era metadata exists in active repository item tables,SQL_MODIFIERS,sql/item_mods.sql:32801;sql/item_mods.sql:32802;sql/item_mods.sql:32803;sql/item_mods.sql:32804;sql/item_mods.sql:32805;sql/item_mods.sql:32806,,,,melee HandleEnspell or ranged OnRangedAttack -> luautils::additionalEffectAttack -> xi.additionalEffect.attack,DEBUFF,POISON_OR_TP_DRAIN,15,,,,LEGACY_A_RANK,LEGACY_INT_DEFAULT,,,STATUS_MAGIC_TIER,,WEAPON_DMGTYPE_1,,30,POISON,STATUS_HELPERS,HANDLER_SPECIFIC,HANDLER_SPECIFIC,FAMILY_DEFAULT_OR_SCRIPT_RETURN,NONE_RECORDED,BLOCKED_WHEN_ITEM_LEVEL_EXCEEDS_MAIN_LEVEL,GLOBAL_ADDITIONAL_EFFECT,YES,,,HIGH_FRAMEWORK_LOW_RETAIL_NUMERICS,ERA_UNRESOLVED,item-specific retail numerics
16742,poison_knife_+1,21,MAIN|SUB,DAGGER,ERA_UNRESOLVED,No introduction-era metadata exists in active repository item tables,SQL_MODIFIERS,sql/item_mods.sql:32809;sql/item_mods.sql:32810;sql/item_mods.sql:32811;sql/item_mods.sql:32812;sql/item_mods.sql:32813;sql/item_mods.sql:32814,,,,melee HandleEnspell or ranged OnRangedAttack -> luautils::additionalEffectAttack -> xi.additionalEffect.attack,DEBUFF,POISON_OR_TP_DRAIN,15,,,,LEGACY_A_RANK,LEGACY_INT_DEFAULT,,,STATUS_MAGIC_TIER,,WEAPON_DMGTYPE_1,,30,POISON,STATUS_HELPERS,HANDLER_SPECIFIC,HANDLER_SPECIFIC,FAMILY_DEFAULT_OR_SCRIPT_RETURN,NONE_RECORDED,BLOCKED_WHEN_ITEM_LEVEL_EXCEEDS_MAIN_LEVEL,GLOBAL_ADDITIONAL_EFFECT,YES,,,HIGH_FRAMEWORK_LOW_RETAIL_NUMERICS,ERA_UNRESOLVED,item-specific retail numerics
16743,python_baselard,20,MAIN|SUB,DAGGER,ERA_UNRESOLVED,No introduction-era metadata exists in active repository item tables,SQL_MODIFIERS,sql/item_mods.sql:32817;sql/item_mods.sql:32818;sql/item_mods.sql:32819;sql/item_mods.sql:32820;sql/item_mods.sql:32821;sql/item_mods.sql:32822,,,,melee HandleEnspell or ranged OnRangedAttack -> luautils::additionalEffectAttack -> xi.additionalEffect.attack,DEBUFF,POISON_OR_TP_DRAIN,15,,,,LEGACY_A_RANK,LEGACY_INT_DEFAULT,,,STATUS_MAGIC_TIER,,WEAPON_DMGTYPE_1,,30,POISON,STATUS_HELPERS,HANDLER_SPECIFIC,HANDLER_SPECIFIC,FAMILY_DEFAULT_OR_SCRIPT_RETURN,NONE_RECORDED,BLOCKED_WHEN_ITEM_LEVEL_EXCEEDS_MAIN_LEVEL,GLOBAL_ADDITIONAL_EFFECT,YES,,,HIGH_FRAMEWORK_LOW_RETAIL_NUMERICS,ERA_UNRESOLVED,item-specific retail numerics
16761,venom_kris_+1,57,MAIN|SUB,DAGGER,ERA_UNRESOLVED,No introduction-era metadata exists in active repository item tables,SQL_MODIFIERS,sql/item_mods.sql:32850;sql/item_mods.sql:32851;sql/item_mods.sql:32852;sql/item_mods.sql:32853;sql/item_mods.sql:32854;sql/item_mods.sql:32855,,,,melee HandleEnspell or ranged OnRangedAttack -> luautils::additionalEffectAttack -> xi.additionalEffect.attack,DEBUFF,POISON_OR_TP_DRAIN,10,,,,LEGACY_A_RANK,LEGACY_INT_DEFAULT,,,STATUS_MAGIC_TIER,,WEAPON_DMGTYPE_1,,30,POISON,STATUS_HELPERS,HANDLER_SPECIFIC,HANDLER_SPECIFIC,FAMILY_DEFAULT_OR_SCRIPT_RETURN,NONE_RECORDED,BLOCKED_WHEN_ITEM_LEVEL_EXCEEDS_MAIN_LEVEL,GLOBAL_ADDITIONAL_EFFECT,YES,,,HIGH_FRAMEWORK_LOW_RETAIL_NUMERICS,ERA_UNRESOLVED,item-specific retail numerics
16762,venom_knife_+1,53,MAIN|SUB,DAGGER,ERA_UNRESOLVED,No introduction-era metadata exists in active repository item tables,SQL_MODIFIERS,sql/item_mods.sql:32858;sql/item_mods.sql:32859;sql/item_mods.sql:32860;sql/item_mods.sql:32861;sql/item_mods.sql:32862;sql/item_mods.sql:32863,,,,melee HandleEnspell or ranged OnRangedAttack -> luautils::additionalEffectAttack -> xi.additionalEffect.attack,DEBUFF,POISON_OR_TP_DRAIN,10,,,,LEGACY_A_RANK,LEGACY_INT_DEFAULT,,,STATUS_MAGIC_TIER,,WEAPON_DMGTYPE_1,,30,POISON,STATUS_HELPERS,HANDLER_SPECIFIC,HANDLER_SPECIFIC,FAMILY_DEFAULT_OR_SCRIPT_RETURN,NONE_RECORDED,BLOCKED_WHEN_ITEM_LEVEL_EXCEEDS_MAIN_LEVEL,GLOBAL_ADDITIONAL_EFFECT,YES,,,HIGH_FRAMEWORK_LOW_RETAIL_NUMERICS,ERA_UNRESOLVED,item-specific retail numerics
16773,cruel_scythe,20,MAIN,SCYTHE,ERA_UNRESOLVED,No introduction-era metadata exists in active repository item tables,SQL_MODIFIERS,sql/item_mods.sql:32894;sql/item_mods.sql:32895;sql/item_mods.sql:32896;sql/item_mods.sql:32897;sql/item_mods.sql:32898;sql/item_mods.sql:32899,,,,melee HandleEnspell or ranged OnRangedAttack -> luautils::additionalEffectAttack -> xi.additionalEffect.attack,DEBUFF,DEFENSE_OR_EVASION_OR_ATTACK_DOWN_OR_SLOW,10,,,,LEGACY_A_RANK,LEGACY_INT_DEFAULT,,,STATUS_MAGIC_TIER,,WEAPON_DMGTYPE_2,,60,EVASION_DOWN,STATUS_HELPERS,HANDLER_SPECIFIC,HANDLER_SPECIFIC,FAMILY_DEFAULT_OR_SCRIPT_RETURN,NONE_RECORDED,BLOCKED_WHEN_ITEM_LEVEL_EXCEEDS_MAIN_LEVEL,GLOBAL_ADDITIONAL_EFFECT,YES,,,HIGH_FRAMEWORK_LOW_RETAIL_NUMERICS,ERA_UNRESOLVED,item-specific retail numerics
16777,death_scythe,73,MAIN,SCYTHE,ERA_UNRESOLVED,No introduction-era metadata exists in active repository item tables,SQL_MODIFIERS,sql/item_mods.sql:32902;sql/item_mods.sql:32903;sql/item_mods.sql:32904;sql/item_mods.sql:32905;sql/item_mods.sql:32906,,,,melee HandleEnspell or ranged OnRangedAttack -> luautils::additionalEffectAttack -> xi.additionalEffect.attack,HP_DRAIN,HP_DRAIN,10,,,,LEGACY_ADDITIONAL_EFFECT_MAGIC_ACCURACY,NO_DSTAT_CONFIGURED,,,MAGICAL_DAMAGE_TIER_OR_LEGACY_HANDLER,DARK,ELEMENTAL_LEGACY,10,,,UNDEAD_GUARD,HANDLER_SPECIFIC,HANDLER_SPECIFIC,FAMILY_DEFAULT_OR_SCRIPT_RETURN,NONE_RECORDED,BLOCKED_WHEN_ITEM_LEVEL_EXCEEDS_MAIN_LEVEL,GLOBAL_ADDITIONAL_EFFECT,YES,,,HIGH_FRAMEWORK_LOW_RETAIL_NUMERICS,VERIFY_LIVE,"drain accuracy, scaling, and element"
16784,frostreaper,27,MAIN,SCYTHE,ERA_UNRESOLVED,No introduction-era metadata exists in active repository item tables,SQL_MODIFIERS,sql/item_mods.sql:32914;sql/item_mods.sql:32915;sql/item_mods.sql:32916;sql/item_mods.sql:32917;sql/item_mods.sql:32918,,,,melee HandleEnspell or ranged OnRangedAttack -> luautils::additionalEffectAttack -> xi.additionalEffect.attack,DAMAGE,ICE_DAMAGE,10,,,,LEGACY_ADDITIONAL_EFFECT_MAGIC_ACCURACY,NO_DSTAT_CONFIGURED,,,MAGICAL_DAMAGE_TIER_OR_LEGACY_HANDLER,ICE,ELEMENTAL_LEGACY,5,,,HANDLER_SPECIFIC,DAMAGE_PROFILE_SINGLE_PASS,DAMAGE_PROFILE_SINGLE_PASS,FAMILY_DEFAULT_OR_SCRIPT_RETURN,NONE_RECORDED,BLOCKED_WHEN_ITEM_LEVEL_EXCEEDS_MAIN_LEVEL,GLOBAL_ADDITIONAL_EFFECT,YES,,,HIGH_FRAMEWORK_LOW_RETAIL_NUMERICS,ERA_UNRESOLVED,item-specific retail numerics
16791,death_scythe_+1,73,MAIN,SCYTHE,ERA_UNRESOLVED,No introduction-era metadata exists in active repository item tables,SQL_MODIFIERS,sql/item_mods.sql:32932;sql/item_mods.sql:32933;sql/item_mods.sql:32934;sql/item_mods.sql:32935;sql/item_mods.sql:32936,,,,melee HandleEnspell or ranged OnRangedAttack -> luautils::additionalEffectAttack -> xi.additionalEffect.attack,HP_DRAIN,HP_DRAIN,10,,,,LEGACY_ADDITIONAL_EFFECT_MAGIC_ACCURACY,NO_DSTAT_CONFIGURED,,,MAGICAL_DAMAGE_TIER_OR_LEGACY_HANDLER,DARK,ELEMENTAL_LEGACY,10,,,UNDEAD_GUARD,HANDLER_SPECIFIC,HANDLER_SPECIFIC,FAMILY_DEFAULT_OR_SCRIPT_RETURN,NONE_RECORDED,BLOCKED_WHEN_ITEM_LEVEL_EXCEEDS_MAIN_LEVEL,GLOBAL_ADDITIONAL_EFFECT,YES,,,HIGH_FRAMEWORK_LOW_RETAIL_NUMERICS,VERIFY_LIVE,"drain accuracy, scaling, and element"
16804,flame_blade_+1,47,MAIN|SUB,SWORD,ERA_UNRESOLVED,No introduction-era metadata exists in active repository item tables,SQL_MODIFIERS,sql/item_mods.sql:32951;sql/item_mods.sql:32952;sql/item_mods.sql:32953;sql/item_mods.sql:32954;sql/item_mods.sql:32955,,,,melee HandleEnspell or ranged OnRangedAttack -> luautils::additionalEffectAttack -> xi.additionalEffect.attack,DAMAGE,FIRE_DAMAGE,5,,,,LEGACY_ADDITIONAL_EFFECT_MAGIC_ACCURACY,NO_DSTAT_CONFIGURED,,,MAGICAL_DAMAGE_TIER_OR_LEGACY_HANDLER,FIRE,ELEMENTAL_LEGACY,10,,,HANDLER_SPECIFIC,DAMAGE_PROFILE_SINGLE_PASS,DAMAGE_PROFILE_SINGLE_PASS,FAMILY_DEFAULT_OR_SCRIPT_RETURN,NONE_RECORDED,BLOCKED_WHEN_ITEM_LEVEL_EXCEEDS_MAIN_LEVEL,GLOBAL_ADDITIONAL_EFFECT,YES,,,HIGH_FRAMEWORK_LOW_RETAIL_NUMERICS,ERA_UNRESOLVED,item-specific retail numerics
16816,holy_sword_+1,36,MAIN|SUB,SWORD,ERA_UNRESOLVED,No introduction-era metadata exists in active repository item tables,SQL_MODIFIERS,sql/item_mods.sql:32980;sql/item_mods.sql:32981;sql/item_mods.sql:32982;sql/item_mods.sql:32983;sql/item_mods.sql:32984,,,,melee HandleEnspell or ranged OnRangedAttack -> luautils::additionalEffectAttack -> xi.additionalEffect.attack,DAMAGE,LIGHT_DAMAGE,10,,,,LEGACY_ADDITIONAL_EFFECT_MAGIC_ACCURACY,NO_DSTAT_CONFIGURED,,,MAGICAL_DAMAGE_TIER_OR_LEGACY_HANDLER,LIGHT,ELEMENTAL_LEGACY,10,,,HANDLER_SPECIFIC,DAMAGE_PROFILE_SINGLE_PASS,DAMAGE_PROFILE_SINGLE_PASS,FAMILY_DEFAULT_OR_SCRIPT_RETURN,NONE_RECORDED,BLOCKED_WHEN_ITEM_LEVEL_EXCEEDS_MAIN_LEVEL,GLOBAL_ADDITIONAL_EFFECT,YES,,,HIGH_FRAMEWORK_LOW_RETAIL_NUMERICS,ERA_UNRESOLVED,item-specific retail numerics
16817,holy_degen_+1,45,MAIN|SUB,SWORD,ERA_UNRESOLVED,No introduction-era metadata exists in active repository item tables,SQL_MODIFIERS,sql/item_mods.sql:32987;sql/item_mods.sql:32988;sql/item_mods.sql:32989;sql/item_mods.sql:32990;sql/item_mods.sql:32991,,,,melee HandleEnspell or ranged OnRangedAttack -> luautils::additionalEffectAttack -> xi.additionalEffect.attack,DAMAGE,LIGHT_DAMAGE,10,,,,LEGACY_ADDITIONAL_EFFECT_MAGIC_ACCURACY,NO_DSTAT_CONFIGURED,,,MAGICAL_DAMAGE_TIER_OR_LEGACY_HANDLER,LIGHT,ELEMENTAL_LEGACY,15,,,HANDLER_SPECIFIC,DAMAGE_PROFILE_SINGLE_PASS,DAMAGE_PROFILE_SINGLE_PASS,FAMILY_DEFAULT_OR_SCRIPT_RETURN,NONE_RECORDED,BLOCKED_WHEN_ITEM_LEVEL_EXCEEDS_MAIN_LEVEL,GLOBAL_ADDITIONAL_EFFECT,YES,,,HIGH_FRAMEWORK_LOW_RETAIL_NUMERICS,ERA_UNRESOLVED,item-specific retail numerics
16823,flame_degen_+1,40,MAIN|SUB,SWORD,ERA_UNRESOLVED,No introduction-era metadata exists in active repository item tables,SQL_MODIFIERS,sql/item_mods.sql:33010;sql/item_mods.sql:33011;sql/item_mods.sql:33012;sql/item_mods.sql:33013;sql/item_mods.sql:33014,,,,melee HandleEnspell or ranged OnRangedAttack -> luautils::additionalEffectAttack -> xi.additionalEffect.attack,DAMAGE,FIRE_DAMAGE,5,,,,LEGACY_ADDITIONAL_EFFECT_MAGIC_ACCURACY,NO_DSTAT_CONFIGURED,,,MAGICAL_DAMAGE_TIER_OR_LEGACY_HANDLER,FIRE,ELEMENTAL_LEGACY,10,,,HANDLER_SPECIFIC,DAMAGE_PROFILE_SINGLE_PASS,DAMAGE_PROFILE_SINGLE_PASS,FAMILY_DEFAULT_OR_SCRIPT_RETURN,NONE_RECORDED,BLOCKED_WHEN_ITEM_LEVEL_EXCEEDS_MAIN_LEVEL,GLOBAL_ADDITIONAL_EFFECT,YES,,,HIGH_FRAMEWORK_LOW_RETAIL_NUMERICS,ERA_UNRESOLVED,item-specific retail numerics
16824,carnage_rapier,55,MAIN|SUB,SWORD,ERA_UNRESOLVED,No introduction-era metadata exists in active repository item tables,SQL_MODIFIERS,sql/item_mods.sql:33017;sql/item_mods.sql:33018;sql/item_mods.sql:33019;sql/item_mods.sql:33020;sql/item_mods.sql:33021,,,,melee HandleEnspell or ranged OnRangedAttack -> luautils::additionalEffectAttack -> xi.additionalEffect.attack,HP_DRAIN,HP_DRAIN,10,,,,LEGACY_ADDITIONAL_EFFECT_MAGIC_ACCURACY,NO_DSTAT_CONFIGURED,,,MAGICAL_DAMAGE_TIER_OR_LEGACY_HANDLER,DARK,ELEMENTAL_LEGACY,20,,,UNDEAD_GUARD,HANDLER_SPECIFIC,HANDLER_SPECIFIC,FAMILY_DEFAULT_OR_SCRIPT_RETURN,NONE_RECORDED,BLOCKED_WHEN_ITEM_LEVEL_EXCEEDS_MAIN_LEVEL,GLOBAL_ADDITIONAL_EFFECT,YES,,,HIGH_FRAMEWORK_LOW_RETAIL_NUMERICS,VERIFY_LIVE,"drain accuracy, scaling, and element"
16826,divine_sword_+1,38,MAIN|SUB,SWORD,ERA_UNRESOLVED,No introduction-era metadata exists in active repository item tables,SQL_MODIFIERS,sql/item_mods.sql:33024;sql/item_mods.sql:33025;sql/item_mods.sql:33026;sql/item_mods.sql:33027;sql/item_mods.sql:33028,,,,melee HandleEnspell or ranged OnRangedAttack -> luautils::additionalEffectAttack -> xi.additionalEffect.attack,DAMAGE,LIGHT_DAMAGE,10,,,,LEGACY_ADDITIONAL_EFFECT_MAGIC_ACCURACY,NO_DSTAT_CONFIGURED,,,MAGICAL_DAMAGE_TIER_OR_LEGACY_HANDLER,LIGHT,ELEMENTAL_LEGACY,21,,,HANDLER_SPECIFIC,DAMAGE_PROFILE_SINGLE_PASS,DAMAGE_PROFILE_SINGLE_PASS,FAMILY_DEFAULT_OR_SCRIPT_RETURN,NONE_RECORDED,BLOCKED_WHEN_ITEM_LEVEL_EXCEEDS_MAIN_LEVEL,GLOBAL_ADDITIONAL_EFFECT,YES,,,HIGH_FRAMEWORK_LOW_RETAIL_NUMERICS,ERA_UNRESOLVED,item-specific retail numerics
16827,carnage_blade,58,MAIN|SUB,SWORD,ERA_UNRESOLVED,No introduction-era metadata exists in active repository item tables,SQL_MODIFIERS,sql/item_mods.sql:33031;sql/item_mods.sql:33032;sql/item_mods.sql:33033;sql/item_mods.sql:33034;sql/item_mods.sql:33035,,,,melee HandleEnspell or ranged OnRangedAttack -> luautils::additionalEffectAttack -> xi.additionalEffect.attack,HP_DRAIN,HP_DRAIN,10,,,,LEGACY_ADDITIONAL_EFFECT_MAGIC_ACCURACY,NO_DSTAT_CONFIGURED,,,MAGICAL_DAMAGE_TIER_OR_LEGACY_HANDLER,DARK,ELEMENTAL_LEGACY,20,,,UNDEAD_GUARD,HANDLER_SPECIFIC,HANDLER_SPECIFIC,FAMILY_DEFAULT_OR_SCRIPT_RETURN,NONE_RECORDED,BLOCKED_WHEN_ITEM_LEVEL_EXCEEDS_MAIN_LEVEL,GLOBAL_ADDITIONAL_EFFECT,YES,,,HIGH_FRAMEWORK_LOW_RETAIL_NUMERICS,VERIFY_LIVE,"drain accuracy, scaling, and element"
16837,trident,45,MAIN,POLEARM,ERA_UNRESOLVED,No introduction-era metadata exists in active repository item tables,SQL_MODIFIERS,sql/item_mods.sql:33061;sql/item_mods.sql:33062;sql/item_mods.sql:33063;sql/item_mods.sql:33064;sql/item_mods.sql:33065,,,,melee HandleEnspell or ranged OnRangedAttack -> luautils::additionalEffectAttack -> xi.additionalEffect.attack,DAMAGE,LIGHTNING_DAMAGE,10,,,,LEGACY_ADDITIONAL_EFFECT_MAGIC_ACCURACY,NO_DSTAT_CONFIGURED,,,MAGICAL_DAMAGE_TIER_OR_LEGACY_HANDLER,THUNDER,ELEMENTAL_LEGACY,20,,,HANDLER_SPECIFIC,DAMAGE_PROFILE_SINGLE_PASS,DAMAGE_PROFILE_SINGLE_PASS,FAMILY_DEFAULT_OR_SCRIPT_RETURN,NONE_RECORDED,BLOCKED_WHEN_ITEM_LEVEL_EXCEEDS_MAIN_LEVEL,GLOBAL_ADDITIONAL_EFFECT,YES,,,HIGH_FRAMEWORK_LOW_RETAIL_NUMERICS,ERA_UNRESOLVED,item-specific retail numerics
16846,bloody_lance,63,MAIN,POLEARM,ERA_UNRESOLVED,No introduction-era metadata exists in active repository item tables,SQL_MODIFIERS,sql/item_mods.sql:33081;sql/item_mods.sql:33082;sql/item_mods.sql:33083;sql/item_mods.sql:33084;sql/item_mods.sql:33085,,,,melee HandleEnspell or ranged OnRangedAttack -> luautils::additionalEffectAttack -> xi.additionalEffect.attack,HP_DRAIN,HP_DRAIN,5,,,,LEGACY_ADDITIONAL_EFFECT_MAGIC_ACCURACY,NO_DSTAT_CONFIGURED,,,MAGICAL_DAMAGE_TIER_OR_LEGACY_HANDLER,DARK,ELEMENTAL_LEGACY,20,,,UNDEAD_GUARD,HANDLER_SPECIFIC,HANDLER_SPECIFIC,FAMILY_DEFAULT_OR_SCRIPT_RETURN,NONE_RECORDED,BLOCKED_WHEN_ITEM_LEVEL_EXCEEDS_MAIN_LEVEL,GLOBAL_ADDITIONAL_EFFECT,YES,,,HIGH_FRAMEWORK_LOW_RETAIL_NUMERICS,VERIFY_LIVE,"drain accuracy, scaling, and element"
16860,holy_lance,53,MAIN,POLEARM,ERA_UNRESOLVED,No introduction-era metadata exists in active repository item tables,SQL_MODIFIERS,sql/item_mods.sql:33108;sql/item_mods.sql:33109;sql/item_mods.sql:33110;sql/item_mods.sql:33111;sql/item_mods.sql:33112,,,,melee HandleEnspell or ranged OnRangedAttack -> luautils::additionalEffectAttack -> xi.additionalEffect.attack,DAMAGE,LIGHT_DAMAGE,5,,,,LEGACY_ADDITIONAL_EFFECT_MAGIC_ACCURACY,NO_DSTAT_CONFIGURED,,,MAGICAL_DAMAGE_TIER_OR_LEGACY_HANDLER,LIGHT,ELEMENTAL_LEGACY,25,,,HANDLER_SPECIFIC,DAMAGE_PROFILE_SINGLE_PASS,DAMAGE_PROFILE_SINGLE_PASS,FAMILY_DEFAULT_OR_SCRIPT_RETURN,NONE_RECORDED,BLOCKED_WHEN_ITEM_LEVEL_EXCEEDS_MAIN_LEVEL,GLOBAL_ADDITIONAL_EFFECT,YES,,,HIGH_FRAMEWORK_LOW_RETAIL_NUMERICS,ERA_UNRESOLVED,item-specific retail numerics
16861,ice_lance,74,MAIN,POLEARM,ERA_UNRESOLVED,No introduction-era metadata exists in active repository item tables,SQL_MODIFIERS,sql/item_mods.sql:33115;sql/item_mods.sql:33116;sql/item_mods.sql:33117;sql/item_mods.sql:33118;sql/item_mods.sql:33119,,,,melee HandleEnspell or ranged OnRangedAttack -> luautils::additionalEffectAttack -> xi.additionalEffect.attack,DAMAGE,ICE_DAMAGE,5,,,,LEGACY_ADDITIONAL_EFFECT_MAGIC_ACCURACY,NO_DSTAT_CONFIGURED,,,MAGICAL_DAMAGE_TIER_OR_LEGACY_HANDLER,ICE,ELEMENTAL_LEGACY,25,,,HANDLER_SPECIFIC,DAMAGE_PROFILE_SINGLE_PASS,DAMAGE_PROFILE_SINGLE_PASS,FAMILY_DEFAULT_OR_SCRIPT_RETURN,NONE_RECORDED,BLOCKED_WHEN_ITEM_LEVEL_EXCEEDS_MAIN_LEVEL,GLOBAL_ADDITIONAL_EFFECT,YES,,,HIGH_FRAMEWORK_LOW_RETAIL_NUMERICS,ERA_UNRESOLVED,item-specific retail numerics
16863,cruel_spear,20,MAIN,POLEARM,ERA_UNRESOLVED,No introduction-era metadata exists in active repository item tables,SQL_MODIFIERS,sql/item_mods.sql:33126;sql/item_mods.sql:33127;sql/item_mods.sql:33128;sql/item_mods.sql:33129;sql/item_mods.sql:33130;sql/item_mods.sql:33131,,,,melee HandleEnspell or ranged OnRangedAttack -> luautils::additionalEffectAttack -> xi.additionalEffect.attack,DEBUFF,DEFENSE_OR_EVASION_OR_ATTACK_DOWN_OR_SLOW,10,,,,LEGACY_A_RANK,LEGACY_INT_DEFAULT,,,STATUS_MAGIC_TIER,,WEAPON_DMGTYPE_1,,60,EVASION_DOWN,STATUS_HELPERS,HANDLER_SPECIFIC,HANDLER_SPECIFIC,FAMILY_DEFAULT_OR_SCRIPT_RETURN,NONE_RECORDED,BLOCKED_WHEN_ITEM_LEVEL_EXCEEDS_MAIN_LEVEL,GLOBAL_ADDITIONAL_EFFECT,YES,,,HIGH_FRAMEWORK_LOW_RETAIL_NUMERICS,ERA_UNRESOLVED,item-specific retail numerics
16880,holy_lance_+1,53,MAIN,POLEARM,ERA_UNRESOLVED,No introduction-era metadata exists in active repository item tables,SQL_MODIFIERS,sql/item_mods.sql:33163;sql/item_mods.sql:33164;sql/item_mods.sql:33165;sql/item_mods.sql:33166;sql/item_mods.sql:33167,,,,melee HandleEnspell or ranged OnRangedAttack -> luautils::additionalEffectAttack -> xi.additionalEffect.attack,DAMAGE,LIGHT_DAMAGE,10,,,,LEGACY_ADDITIONAL_EFFECT_MAGIC_ACCURACY,NO_DSTAT_CONFIGURED,,,MAGICAL_DAMAGE_TIER_OR_LEGACY_HANDLER,LIGHT,ELEMENTAL_LEGACY,25,,,HANDLER_SPECIFIC,DAMAGE_PROFILE_SINGLE_PASS,DAMAGE_PROFILE_SINGLE_PASS,FAMILY_DEFAULT_OR_SCRIPT_RETURN,NONE_RECORDED,BLOCKED_WHEN_ITEM_LEVEL_EXCEEDS_MAIN_LEVEL,GLOBAL_ADDITIONAL_EFFECT,YES,,,HIGH_FRAMEWORK_LOW_RETAIL_NUMERICS,ERA_UNRESOLVED,item-specific retail numerics
16881,carnage_lance,63,MAIN,POLEARM,ERA_UNRESOLVED,No introduction-era metadata exists in active repository item tables,SQL_MODIFIERS,sql/item_mods.sql:33170;sql/item_mods.sql:33171;sql/item_mods.sql:33172;sql/item_mods.sql:33173;sql/item_mods.sql:33174,,,,melee HandleEnspell or ranged OnRangedAttack -> luautils::additionalEffectAttack -> xi.additionalEffect.attack,HP_DRAIN,HP_DRAIN,10,,,,LEGACY_ADDITIONAL_EFFECT_MAGIC_ACCURACY,NO_DSTAT_CONFIGURED,,,MAGICAL_DAMAGE_TIER_OR_LEGACY_HANDLER,DARK,ELEMENTAL_LEGACY,20,,,UNDEAD_GUARD,HANDLER_SPECIFIC,HANDLER_SPECIFIC,FAMILY_DEFAULT_OR_SCRIPT_RETURN,NONE_RECORDED,BLOCKED_WHEN_ITEM_LEVEL_EXCEEDS_MAIN_LEVEL,GLOBAL_ADDITIONAL_EFFECT,YES,,,HIGH_FRAMEWORK_LOW_RETAIL_NUMERICS,VERIFY_LIVE,"drain accuracy, scaling, and element"
16888,battle_fork,55,MAIN,POLEARM,ERA_UNRESOLVED,No introduction-era metadata exists in active repository item tables,SQL_MODIFIERS,sql/item_mods.sql:33200;sql/item_mods.sql:33201;sql/item_mods.sql:33202;sql/item_mods.sql:33203;sql/item_mods.sql:33204,,,,melee HandleEnspell or ranged OnRangedAttack -> luautils::additionalEffectAttack -> xi.additionalEffect.attack,DAMAGE,LIGHTNING_DAMAGE,10,,,,LEGACY_ADDITIONAL_EFFECT_MAGIC_ACCURACY,NO_DSTAT_CONFIGURED,,,MAGICAL_DAMAGE_TIER_OR_LEGACY_HANDLER,THUNDER,ELEMENTAL_LEGACY,25,,,HANDLER_SPECIFIC,DAMAGE_PROFILE_SINGLE_PASS,DAMAGE_PROFILE_SINGLE_PASS,FAMILY_DEFAULT_OR_SCRIPT_RETURN,NONE_RECORDED,BLOCKED_WHEN_ITEM_LEVEL_EXCEEDS_MAIN_LEVEL,GLOBAL_ADDITIONAL_EFFECT,YES,,,HIGH_FRAMEWORK_LOW_RETAIL_NUMERICS,ERA_UNRESOLVED,item-specific retail numerics
16889,battle_fork_+1,55,MAIN,POLEARM,ERA_UNRESOLVED,No introduction-era metadata exists in active repository item tables,SQL_MODIFIERS,sql/item_mods.sql:33208;sql/item_mods.sql:33209;sql/item_mods.sql:33210;sql/item_mods.sql:33211;sql/item_mods.sql:33212,,,,melee HandleEnspell or ranged OnRangedAttack -> luautils::additionalEffectAttack -> xi.additionalEffect.attack,DAMAGE,LIGHTNING_DAMAGE,10,,,,LEGACY_ADDITIONAL_EFFECT_MAGIC_ACCURACY,NO_DSTAT_CONFIGURED,,,MAGICAL_DAMAGE_TIER_OR_LEGACY_HANDLER,THUNDER,ELEMENTAL_LEGACY,25,,,HANDLER_SPECIFIC,DAMAGE_PROFILE_SINGLE_PASS,DAMAGE_PROFILE_SINGLE_PASS,FAMILY_DEFAULT_OR_SCRIPT_RETURN,NONE_RECORDED,BLOCKED_WHEN_ITEM_LEVEL_EXCEEDS_MAIN_LEVEL,GLOBAL_ADDITIONAL_EFFECT,YES,,,HIGH_FRAMEWORK_LOW_RETAIL_NUMERICS,ERA_UNRESOLVED,item-specific retail numerics
16895,ice_lance_+1,74,MAIN,POLEARM,ERA_UNRESOLVED,No introduction-era metadata exists in active repository item tables,SQL_MODIFIERS,sql/item_mods.sql:33238;sql/item_mods.sql:33239;sql/item_mods.sql:33240;sql/item_mods.sql:33241;sql/item_mods.sql:33242,,,,melee HandleEnspell or ranged OnRangedAttack -> luautils::additionalEffectAttack -> xi.additionalEffect.attack,DAMAGE,ICE_DAMAGE,10,,,,LEGACY_ADDITIONAL_EFFECT_MAGIC_ACCURACY,NO_DSTAT_CONFIGURED,,,MAGICAL_DAMAGE_TIER_OR_LEGACY_HANDLER,ICE,ELEMENTAL_LEGACY,25,,,HANDLER_SPECIFIC,DAMAGE_PROFILE_SINGLE_PASS,DAMAGE_PROFILE_SINGLE_PASS,FAMILY_DEFAULT_OR_SCRIPT_RETURN,NONE_RECORDED,BLOCKED_WHEN_ITEM_LEVEL_EXCEEDS_MAIN_LEVEL,GLOBAL_ADDITIONAL_EFFECT,YES,,,HIGH_FRAMEWORK_LOW_RETAIL_NUMERICS,ERA_UNRESOLVED,item-specific retail numerics
16897,kageboshi,50,MAIN|SUB,KATANA,ERA_UNRESOLVED,No introduction-era metadata exists in active repository item tables,SQL_MODIFIERS,sql/item_mods.sql:33245;sql/item_mods.sql:33246;sql/item_mods.sql:33247;sql/item_mods.sql:33248;sql/item_mods.sql:33249,,,,melee HandleEnspell or ranged OnRangedAttack -> luautils::additionalEffectAttack -> xi.additionalEffect.attack,DEBUFF,,10,,,,LEGACY_A_RANK,LEGACY_INT_DEFAULT,,,STATUS_MAGIC_TIER,,WEAPON_DMGTYPE_2,,20,BIND,STATUS_HELPERS,HANDLER_SPECIFIC,HANDLER_SPECIFIC,FAMILY_DEFAULT_OR_SCRIPT_RETURN,NONE_RECORDED,BLOCKED_WHEN_ITEM_LEVEL_EXCEEDS_MAIN_LEVEL,GLOBAL_ADDITIONAL_EFFECT,YES,,,HIGH_FRAMEWORK_LOW_RETAIL_NUMERICS,ERA_UNRESOLVED,item-specific retail numerics
16905,bokuto,41,MAIN|SUB,KATANA,ERA_UNRESOLVED,No introduction-era metadata exists in active repository item tables,SQL_MODIFIERS,sql/item_mods.sql:33258;sql/item_mods.sql:33259;sql/item_mods.sql:33260;sql/item_mods.sql:33261;sql/item_mods.sql:33262;sql/item_mods.sql:33263,,,,melee HandleEnspell or ranged OnRangedAttack -> luautils::additionalEffectAttack -> xi.additionalEffect.attack,DEBUFF,BLIND,10,,,,LEGACY_A_RANK,LEGACY_INT_DEFAULT,,,STATUS_MAGIC_TIER,,WEAPON_DMGTYPE_2,,30,BLINDNESS,STATUS_HELPERS,HANDLER_SPECIFIC,HANDLER_SPECIFIC,FAMILY_DEFAULT_OR_SCRIPT_RETURN,NONE_RECORDED,BLOCKED_WHEN_ITEM_LEVEL_EXCEEDS_MAIN_LEVEL,GLOBAL_ADDITIONAL_EFFECT,YES,,,HIGH_FRAMEWORK_LOW_RETAIL_NUMERICS,ERA_UNRESOLVED,item-specific retail numerics
16906,mokuto,16,MAIN|SUB,KATANA,ERA_UNRESOLVED,No introduction-era metadata exists in active repository item tables,SQL_MODIFIERS,sql/item_mods.sql:33266;sql/item_mods.sql:33267;sql/item_mods.sql:33268;sql/item_mods.sql:33269;sql/item_mods.sql:33270;sql/item_mods.sql:33271,,,,melee HandleEnspell or ranged OnRangedAttack -> luautils::additionalEffectAttack -> xi.additionalEffect.attack,DEBUFF,SILENCE,10,,,,LEGACY_A_RANK,LEGACY_INT_DEFAULT,,,STATUS_MAGIC_TIER,,WEAPON_DMGTYPE_2,,30,SILENCE,STATUS_HELPERS,HANDLER_SPECIFIC,HANDLER_SPECIFIC,FAMILY_DEFAULT_OR_SCRIPT_RETURN,NONE_RECORDED,BLOCKED_WHEN_ITEM_LEVEL_EXCEEDS_MAIN_LEVEL,GLOBAL_ADDITIONAL_EFFECT,YES,,,HIGH_FRAMEWORK_LOW_RETAIL_NUMERICS,ERA_UNRESOLVED,item-specific retail numerics
16907,busuto,26,MAIN|SUB,KATANA,ERA_UNRESOLVED,No introduction-era metadata exists in active repository item tables,SQL_MODIFIERS,sql/item_mods.sql:33274;sql/item_mods.sql:33275;sql/item_mods.sql:33276;sql/item_mods.sql:33277;sql/item_mods.sql:33278;sql/item_mods.sql:33279,,,,melee HandleEnspell or ranged OnRangedAttack -> luautils::additionalEffectAttack -> xi.additionalEffect.attack,DEBUFF,POISON_OR_TP_DRAIN,10,,,,LEGACY_A_RANK,LEGACY_INT_DEFAULT,,,STATUS_MAGIC_TIER,,WEAPON_DMGTYPE_2,,30,POISON,STATUS_HELPERS,HANDLER_SPECIFIC,HANDLER_SPECIFIC,FAMILY_DEFAULT_OR_SCRIPT_RETURN,NONE_RECORDED,BLOCKED_WHEN_ITEM_LEVEL_EXCEEDS_MAIN_LEVEL,GLOBAL_ADDITIONAL_EFFECT,YES,,,HIGH_FRAMEWORK_LOW_RETAIL_NUMERICS,ERA_UNRESOLVED,item-specific retail numerics
16908,yoto,46,MAIN|SUB,KATANA,ERA_UNRESOLVED,No introduction-era metadata exists in active repository item tables,SQL_MODIFIERS,sql/item_mods.sql:33282;sql/item_mods.sql:33283;sql/item_mods.sql:33284;sql/item_mods.sql:33285;sql/item_mods.sql:33286;sql/item_mods.sql:33287,,,,melee HandleEnspell or ranged OnRangedAttack -> luautils::additionalEffectAttack -> xi.additionalEffect.attack,DEBUFF,DEFENSE_OR_EVASION_OR_ATTACK_DOWN_OR_SLOW,5,,,,LEGACY_A_RANK,LEGACY_INT_DEFAULT,,,STATUS_MAGIC_TIER,,WEAPON_DMGTYPE_2,,60,DEFENSE_DOWN,STATUS_HELPERS,HANDLER_SPECIFIC,HANDLER_SPECIFIC,FAMILY_DEFAULT_OR_SCRIPT_RETURN,NONE_RECORDED,BLOCKED_WHEN_ITEM_LEVEL_EXCEEDS_MAIN_LEVEL,GLOBAL_ADDITIONAL_EFFECT,YES,,,HIGH_FRAMEWORK_LOW_RETAIL_NUMERICS,ERA_UNRESOLVED,item-specific retail numerics
16909,kororito,66,MAIN|SUB,KATANA,ERA_UNRESOLVED,No introduction-era metadata exists in active repository item tables,SQL_MODIFIERS,sql/item_mods.sql:33290;sql/item_mods.sql:33291;sql/item_mods.sql:33292;sql/item_mods.sql:33293;sql/item_mods.sql:33294;sql/item_mods.sql:33295,,,,melee HandleEnspell or ranged OnRangedAttack -> luautils::additionalEffectAttack -> xi.additionalEffect.attack,DEBUFF,POISON_OR_TP_DRAIN,10,,,,LEGACY_A_RANK,LEGACY_INT_DEFAULT,,,STATUS_MAGIC_TIER,,WEAPON_DMGTYPE_2,,30,POISON,STATUS_HELPERS,HANDLER_SPECIFIC,HANDLER_SPECIFIC,FAMILY_DEFAULT_OR_SCRIPT_RETURN,NONE_RECORDED,BLOCKED_WHEN_ITEM_LEVEL_EXCEEDS_MAIN_LEVEL,GLOBAL_ADDITIONAL_EFFECT,YES,,,HIGH_FRAMEWORK_LOW_RETAIL_NUMERICS,ERA_UNRESOLVED,item-specific retail numerics
16910,mamushito,72,MAIN|SUB,KATANA,ERA_UNRESOLVED,No introduction-era metadata exists in active repository item tables,SQL_MODIFIERS,sql/item_mods.sql:33298;sql/item_mods.sql:33299;sql/item_mods.sql:33300;sql/item_mods.sql:33301;sql/item_mods.sql:33302,,,,melee HandleEnspell or ranged OnRangedAttack -> luautils::additionalEffectAttack -> xi.additionalEffect.attack,DEBUFF,STUN,5,,,,LEGACY_A_RANK,LEGACY_INT_DEFAULT,,,STATUS_MAGIC_TIER,,WEAPON_DMGTYPE_2,,3,STUN,STATUS_HELPERS,HANDLER_SPECIFIC,HANDLER_SPECIFIC,FAMILY_DEFAULT_OR_SCRIPT_RETURN,NONE_RECORDED,BLOCKED_WHEN_ITEM_LEVEL_EXCEEDS_MAIN_LEVEL,GLOBAL_ADDITIONAL_EFFECT,YES,,,HIGH_FRAMEWORK_LOW_RETAIL_NUMERICS,ERA_UNRESOLVED,item-specific retail numerics
16925,mokuto_+1,16,MAIN|SUB,KATANA,ERA_UNRESOLVED,No introduction-era metadata exists in active repository item tables,SQL_MODIFIERS,sql/item_mods.sql:33311;sql/item_mods.sql:33312;sql/item_mods.sql:33313;sql/item_mods.sql:33314;sql/item_mods.sql:33315,,,,melee HandleEnspell or ranged OnRangedAttack -> luautils::additionalEffectAttack -> xi.additionalEffect.attack,DEBUFF,SILENCE,15,,,,LEGACY_A_RANK,LEGACY_INT_DEFAULT,,,STATUS_MAGIC_TIER,,WEAPON_DMGTYPE_2,,30,SILENCE,STATUS_HELPERS,HANDLER_SPECIFIC,HANDLER_SPECIFIC,FAMILY_DEFAULT_OR_SCRIPT_RETURN,NONE_RECORDED,BLOCKED_WHEN_ITEM_LEVEL_EXCEEDS_MAIN_LEVEL,GLOBAL_ADDITIONAL_EFFECT,YES,,,HIGH_FRAMEWORK_LOW_RETAIL_NUMERICS,ERA_UNRESOLVED,item-specific retail numerics
16926,bokuto_+1,41,MAIN|SUB,KATANA,ERA_UNRESOLVED,No introduction-era metadata exists in active repository item tables,SQL_MODIFIERS,sql/item_mods.sql:33318;sql/item_mods.sql:33319;sql/item_mods.sql:33320;sql/item_mods.sql:33321;sql/item_mods.sql:33322;sql/item_mods.sql:33323,,,,melee HandleEnspell or ranged OnRangedAttack -> luautils::additionalEffectAttack -> xi.additionalEffect.attack,DEBUFF,BLIND,15,,,,LEGACY_A_RANK,LEGACY_INT_DEFAULT,,,STATUS_MAGIC_TIER,,WEAPON_DMGTYPE_2,,30,BLINDNESS,STATUS_HELPERS,HANDLER_SPECIFIC,HANDLER_SPECIFIC,FAMILY_DEFAULT_OR_SCRIPT_RETURN,NONE_RECORDED,BLOCKED_WHEN_ITEM_LEVEL_EXCEEDS_MAIN_LEVEL,GLOBAL_ADDITIONAL_EFFECT,YES,,,HIGH_FRAMEWORK_LOW_RETAIL_NUMERICS,ERA_UNRESOLVED,item-specific retail numerics
16927,busuto_+1,26,MAIN|SUB,KATANA,ERA_UNRESOLVED,No introduction-era metadata exists in active repository item tables,SQL_MODIFIERS,sql/item_mods.sql:33326;sql/item_mods.sql:33327;sql/item_mods.sql:33328;sql/item_mods.sql:33329;sql/item_mods.sql:33330;sql/item_mods.sql:33331,,,,melee HandleEnspell or ranged OnRangedAttack -> luautils::additionalEffectAttack -> xi.additionalEffect.attack,DEBUFF,POISON_OR_TP_DRAIN,15,,,,LEGACY_A_RANK,LEGACY_INT_DEFAULT,,,STATUS_MAGIC_TIER,,WEAPON_DMGTYPE_2,,30,POISON,STATUS_HELPERS,HANDLER_SPECIFIC,HANDLER_SPECIFIC,FAMILY_DEFAULT_OR_SCRIPT_RETURN,NONE_RECORDED,BLOCKED_WHEN_ITEM_LEVEL_EXCEEDS_MAIN_LEVEL,GLOBAL_ADDITIONAL_EFFECT,YES,,,HIGH_FRAMEWORK_LOW_RETAIL_NUMERICS,ERA_UNRESOLVED,item-specific retail numerics
16928,hellfire_sword,27,MAIN,GREAT_SWORD,ERA_UNRESOLVED,No introduction-era metadata exists in active repository item tables,SQL_MODIFIERS,sql/item_mods.sql:33334;sql/item_mods.sql:33335;sql/item_mods.sql:33336;sql/item_mods.sql:33337;sql/item_mods.sql:33338,,,,melee HandleEnspell or ranged OnRangedAttack -> luautils::additionalEffectAttack -> xi.additionalEffect.attack,DAMAGE,FIRE_DAMAGE,10,,,,LEGACY_ADDITIONAL_EFFECT_MAGIC_ACCURACY,NO_DSTAT_CONFIGURED,,,MAGICAL_DAMAGE_TIER_OR_LEGACY_HANDLER,FIRE,ELEMENTAL_LEGACY,10,,,HANDLER_SPECIFIC,DAMAGE_PROFILE_SINGLE_PASS,DAMAGE_PROFILE_SINGLE_PASS,FAMILY_DEFAULT_OR_SCRIPT_RETURN,NONE_RECORDED,BLOCKED_WHEN_ITEM_LEVEL_EXCEEDS_MAIN_LEVEL,GLOBAL_ADDITIONAL_EFFECT,YES,,,HIGH_FRAMEWORK_LOW_RETAIL_NUMERICS,ERA_UNRESOLVED,item-specific retail numerics
16929,burning_claymore,13,MAIN,GREAT_SWORD,ERA_UNRESOLVED,No introduction-era metadata exists in active repository item tables,SQL_MODIFIERS,sql/item_mods.sql:33341;sql/item_mods.sql:33342;sql/item_mods.sql:33343;sql/item_mods.sql:33344;sql/item_mods.sql:33345,,,,melee HandleEnspell or ranged OnRangedAttack -> luautils::additionalEffectAttack -> xi.additionalEffect.attack,DAMAGE,FIRE_DAMAGE,10,,,,LEGACY_ADDITIONAL_EFFECT_MAGIC_ACCURACY,NO_DSTAT_CONFIGURED,,,MAGICAL_DAMAGE_TIER_OR_LEGACY_HANDLER,FIRE,ELEMENTAL_LEGACY,10,,,HANDLER_SPECIFIC,DAMAGE_PROFILE_SINGLE_PASS,DAMAGE_PROFILE_SINGLE_PASS,FAMILY_DEFAULT_OR_SCRIPT_RETURN,NONE_RECORDED,BLOCKED_WHEN_ITEM_LEVEL_EXCEEDS_MAIN_LEVEL,GLOBAL_ADDITIONAL_EFFECT,YES,,,HIGH_FRAMEWORK_LOW_RETAIL_NUMERICS,ERA_UNRESOLVED,item-specific retail numerics
16936,demonic_sword,31,MAIN,GREAT_SWORD,ERA_UNRESOLVED,No introduction-era metadata exists in active repository item tables,SQL_MODIFIERS,sql/item_mods.sql:33360;sql/item_mods.sql:33361;sql/item_mods.sql:33362;sql/item_mods.sql:33363;sql/item_mods.sql:33364,,,,melee HandleEnspell or ranged OnRangedAttack -> luautils::additionalEffectAttack -> xi.additionalEffect.attack,DAMAGE,DARKNESS_DAMAGE_OR_HPMP_DRAIN,10,,,,LEGACY_ADDITIONAL_EFFECT_MAGIC_ACCURACY,NO_DSTAT_CONFIGURED,,,MAGICAL_DAMAGE_TIER_OR_LEGACY_HANDLER,DARK,ELEMENTAL_LEGACY,21,,,HANDLER_SPECIFIC,DAMAGE_PROFILE_SINGLE_PASS,DAMAGE_PROFILE_SINGLE_PASS,FAMILY_DEFAULT_OR_SCRIPT_RETURN,NONE_RECORDED,BLOCKED_WHEN_ITEM_LEVEL_EXCEEDS_MAIN_LEVEL,GLOBAL_ADDITIONAL_EFFECT,YES,,,HIGH_FRAMEWORK_LOW_RETAIL_NUMERICS,ERA_UNRESOLVED,item-specific retail numerics
16937,icicle_sword,39,MAIN,GREAT_SWORD,ERA_UNRESOLVED,No introduction-era metadata exists in active repository item tables,SQL_MODIFIERS,sql/item_mods.sql:33368;sql/item_mods.sql:33369;sql/item_mods.sql:33370;sql/item_mods.sql:33371;sql/item_mods.sql:33372,,,,melee HandleEnspell or ranged OnRangedAttack -> luautils::additionalEffectAttack -> xi.additionalEffect.attack,DAMAGE,ICE_DAMAGE,5,,,,LEGACY_ADDITIONAL_EFFECT_MAGIC_ACCURACY,NO_DSTAT_CONFIGURED,,,MAGICAL_DAMAGE_TIER_OR_LEGACY_HANDLER,ICE,ELEMENTAL_LEGACY,10,,,HANDLER_SPECIFIC,DAMAGE_PROFILE_SINGLE_PASS,DAMAGE_PROFILE_SINGLE_PASS,FAMILY_DEFAULT_OR_SCRIPT_RETURN,NONE_RECORDED,BLOCKED_WHEN_ITEM_LEVEL_EXCEEDS_MAIN_LEVEL,GLOBAL_ADDITIONAL_EFFECT,YES,,,HIGH_FRAMEWORK_LOW_RETAIL_NUMERICS,ERA_UNRESOLVED,item-specific retail numerics
16942,balmung,70,MAIN,GREAT_SWORD,ERA_UNRESOLVED,No introduction-era metadata exists in active repository item tables,SQL_MODIFIERS+ITEM_SCRIPT,sql/item_mods.sql:33385;scripts/items/balmung.lua,,,,melee HandleEnspell or ranged OnRangedAttack -> luautils::OnItemAdditionalEffect -> onItemAdditionalEffect,SCRIPTED,,,,,,N/A,N/A,,,NONE_OR_HANDLER_SPECIFIC,,WEAPON_DMGTYPE_2,,,,HANDLER_SPECIFIC,HANDLER_SPECIFIC,HANDLER_SPECIFIC,FAMILY_DEFAULT_OR_SCRIPT_RETURN,NONE_RECORDED,BLOCKED_WHEN_ITEM_LEVEL_EXCEEDS_MAIN_LEVEL,PER_ITEM_LUA,YES,,,HIGH_FRAMEWORK_LOW_RETAIL_NUMERICS,VERIFY_LIVE,item-specific retail numerics
16944,lockheart,64,MAIN,GREAT_SWORD,ERA_UNRESOLVED,No introduction-era metadata exists in active repository item tables,SQL_MODIFIERS,sql/item_mods.sql:33393;sql/item_mods.sql:33394,,,,melee HandleEnspell or ranged OnRangedAttack -> luautils::additionalEffectAttack -> xi.additionalEffect.attack,DISPEL,,5,,,,N/A,N/A,,,NONE_OR_HANDLER_SPECIFIC,,WEAPON_DMGTYPE_2,,,,HANDLER_SPECIFIC,HANDLER_SPECIFIC,HANDLER_SPECIFIC,FAMILY_DEFAULT_OR_SCRIPT_RETURN,NONE_RECORDED,BLOCKED_WHEN_ITEM_LEVEL_EXCEEDS_MAIN_LEVEL,GLOBAL_ADDITIONAL_EFFECT,YES,,,HIGH_FRAMEWORK_LOW_RETAIL_NUMERICS,VERIFY_LIVE,item-specific retail numerics
16950,mythril_heart,66,MAIN,GREAT_SWORD,ERA_UNRESOLVED,No introduction-era metadata exists in active repository item tables,SQL_MODIFIERS,sql/item_mods.sql:33409;sql/item_mods.sql:33410,,,,melee HandleEnspell or ranged OnRangedAttack -> luautils::additionalEffectAttack -> xi.additionalEffect.attack,DISPEL,,10,,,,N/A,N/A,,,NONE_OR_HANDLER_SPECIFIC,,WEAPON_DMGTYPE_2,,,,HANDLER_SPECIFIC,HANDLER_SPECIFIC,HANDLER_SPECIFIC,FAMILY_DEFAULT_OR_SCRIPT_RETURN,NONE_RECORDED,BLOCKED_WHEN_ITEM_LEVEL_EXCEEDS_MAIN_LEVEL,GLOBAL_ADDITIONAL_EFFECT,YES,,,HIGH_FRAMEWORK_LOW_RETAIL_NUMERICS,VERIFY_LIVE,item-specific retail numerics
16951,mythril_heart_+1,66,MAIN,GREAT_SWORD,ERA_UNRESOLVED,No introduction-era metadata exists in active repository item tables,SQL_MODIFIERS,sql/item_mods.sql:33413;sql/item_mods.sql:33414,,,,melee HandleEnspell or ranged OnRangedAttack -> luautils::additionalEffectAttack -> xi.additionalEffect.attack,DISPEL,,10,,,,N/A,N/A,,,NONE_OR_HANDLER_SPECIFIC,,WEAPON_DMGTYPE_2,,,,HANDLER_SPECIFIC,HANDLER_SPECIFIC,HANDLER_SPECIFIC,FAMILY_DEFAULT_OR_SCRIPT_RETURN,NONE_RECORDED,BLOCKED_WHEN_ITEM_LEVEL_EXCEEDS_MAIN_LEVEL,GLOBAL_ADDITIONAL_EFFECT,YES,,,HIGH_FRAMEWORK_LOW_RETAIL_NUMERICS,VERIFY_LIVE,item-specific retail numerics
16973,homura,34,MAIN,GREAT_KATANA,ERA_UNRESOLVED,No introduction-era metadata exists in active repository item tables,SQL_MODIFIERS,sql/item_mods.sql:33460;sql/item_mods.sql:33461;sql/item_mods.sql:33462;sql/item_mods.sql:33463;sql/item_mods.sql:33464,,,,melee HandleEnspell or ranged OnRangedAttack -> luautils::additionalEffectAttack -> xi.additionalEffect.attack,DAMAGE,FIRE_DAMAGE,5,,,,LEGACY_ADDITIONAL_EFFECT_MAGIC_ACCURACY,NO_DSTAT_CONFIGURED,,,MAGICAL_DAMAGE_TIER_OR_LEGACY_HANDLER,FIRE,ELEMENTAL_LEGACY,19,,,HANDLER_SPECIFIC,DAMAGE_PROFILE_SINGLE_PASS,DAMAGE_PROFILE_SINGLE_PASS,FAMILY_DEFAULT_OR_SCRIPT_RETURN,NONE_RECORDED,BLOCKED_WHEN_ITEM_LEVEL_EXCEEDS_MAIN_LEVEL,GLOBAL_ADDITIONAL_EFFECT,YES,,,HIGH_FRAMEWORK_LOW_RETAIL_NUMERICS,ERA_UNRESOLVED,item-specific retail numerics
16974,dotanuki,55,MAIN,GREAT_KATANA,ERA_UNRESOLVED,No introduction-era metadata exists in active repository item tables,SQL_MODIFIERS,sql/item_mods.sql:33467;sql/item_mods.sql:33468;sql/item_mods.sql:33469;sql/item_mods.sql:33470;sql/item_mods.sql:33471;sql/item_mods.sql:33472,,,,melee HandleEnspell or ranged OnRangedAttack -> luautils::additionalEffectAttack -> xi.additionalEffect.attack,DEBUFF,DEFENSE_OR_EVASION_OR_ATTACK_DOWN_OR_SLOW,30,,,,LEGACY_A_RANK,LEGACY_INT_DEFAULT,,,STATUS_MAGIC_TIER,,WEAPON_DMGTYPE_2,,30,EVASION_DOWN,STATUS_HELPERS,HANDLER_SPECIFIC,HANDLER_SPECIFIC,FAMILY_DEFAULT_OR_SCRIPT_RETURN,NONE_RECORDED,BLOCKED_WHEN_ITEM_LEVEL_EXCEEDS_MAIN_LEVEL,GLOBAL_ADDITIONAL_EFFECT,YES,,,HIGH_FRAMEWORK_LOW_RETAIL_NUMERICS,ERA_UNRESOLVED,item-specific retail numerics
16986,homura_+1,34,MAIN,GREAT_KATANA,ERA_UNRESOLVED,No introduction-era metadata exists in active repository item tables,SQL_MODIFIERS,sql/item_mods.sql:33483;sql/item_mods.sql:33484;sql/item_mods.sql:33485;sql/item_mods.sql:33486;sql/item_mods.sql:33487,,,,melee HandleEnspell or ranged OnRangedAttack -> luautils::additionalEffectAttack -> xi.additionalEffect.attack,DAMAGE,FIRE_DAMAGE,10,,,,LEGACY_ADDITIONAL_EFFECT_MAGIC_ACCURACY,NO_DSTAT_CONFIGURED,,,MAGICAL_DAMAGE_TIER_OR_LEGACY_HANDLER,FIRE,ELEMENTAL_LEGACY,23,,,HANDLER_SPECIFIC,DAMAGE_PROFILE_SINGLE_PASS,DAMAGE_PROFILE_SINGLE_PASS,FAMILY_DEFAULT_OR_SCRIPT_RETURN,NONE_RECORDED,BLOCKED_WHEN_ITEM_LEVEL_EXCEEDS_MAIN_LEVEL,GLOBAL_ADDITIONAL_EFFECT,YES,,,HIGH_FRAMEWORK_LOW_RETAIL_NUMERICS,ERA_UNRESOLVED,item-specific retail numerics
17041,holy_mace,43,MAIN|SUB,CLUB,ERA_UNRESOLVED,No introduction-era metadata exists in active repository item tables,SQL_MODIFIERS,sql/item_mods.sql:33501;sql/item_mods.sql:33502;sql/item_mods.sql:33503;sql/item_mods.sql:33504;sql/item_mods.sql:33505,,,,melee HandleEnspell or ranged OnRangedAttack -> luautils::additionalEffectAttack -> xi.additionalEffect.attack,DAMAGE,LIGHT_DAMAGE,5,,,,LEGACY_ADDITIONAL_EFFECT_MAGIC_ACCURACY,NO_DSTAT_CONFIGURED,,,MAGICAL_DAMAGE_TIER_OR_LEGACY_HANDLER,LIGHT,ELEMENTAL_LEGACY,25,,,HANDLER_SPECIFIC,DAMAGE_PROFILE_SINGLE_PASS,DAMAGE_PROFILE_SINGLE_PASS,FAMILY_DEFAULT_OR_SCRIPT_RETURN,NONE_RECORDED,BLOCKED_WHEN_ITEM_LEVEL_EXCEEDS_MAIN_LEVEL,GLOBAL_ADDITIONAL_EFFECT,YES,,,HIGH_FRAMEWORK_LOW_RETAIL_NUMERICS,ERA_UNRESOLVED,item-specific retail numerics
17069,moepapa_mace,94,MAIN|SUB,CLUB,ERA_UNRESOLVED,No introduction-era metadata exists in active repository item tables,SQL_MODIFIERS,sql/item_mods.sql:33579;sql/item_mods.sql:33580;sql/item_mods.sql:33581;sql/item_mods.sql:33582;sql/item_mods.sql:33583,,,,melee HandleEnspell or ranged OnRangedAttack -> luautils::additionalEffectAttack -> xi.additionalEffect.attack,DEBUFF,BLIND,10,,,,LEGACY_A_RANK,LEGACY_INT_DEFAULT,,,STATUS_MAGIC_TIER,,WEAPON_DMGTYPE_3,,12,SLOW,STATUS_HELPERS,HANDLER_SPECIFIC,HANDLER_SPECIFIC,FAMILY_DEFAULT_OR_SCRIPT_RETURN,NONE_RECORDED,BLOCKED_WHEN_ITEM_LEVEL_EXCEEDS_MAIN_LEVEL,GLOBAL_ADDITIONAL_EFFECT,YES,,,HIGH_FRAMEWORK_LOW_RETAIL_NUMERICS,ERA_UNRESOLVED,item-specific retail numerics
17071,heat_rod,27,MAIN|SUB,CLUB,ERA_UNRESOLVED,No introduction-era metadata exists in active repository item tables,SQL_MODIFIERS,sql/item_mods.sql:33589;sql/item_mods.sql:33590;sql/item_mods.sql:33591;sql/item_mods.sql:33592;sql/item_mods.sql:33593,,,,melee HandleEnspell or ranged OnRangedAttack -> luautils::additionalEffectAttack -> xi.additionalEffect.attack,DAMAGE,LIGHTNING_DAMAGE,10,,,,LEGACY_ADDITIONAL_EFFECT_MAGIC_ACCURACY,NO_DSTAT_CONFIGURED,,,MAGICAL_DAMAGE_TIER_OR_LEGACY_HANDLER,THUNDER,ELEMENTAL_LEGACY,20,,,HANDLER_SPECIFIC,DAMAGE_PROFILE_SINGLE_PASS,DAMAGE_PROFILE_SINGLE_PASS,FAMILY_DEFAULT_OR_SCRIPT_RETURN,NONE_RECORDED,BLOCKED_WHEN_ITEM_LEVEL_EXCEEDS_MAIN_LEVEL,GLOBAL_ADDITIONAL_EFFECT,YES,,,HIGH_FRAMEWORK_LOW_RETAIL_NUMERICS,ERA_UNRESOLVED,item-specific retail numerics
17076,earth_wand,21,MAIN|SUB,CLUB,ERA_UNRESOLVED,No introduction-era metadata exists in active repository item tables,SQL_MODIFIERS,sql/item_mods.sql:33610;sql/item_mods.sql:33611;sql/item_mods.sql:33612;sql/item_mods.sql:33613;sql/item_mods.sql:33614,,,,melee HandleEnspell or ranged OnRangedAttack -> luautils::additionalEffectAttack -> xi.additionalEffect.attack,DAMAGE,EARTH_DAMAGE_OR_CURSE_SPIKES,10,,,,LEGACY_ADDITIONAL_EFFECT_MAGIC_ACCURACY,NO_DSTAT_CONFIGURED,,,MAGICAL_DAMAGE_TIER_OR_LEGACY_HANDLER,EARTH,ELEMENTAL_LEGACY,20,,,HANDLER_SPECIFIC,DAMAGE_PROFILE_SINGLE_PASS,DAMAGE_PROFILE_SINGLE_PASS,FAMILY_DEFAULT_OR_SCRIPT_RETURN,NONE_RECORDED,BLOCKED_WHEN_ITEM_LEVEL_EXCEEDS_MAIN_LEVEL,GLOBAL_ADDITIONAL_EFFECT,YES,,,HIGH_FRAMEWORK_LOW_RETAIL_NUMERICS,ERA_UNRESOLVED,item-specific retail numerics
17080,holy_maul,38,MAIN|SUB,CLUB,ERA_UNRESOLVED,No introduction-era metadata exists in active repository item tables,SQL_MODIFIERS,sql/item_mods.sql:33634;sql/item_mods.sql:33635;sql/item_mods.sql:33636;sql/item_mods.sql:33637;sql/item_mods.sql:33638,,,,melee HandleEnspell or ranged OnRangedAttack -> luautils::additionalEffectAttack -> xi.additionalEffect.attack,DAMAGE,LIGHT_DAMAGE,5,,,,LEGACY_ADDITIONAL_EFFECT_MAGIC_ACCURACY,NO_DSTAT_CONFIGURED,,,MAGICAL_DAMAGE_TIER_OR_LEGACY_HANDLER,LIGHT,ELEMENTAL_LEGACY,21,,,HANDLER_SPECIFIC,DAMAGE_PROFILE_SINGLE_PASS,DAMAGE_PROFILE_SINGLE_PASS,FAMILY_DEFAULT_OR_SCRIPT_RETURN,NONE_RECORDED,BLOCKED_WHEN_ITEM_LEVEL_EXCEEDS_MAIN_LEVEL,GLOBAL_ADDITIONAL_EFFECT,YES,,,HIGH_FRAMEWORK_LOW_RETAIL_NUMERICS,ERA_UNRESOLVED,item-specific retail numerics
17083,time_hammer,47,MAIN|SUB,CLUB,ERA_UNRESOLVED,No introduction-era metadata exists in active repository item tables,SQL_MODIFIERS,sql/item_mods.sql:33650;sql/item_mods.sql:33651;sql/item_mods.sql:33652;sql/item_mods.sql:33653;sql/item_mods.sql:33654,,,,melee HandleEnspell or ranged OnRangedAttack -> luautils::additionalEffectAttack -> xi.additionalEffect.attack,DEBUFF,,10,,,,LEGACY_A_RANK,LEGACY_INT_DEFAULT,,,STATUS_MAGIC_TIER,,WEAPON_DMGTYPE_3,,30,BIND,STATUS_HELPERS,HANDLER_SPECIFIC,HANDLER_SPECIFIC,FAMILY_DEFAULT_OR_SCRIPT_RETURN,NONE_RECORDED,BLOCKED_WHEN_ITEM_LEVEL_EXCEEDS_MAIN_LEVEL,GLOBAL_ADDITIONAL_EFFECT,YES,,,HIGH_FRAMEWORK_LOW_RETAIL_NUMERICS,ERA_UNRESOLVED,item-specific retail numerics
17106,rockmasher,56,MAIN,STAFF,ERA_UNRESOLVED,No introduction-era metadata exists in active repository item tables,SQL_MODIFIERS,sql/item_mods.sql:33699;sql/item_mods.sql:33700;sql/item_mods.sql:33701;sql/item_mods.sql:33702;sql/item_mods.sql:33703;sql/item_mods.sql:33704,,,,melee HandleEnspell or ranged OnRangedAttack -> luautils::additionalEffectAttack -> xi.additionalEffect.attack,DEBUFF,DEFENSE_OR_EVASION_OR_ATTACK_DOWN_OR_SLOW,10,,,,LEGACY_A_RANK,LEGACY_INT_DEFAULT,,,STATUS_MAGIC_TIER,,WEAPON_DMGTYPE_3,,30,DEFENSE_DOWN,STATUS_HELPERS,HANDLER_SPECIFIC,HANDLER_SPECIFIC,FAMILY_DEFAULT_OR_SCRIPT_RETURN,NONE_RECORDED,BLOCKED_WHEN_ITEM_LEVEL_EXCEEDS_MAIN_LEVEL,GLOBAL_ADDITIONAL_EFFECT,YES,,,HIGH_FRAMEWORK_LOW_RETAIL_NUMERICS,ERA_UNRESOLVED,item-specific retail numerics
17114,holy_maul_+1,38,MAIN|SUB,CLUB,ERA_UNRESOLVED,No introduction-era metadata exists in active repository item tables,SQL_MODIFIERS,sql/item_mods.sql:33729;sql/item_mods.sql:33730;sql/item_mods.sql:33731;sql/item_mods.sql:33732;sql/item_mods.sql:33733,,,,melee HandleEnspell or ranged OnRangedAttack -> luautils::additionalEffectAttack -> xi.additionalEffect.attack,DAMAGE,LIGHT_DAMAGE,10,,,,LEGACY_ADDITIONAL_EFFECT_MAGIC_ACCURACY,NO_DSTAT_CONFIGURED,,,MAGICAL_DAMAGE_TIER_OR_LEGACY_HANDLER,LIGHT,ELEMENTAL_LEGACY,21,,,HANDLER_SPECIFIC,DAMAGE_PROFILE_SINGLE_PASS,DAMAGE_PROFILE_SINGLE_PASS,FAMILY_DEFAULT_OR_SCRIPT_RETURN,NONE_RECORDED,BLOCKED_WHEN_ITEM_LEVEL_EXCEEDS_MAIN_LEVEL,GLOBAL_ADDITIONAL_EFFECT,YES,,,HIGH_FRAMEWORK_LOW_RETAIL_NUMERICS,ERA_UNRESOLVED,item-specific retail numerics
17116,misery_staff,20,MAIN,STAFF,ERA_UNRESOLVED,No introduction-era metadata exists in active repository item tables,SQL_MODIFIERS,sql/item_mods.sql:33736;sql/item_mods.sql:33737;sql/item_mods.sql:33738;sql/item_mods.sql:33739;sql/item_mods.sql:33740,,,,melee HandleEnspell or ranged OnRangedAttack -> luautils::additionalEffectAttack -> xi.additionalEffect.attack,DEBUFF,CURSE,10,,,,LEGACY_A_RANK,LEGACY_INT_DEFAULT,,,STATUS_MAGIC_TIER,,WEAPON_DMGTYPE_3,,30,EFFECT_9,STATUS_HELPERS,HANDLER_SPECIFIC,HANDLER_SPECIFIC,FAMILY_DEFAULT_OR_SCRIPT_RETURN,NONE_RECORDED,BLOCKED_WHEN_ITEM_LEVEL_EXCEEDS_MAIN_LEVEL,GLOBAL_ADDITIONAL_EFFECT,YES,,,HIGH_FRAMEWORK_LOW_RETAIL_NUMERICS,ERA_UNRESOLVED,item-specific retail numerics
17117,hypno_staff,30,MAIN,STAFF,ERA_UNRESOLVED,No introduction-era metadata exists in active repository item tables,SQL_MODIFIERS,sql/item_mods.sql:33743;sql/item_mods.sql:33744;sql/item_mods.sql:33745;sql/item_mods.sql:33746;sql/item_mods.sql:33747,,,,melee HandleEnspell or ranged OnRangedAttack -> luautils::additionalEffectAttack -> xi.additionalEffect.attack,DEBUFF,SLEEP_OR_MP_DRAIN,10,,,,LEGACY_A_RANK,LEGACY_INT_DEFAULT,,,STATUS_MAGIC_TIER,,WEAPON_DMGTYPE_3,,25,SLEEP_I,STATUS_HELPERS,HANDLER_SPECIFIC,HANDLER_SPECIFIC,FAMILY_DEFAULT_OR_SCRIPT_RETURN,NONE_RECORDED,BLOCKED_WHEN_ITEM_LEVEL_EXCEEDS_MAIN_LEVEL,GLOBAL_ADDITIONAL_EFFECT,YES,,,HIGH_FRAMEWORK_LOW_RETAIL_NUMERICS,ERA_UNRESOLVED,item-specific retail numerics
17134,dolphin_staff,27,MAIN,STAFF,ERA_UNRESOLVED,No introduction-era metadata exists in active repository item tables,SQL_MODIFIERS,sql/item_mods.sql:33801;sql/item_mods.sql:33802;sql/item_mods.sql:33803;sql/item_mods.sql:33804;sql/item_mods.sql:33805,,,,melee HandleEnspell or ranged OnRangedAttack -> luautils::additionalEffectAttack -> xi.additionalEffect.attack,DAMAGE,WATER_DAMAGE,5,,,,LEGACY_ADDITIONAL_EFFECT_MAGIC_ACCURACY,NO_DSTAT_CONFIGURED,,,MAGICAL_DAMAGE_TIER_OR_LEGACY_HANDLER,WATER,ELEMENTAL_LEGACY,10,,,HANDLER_SPECIFIC,DAMAGE_PROFILE_SINGLE_PASS,DAMAGE_PROFILE_SINGLE_PASS,FAMILY_DEFAULT_OR_SCRIPT_RETURN,NONE_RECORDED,BLOCKED_WHEN_ITEM_LEVEL_EXCEEDS_MAIN_LEVEL,GLOBAL_ADDITIONAL_EFFECT,YES,,,HIGH_FRAMEWORK_LOW_RETAIL_NUMERICS,ERA_UNRESOLVED,item-specific retail numerics
17291,flame_boomerang,19,RANGED,THROWING,ERA_UNRESOLVED,No introduction-era metadata exists in active repository item tables,SQL_MODIFIERS,sql/item_mods.sql:34138;sql/item_mods.sql:34140;sql/item_mods.sql:34141;sql/item_mods.sql:34142;sql/item_mods.sql:34143;sql/item_mods.sql:34144,,,,melee HandleEnspell or ranged OnRangedAttack -> luautils::additionalEffectAttack -> xi.additionalEffect.attack,DAMAGE,FIRE_DAMAGE,5,,5,,LEGACY_ADDITIONAL_EFFECT_MAGIC_ACCURACY,NO_DSTAT_CONFIGURED,,,MAGICAL_DAMAGE_TIER_OR_LEGACY_HANDLER,FIRE,ELEMENTAL_LEGACY,10,,,HANDLER_SPECIFIC,DAMAGE_PROFILE_SINGLE_PASS,DAMAGE_PROFILE_SINGLE_PASS,FAMILY_DEFAULT_OR_SCRIPT_RETURN,NONE_RECORDED,BLOCKED_WHEN_ITEM_LEVEL_EXCEEDS_MAIN_LEVEL,GLOBAL_ADDITIONAL_EFFECT,YES,,,HIGH_FRAMEWORK_LOW_RETAIL_NUMERICS,ERA_UNRESOLVED,item-specific retail numerics
17305,cluster_arm,5,AMMO,THROWING,ERA_UNRESOLVED,No introduction-era metadata exists in active repository item tables,SQL_MODIFIERS,sql/item_mods.sql:34164;sql/item_mods.sql:34165;sql/item_mods.sql:34166;sql/item_mods.sql:34167;sql/item_mods.sql:34168,,,,melee HandleEnspell or ranged OnRangedAttack -> luautils::additionalEffectAttack -> xi.additionalEffect.attack,DAMAGE,FIRE_DAMAGE,5,,,,LEGACY_ADDITIONAL_EFFECT_MAGIC_ACCURACY,NO_DSTAT_CONFIGURED,,,MAGICAL_DAMAGE_TIER_OR_LEGACY_HANDLER,FIRE,ELEMENTAL_LEGACY,10,,,HANDLER_SPECIFIC,DAMAGE_PROFILE_SINGLE_PASS,DAMAGE_PROFILE_SINGLE_PASS,FAMILY_DEFAULT_OR_SCRIPT_RETURN,NONE_RECORDED,BLOCKED_WHEN_ITEM_LEVEL_EXCEEDS_MAIN_LEVEL,GLOBAL_ADDITIONAL_EFFECT,YES,,,HIGH_FRAMEWORK_LOW_RETAIL_NUMERICS,ERA_UNRESOLVED,item-specific retail numerics
17306,snoll_arm,5,AMMO,THROWING,ERA_UNRESOLVED,No introduction-era metadata exists in active repository item tables,SQL_MODIFIERS,sql/item_mods.sql:34171;sql/item_mods.sql:34172;sql/item_mods.sql:34173;sql/item_mods.sql:34174;sql/item_mods.sql:34175,,,,melee HandleEnspell or ranged OnRangedAttack -> luautils::additionalEffectAttack -> xi.additionalEffect.attack,DAMAGE,ICE_DAMAGE,5,,,,LEGACY_ADDITIONAL_EFFECT_MAGIC_ACCURACY,NO_DSTAT_CONFIGURED,,,MAGICAL_DAMAGE_TIER_OR_LEGACY_HANDLER,ICE,ELEMENTAL_LEGACY,10,,,HANDLER_SPECIFIC,DAMAGE_PROFILE_SINGLE_PASS,DAMAGE_PROFILE_SINGLE_PASS,FAMILY_DEFAULT_OR_SCRIPT_RETURN,NONE_RECORDED,BLOCKED_WHEN_ITEM_LEVEL_EXCEEDS_MAIN_LEVEL,GLOBAL_ADDITIONAL_EFFECT,YES,,,HIGH_FRAMEWORK_LOW_RETAIL_NUMERICS,ERA_UNRESOLVED,item-specific retail numerics
17313,grenade,19,AMMO,THROWING,ERA_UNRESOLVED,No introduction-era metadata exists in active repository item tables,SQL_MODIFIERS,sql/item_mods.sql:34178;sql/item_mods.sql:34179;sql/item_mods.sql:34180;sql/item_mods.sql:34181;sql/item_mods.sql:34182,,,,melee HandleEnspell or ranged OnRangedAttack -> luautils::additionalEffectAttack -> xi.additionalEffect.attack,DAMAGE,FIRE_DAMAGE,5,,,,LEGACY_ADDITIONAL_EFFECT_MAGIC_ACCURACY,NO_DSTAT_CONFIGURED,,,MAGICAL_DAMAGE_TIER_OR_LEGACY_HANDLER,FIRE,ELEMENTAL_LEGACY,10,,,HANDLER_SPECIFIC,DAMAGE_PROFILE_SINGLE_PASS,DAMAGE_PROFILE_SINGLE_PASS,FAMILY_DEFAULT_OR_SCRIPT_RETURN,NONE_RECORDED,BLOCKED_WHEN_ITEM_LEVEL_EXCEEDS_MAIN_LEVEL,GLOBAL_ADDITIONAL_EFFECT,YES,,,HIGH_FRAMEWORK_LOW_RETAIL_NUMERICS,ERA_UNRESOLVED,item-specific retail numerics
17314,quake_grenade,32,AMMO,THROWING,ERA_UNRESOLVED,No introduction-era metadata exists in active repository item tables,SQL_MODIFIERS,sql/item_mods.sql:34185;sql/item_mods.sql:34186;sql/item_mods.sql:34187;sql/item_mods.sql:34188;sql/item_mods.sql:34189,,,,melee HandleEnspell or ranged OnRangedAttack -> luautils::additionalEffectAttack -> xi.additionalEffect.attack,DAMAGE,FIRE_DAMAGE,5,,,,LEGACY_ADDITIONAL_EFFECT_MAGIC_ACCURACY,NO_DSTAT_CONFIGURED,,,MAGICAL_DAMAGE_TIER_OR_LEGACY_HANDLER,FIRE,ELEMENTAL_LEGACY,10,,,HANDLER_SPECIFIC,DAMAGE_PROFILE_SINGLE_PASS,DAMAGE_PROFILE_SINGLE_PASS,FAMILY_DEFAULT_OR_SCRIPT_RETURN,NONE_RECORDED,BLOCKED_WHEN_ITEM_LEVEL_EXCEEDS_MAIN_LEVEL,GLOBAL_ADDITIONAL_EFFECT,YES,,,HIGH_FRAMEWORK_LOW_RETAIL_NUMERICS,ERA_UNRESOLVED,item-specific retail numerics
17315,riot_grenade,40,AMMO,THROWING,ERA_UNRESOLVED,No introduction-era metadata exists in active repository item tables,SQL_MODIFIERS,sql/item_mods.sql:34192;sql/item_mods.sql:34193;sql/item_mods.sql:34194;sql/item_mods.sql:34195;sql/item_mods.sql:34196,,,,melee HandleEnspell or ranged OnRangedAttack -> luautils::additionalEffectAttack -> xi.additionalEffect.attack,DAMAGE,LIGHTNING_DAMAGE,5,,,,LEGACY_ADDITIONAL_EFFECT_MAGIC_ACCURACY,NO_DSTAT_CONFIGURED,,,MAGICAL_DAMAGE_TIER_OR_LEGACY_HANDLER,THUNDER,ELEMENTAL_LEGACY,10,,,HANDLER_SPECIFIC,DAMAGE_PROFILE_SINGLE_PASS,DAMAGE_PROFILE_SINGLE_PASS,FAMILY_DEFAULT_OR_SCRIPT_RETURN,NONE_RECORDED,BLOCKED_WHEN_ITEM_LEVEL_EXCEEDS_MAIN_LEVEL,GLOBAL_ADDITIONAL_EFFECT,YES,,,HIGH_FRAMEWORK_LOW_RETAIL_NUMERICS,ERA_UNRESOLVED,item-specific retail numerics
17316,bomb_arm,5,AMMO,THROWING,ERA_UNRESOLVED,No introduction-era metadata exists in active repository item tables,SQL_MODIFIERS,sql/item_mods.sql:34199;sql/item_mods.sql:34200;sql/item_mods.sql:34201;sql/item_mods.sql:34202;sql/item_mods.sql:34203,,,,melee HandleEnspell or ranged OnRangedAttack -> luautils::additionalEffectAttack -> xi.additionalEffect.attack,DAMAGE,FIRE_DAMAGE,5,,,,LEGACY_ADDITIONAL_EFFECT_MAGIC_ACCURACY,NO_DSTAT_CONFIGURED,,,MAGICAL_DAMAGE_TIER_OR_LEGACY_HANDLER,FIRE,ELEMENTAL_LEGACY,10,,,HANDLER_SPECIFIC,DAMAGE_PROFILE_SINGLE_PASS,DAMAGE_PROFILE_SINGLE_PASS,FAMILY_DEFAULT_OR_SCRIPT_RETURN,NONE_RECORDED,BLOCKED_WHEN_ITEM_LEVEL_EXCEEDS_MAIN_LEVEL,GLOBAL_ADDITIONAL_EFFECT,YES,,,HIGH_FRAMEWORK_LOW_RETAIL_NUMERICS,ERA_UNRESOLVED,item-specific retail numerics
17322,fire_arrow,45,AMMO,ARCHERY,VANILLA_OR_ZILART,VZ-COMBAT-001 Phase A maintained audit-scope manifest,SQL_MODIFIERS+ITEM_SCRIPT+SCRIPTED_PROFILE,sql/item_mods.sql:34209;scripts/items/fire_arrow.lua;scripts/globals/additional_effect_profiles.lua,VZ_ELEMENTAL_ARROW,scripts/globals/additional_effect_profiles.lua,ELEMENT=EVIDENCE_BACKED;NUMERICS=VERIFY_LIVE;APPLICATION=FRAMEWORK_CORRECT_LEGACY_NUMERICS,successful ranged OnRangedAttack -> luautils::OnItemAdditionalEffect -> onItemAdditionalEffect -> executeScriptedDamageProfile -> executeAddEffectDamage,SCRIPTED,FIRE_DAMAGE,100,FIXED_PERCENT_COMPATIBILITY; VERIFY_LIVE,ITEM_REQUIRED_LEVEL_GATE,UNIFORM_INTEGER_RANGE_7_TO_10_COMPATIBILITY; VERIFY_LIVE,LEGACY_A_PLUS; VERIFY_LIVE,NO_STAT_COMPATIBILITY; VERIFY_LIVE,DISABLED_COMPATIBILITY; VERIFY_LIVE,GENERAL_MAGIC_DAMAGE=ENABLED_VERIFY_LIVE;ELEMENTAL_SDT=ENABLED_VERIFY_LIVE;STAFF=ENABLED_VERIFY_LIVE;AFFINITY=ENABLED_VERIFY_LIVE;DAY_WEATHER=ENABLED_VERIFY_LIVE;PHALANX=ENABLED_VERIFY_LIVE;ONE_FOR_ALL=ENABLED_VERIFY_LIVE;STONESKIN=ENABLED_VERIFY_LIVE;NULLIFICATION=ENABLED_FRAMEWORK_CORRECT;ABSORPTION=ENABLED_FRAMEWORK_CORRECT,MAGICAL_TIERS; LOWEST_0.125_COMPATIBILITY; VERIFY_LIVE,FIRE,ELEMENTAL_BY_PROFILE; FRAMEWORK_CORRECT_LEGACY_NUMERICS,UNIFORM_INTEGER_7_TO_10; VERIFY_LIVE,NOT_APPLICABLE,NOT_APPLICABLE,HANDLER_SPECIFIC,SCRIPTED_PROFILE_SINGLE_PASS,SCRIPTED_PROFILE_SINGLE_PASS,ADD_EFFECT_DMG_OR_HEAL; ACTUAL_APPLIED_AMOUNT,NONE_RECORDED,BLOCKED_WHEN_ITEM_LEVEL_EXCEEDS_MAIN_LEVEL,PER_ITEM_LUA_PROFILE,YES,scripts/tests/systems/combat/item_additional_effects_elemental_arrows.lua;scripts/tests/systems/combat/item_additional_effects_elemental_arrow_profiles.lua,retail_parity/vanilla_zilart/artifacts/VZ-COMBAT-001-elemental-arrows-evidence.md,HIGH_FRAMEWORK_LOW_RETAIL_NUMERICS,VERIFY_LIVE,"proc chance and level correction; base power and random range; governing stat and dSTAT; magic accuracy and skill rank; MAB, staff, affinity, and day/weather multipliers; resist tiers and lowest tier; defensive mitigation and absorption details"
17323,ice_arrow,45,AMMO,ARCHERY,VANILLA_OR_ZILART,VZ-COMBAT-001 Phase A maintained audit-scope manifest,SQL_MODIFIERS+ITEM_SCRIPT+SCRIPTED_PROFILE,sql/item_mods.sql:34212;scripts/items/ice_arrow.lua;scripts/globals/additional_effect_profiles.lua,VZ_ELEMENTAL_ARROW,scripts/globals/additional_effect_profiles.lua,ELEMENT=EVIDENCE_BACKED;NUMERICS=VERIFY_LIVE;APPLICATION=FRAMEWORK_CORRECT_LEGACY_NUMERICS,successful ranged OnRangedAttack -> luautils::OnItemAdditionalEffect -> onItemAdditionalEffect -> executeScriptedDamageProfile -> executeAddEffectDamage,SCRIPTED,ICE_DAMAGE,100,FIXED_PERCENT_COMPATIBILITY; VERIFY_LIVE,ITEM_REQUIRED_LEVEL_GATE,UNIFORM_INTEGER_RANGE_7_TO_10_COMPATIBILITY; VERIFY_LIVE,LEGACY_A_PLUS; VERIFY_LIVE,NO_STAT_COMPATIBILITY; VERIFY_LIVE,DISABLED_COMPATIBILITY; VERIFY_LIVE,GENERAL_MAGIC_DAMAGE=ENABLED_VERIFY_LIVE;ELEMENTAL_SDT=ENABLED_VERIFY_LIVE;STAFF=ENABLED_VERIFY_LIVE;AFFINITY=ENABLED_VERIFY_LIVE;DAY_WEATHER=ENABLED_VERIFY_LIVE;PHALANX=ENABLED_VERIFY_LIVE;ONE_FOR_ALL=ENABLED_VERIFY_LIVE;STONESKIN=ENABLED_VERIFY_LIVE;NULLIFICATION=ENABLED_FRAMEWORK_CORRECT;ABSORPTION=ENABLED_FRAMEWORK_CORRECT,MAGICAL_TIERS; LOWEST_0.125_COMPATIBILITY; VERIFY_LIVE,ICE,ELEMENTAL_BY_PROFILE; FRAMEWORK_CORRECT_LEGACY_NUMERICS,UNIFORM_INTEGER_7_TO_10; VERIFY_LIVE,NOT_APPLICABLE,NOT_APPLICABLE,HANDLER_SPECIFIC,SCRIPTED_PROFILE_SINGLE_PASS,SCRIPTED_PROFILE_SINGLE_PASS,ADD_EFFECT_DMG_OR_HEAL; ACTUAL_APPLIED_AMOUNT,NONE_RECORDED,BLOCKED_WHEN_ITEM_LEVEL_EXCEEDS_MAIN_LEVEL,PER_ITEM_LUA_PROFILE,YES,scripts/tests/systems/combat/item_additional_effects_elemental_arrows.lua;scripts/tests/systems/combat/item_additional_effects_elemental_arrow_profiles.lua,retail_parity/vanilla_zilart/artifacts/VZ-COMBAT-001-elemental-arrows-evidence.md,HIGH_FRAMEWORK_LOW_RETAIL_NUMERICS,VERIFY_LIVE,"proc chance and level correction; base power and random range; governing stat and dSTAT; magic accuracy and skill rank; MAB, staff, affinity, and day/weather multipliers; resist tiers and lowest tier; defensive mitigation and absorption details"
17324,lightning_arrow,45,AMMO,ARCHERY,VANILLA_OR_ZILART,VZ-COMBAT-001 Phase A maintained audit-scope manifest,SQL_MODIFIERS+ITEM_SCRIPT+SCRIPTED_PROFILE,sql/item_mods.sql:34215;scripts/items/lightning_arrow.lua;scripts/globals/additional_effect_profiles.lua,VZ_ELEMENTAL_ARROW,scripts/globals/additional_effect_profiles.lua,ELEMENT=EVIDENCE_BACKED;NUMERICS=VERIFY_LIVE;APPLICATION=FRAMEWORK_CORRECT_LEGACY_NUMERICS,successful ranged OnRangedAttack -> luautils::OnItemAdditionalEffect -> onItemAdditionalEffect -> executeScriptedDamageProfile -> executeAddEffectDamage,SCRIPTED,LIGHTNING_DAMAGE,100,FIXED_PERCENT_COMPATIBILITY; VERIFY_LIVE,ITEM_REQUIRED_LEVEL_GATE,UNIFORM_INTEGER_RANGE_7_TO_10_COMPATIBILITY; VERIFY_LIVE,LEGACY_A_PLUS; VERIFY_LIVE,NO_STAT_COMPATIBILITY; VERIFY_LIVE,DISABLED_COMPATIBILITY; VERIFY_LIVE,GENERAL_MAGIC_DAMAGE=ENABLED_VERIFY_LIVE;ELEMENTAL_SDT=ENABLED_VERIFY_LIVE;STAFF=ENABLED_VERIFY_LIVE;AFFINITY=ENABLED_VERIFY_LIVE;DAY_WEATHER=ENABLED_VERIFY_LIVE;PHALANX=ENABLED_VERIFY_LIVE;ONE_FOR_ALL=ENABLED_VERIFY_LIVE;STONESKIN=ENABLED_VERIFY_LIVE;NULLIFICATION=ENABLED_FRAMEWORK_CORRECT;ABSORPTION=ENABLED_FRAMEWORK_CORRECT,MAGICAL_TIERS; LOWEST_0.125_COMPATIBILITY; VERIFY_LIVE,THUNDER,ELEMENTAL_BY_PROFILE; FRAMEWORK_CORRECT_LEGACY_NUMERICS,UNIFORM_INTEGER_7_TO_10; VERIFY_LIVE,NOT_APPLICABLE,NOT_APPLICABLE,HANDLER_SPECIFIC,SCRIPTED_PROFILE_SINGLE_PASS,SCRIPTED_PROFILE_SINGLE_PASS,ADD_EFFECT_DMG_OR_HEAL; ACTUAL_APPLIED_AMOUNT,NONE_RECORDED,BLOCKED_WHEN_ITEM_LEVEL_EXCEEDS_MAIN_LEVEL,PER_ITEM_LUA_PROFILE,YES,scripts/tests/systems/combat/item_additional_effects_elemental_arrows.lua;scripts/tests/systems/combat/item_additional_effects_elemental_arrow_profiles.lua,retail_parity/vanilla_zilart/artifacts/VZ-COMBAT-001-elemental-arrows-evidence.md,HIGH_FRAMEWORK_LOW_RETAIL_NUMERICS,VERIFY_LIVE,"proc chance and level correction; base power and random range; governing stat and dSTAT; magic accuracy and skill rank; MAB, staff, affinity, and day/weather multipliers; resist tiers and lowest tier; defensive mitigation and absorption details"
17325,kabura_arrow,70,AMMO,ARCHERY,VANILLA_OR_ZILART,VZ-COMBAT-001 Phase A maintained audit-scope manifest,SQL_MODIFIERS+STATUS_AMMUNITION_PROFILE,sql/item_mods.sql:34219;sql/item_mods.sql:34220;sql/item_mods.sql:34221;sql/item_mods.sql:34222;sql/item_mods.sql:34223;sql/item_mods.sql:34224;sql/item_mods.sql:34225;scripts/globals/additional_effect_profiles.lua,VZ_STATUS_AMMUNITION,scripts/globals/additional_effect_profiles.lua,IDENTITY=EVIDENCE_BACKED;PROC_LEVEL_STAT_ELEMENT_POWER_DURATION_RESIST=VERIFY_LIVE;DSTAT=NOT_APPLICABLE;TRIGGER_AMMO_PRESENTATION=FRAMEWORK_CORRECT_LEGACY_NUMERICS,successful ranged OnRangedAttack -> luautils::additionalEffectAttack -> xi.additionalEffect.attack,DEBUFF,SILENCE,95,SQL_MODIFIER_COMPATIBILITY; VERIFY_LIVE,5,STATUS_POWER_SQL_COMPATIBILITY; VERIFY_LIVE,LEGACY_A_RANK; VERIFY_LIVE,LEGACY_INT_ACCURACY; DSTAT_NOT_USED_BY_STATUS_HANDLER; VERIFY_LIVE,NOT_APPLICABLE,IMMUNITY=STATUS_HELPERS_FRAMEWORK_CORRECT;TRAIT_RESISTANCE=STATUS_HELPERS_FRAMEWORK_CORRECT;NULLIFICATION=STATUS_HELPERS_FRAMEWORK_CORRECT;PARTIAL_DURATION=MIN_HALF_COMPATIBILITY_VERIFY_LIVE;OVERWRITE=STATUS_CONTAINER_COMPATIBILITY_VERIFY_LIVE,STATUS_MAGIC_TIER; DURATION_SCALED_MIN_HALF; VERIFY_LIVE,CONFIGURED_NONE;EFFECTIVE_WIND;VERIFY_LIVE,WEAPON_DMGTYPE_1,1,60,SILENCE,STATUS_HELPERS; FRAMEWORK_CORRECT_LEGACY_NUMERICS,STATUS_HELPERS; FRAMEWORK_CORRECT_LEGACY_NUMERICS,NOT_APPLICABLE_TO_STATUS,ADD_EFFECT_STATUS_2; EFFECT_ID,NONE_RECORDED,BLOCKED_WHEN_ITEM_LEVEL_EXCEEDS_MAIN_LEVEL,GLOBAL_ADDITIONAL_EFFECT_PROFILE,YES,scripts/tests/systems/combat/item_additional_effects_status_ammunition.lua;scripts/tests/systems/combat/item_additional_effects_status_ammunition_profiles.lua,retail_parity/vanilla_zilart/artifacts/VZ-COMBAT-001-status-ammunition-evidence.md,HIGH_FRAMEWORK_LOW_RETAIL_NUMERICS,VERIFY_LIVE,"proc chance and level correction; magic accuracy, skill basis, and governing stat; action element and resistance tiers; power, duration, overwrite, and status-removal semantics; exact client presentation"
17327,grand_knights_arrow,60,AMMO,ARCHERY,ERA_UNRESOLVED,No introduction-era metadata exists in active repository item tables,SQL_MODIFIERS+ITEM_SCRIPT,sql/item_mods.sql:34230;scripts/items/grand_knights_arrow.lua,,,,melee HandleEnspell or ranged OnRangedAttack -> luautils::OnItemAdditionalEffect -> onItemAdditionalEffect,SCRIPTED,,,,,,N/A,N/A,,,NONE_OR_HANDLER_SPECIFIC,,WEAPON_DMGTYPE_1,,,,HANDLER_SPECIFIC,HANDLER_SPECIFIC,HANDLER_SPECIFIC,FAMILY_DEFAULT_OR_SCRIPT_RETURN,NONE_RECORDED,BLOCKED_WHEN_ITEM_LEVEL_EXCEEDS_MAIN_LEVEL,PER_ITEM_LUA,YES,,,HIGH_FRAMEWORK_LOW_RETAIL_NUMERICS,VERIFY_LIVE,item-specific retail numerics
17329,patriarch_protectors_arrow,60,AMMO,ARCHERY,VANILLA_OR_ZILART,VZ-COMBAT-001 Phase A maintained audit-scope manifest,SQL_MODIFIERS+STATUS_AMMUNITION_PROFILE,sql/item_mods.sql:34239;sql/item_mods.sql:34240;sql/item_mods.sql:34241;sql/item_mods.sql:34242;sql/item_mods.sql:34243;sql/item_mods.sql:34244;sql/item_mods.sql:34245;scripts/globals/additional_effect_profiles.lua,VZ_STATUS_AMMUNITION,scripts/globals/additional_effect_profiles.lua,IDENTITY=EVIDENCE_BACKED;PROC_LEVEL_STAT_ELEMENT_POWER_DURATION_RESIST=VERIFY_LIVE;DSTAT=NOT_APPLICABLE;TRIGGER_AMMO_PRESENTATION=FRAMEWORK_CORRECT_LEGACY_NUMERICS,successful ranged OnRangedAttack -> luautils::additionalEffectAttack -> xi.additionalEffect.attack,DEBUFF,PARALYSIS,95,SQL_MODIFIER_COMPATIBILITY; VERIFY_LIVE,5,STATUS_POWER_SQL_COMPATIBILITY; VERIFY_LIVE,LEGACY_A_RANK; VERIFY_LIVE,LEGACY_INT_ACCURACY; DSTAT_NOT_USED_BY_STATUS_HANDLER; VERIFY_LIVE,NOT_APPLICABLE,IMMUNITY=STATUS_HELPERS_FRAMEWORK_CORRECT;TRAIT_RESISTANCE=STATUS_HELPERS_FRAMEWORK_CORRECT;NULLIFICATION=STATUS_HELPERS_FRAMEWORK_CORRECT;PARTIAL_DURATION=MIN_HALF_COMPATIBILITY_VERIFY_LIVE;OVERWRITE=STATUS_CONTAINER_COMPATIBILITY_VERIFY_LIVE,STATUS_MAGIC_TIER; DURATION_SCALED_MIN_HALF; VERIFY_LIVE,CONFIGURED_NONE;EFFECTIVE_ICE;VERIFY_LIVE,WEAPON_DMGTYPE_1,30,30,PARALYSIS,STATUS_HELPERS; FRAMEWORK_CORRECT_LEGACY_NUMERICS,STATUS_HELPERS; FRAMEWORK_CORRECT_LEGACY_NUMERICS,NOT_APPLICABLE_TO_STATUS,ADD_EFFECT_STATUS_2; EFFECT_ID,NONE_RECORDED,BLOCKED_WHEN_ITEM_LEVEL_EXCEEDS_MAIN_LEVEL,GLOBAL_ADDITIONAL_EFFECT_PROFILE,YES,scripts/tests/systems/combat/item_additional_effects_status_ammunition.lua;scripts/tests/systems/combat/item_additional_effects_status_ammunition_profiles.lua,retail_parity/vanilla_zilart/artifacts/VZ-COMBAT-001-status-ammunition-evidence.md,HIGH_FRAMEWORK_LOW_RETAIL_NUMERICS,VERIFY_LIVE,"proc chance and level correction; magic accuracy, skill basis, and governing stat; action element and resistance tiers; power, duration, overwrite, and status-removal semantics; exact client presentation"
17411,holy_mace_+1,43,MAIN|SUB,CLUB,ERA_UNRESOLVED,No introduction-era metadata exists in active repository item tables,SQL_MODIFIERS,sql/item_mods.sql:34378;sql/item_mods.sql:34379;sql/item_mods.sql:34380;sql/item_mods.sql:34381;sql/item_mods.sql:34382,,,,melee HandleEnspell or ranged OnRangedAttack -> luautils::additionalEffectAttack -> xi.additionalEffect.attack,DAMAGE,LIGHT_DAMAGE,5,,,,LEGACY_ADDITIONAL_EFFECT_MAGIC_ACCURACY,NO_DSTAT_CONFIGURED,,,MAGICAL_DAMAGE_TIER_OR_LEGACY_HANDLER,LIGHT,ELEMENTAL_LEGACY,25,,,HANDLER_SPECIFIC,DAMAGE_PROFILE_SINGLE_PASS,DAMAGE_PROFILE_SINGLE_PASS,FAMILY_DEFAULT_OR_SCRIPT_RETURN,NONE_RECORDED,BLOCKED_WHEN_ITEM_LEVEL_EXCEEDS_MAIN_LEVEL,GLOBAL_ADDITIONAL_EFFECT,YES,,,HIGH_FRAMEWORK_LOW_RETAIL_NUMERICS,ERA_UNRESOLVED,item-specific retail numerics
17414,pixie_mace,24,MAIN|SUB,CLUB,ERA_UNRESOLVED,No introduction-era metadata exists in active repository item tables,SQL_MODIFIERS,sql/item_mods.sql:34397;sql/item_mods.sql:34398;sql/item_mods.sql:34399;sql/item_mods.sql:34400;sql/item_mods.sql:34401,,,,melee HandleEnspell or ranged OnRangedAttack -> luautils::additionalEffectAttack -> xi.additionalEffect.attack,DAMAGE,LIGHT_DAMAGE,10,,,,LEGACY_ADDITIONAL_EFFECT_MAGIC_ACCURACY,NO_DSTAT_CONFIGURED,,,MAGICAL_DAMAGE_TIER_OR_LEGACY_HANDLER,LIGHT,ELEMENTAL_LEGACY,11,,,HANDLER_SPECIFIC,DAMAGE_PROFILE_SINGLE_PASS,DAMAGE_PROFILE_SINGLE_PASS,FAMILY_DEFAULT_OR_SCRIPT_RETURN,NONE_RECORDED,BLOCKED_WHEN_ITEM_LEVEL_EXCEEDS_MAIN_LEVEL,GLOBAL_ADDITIONAL_EFFECT,YES,,,HIGH_FRAMEWORK_LOW_RETAIL_NUMERICS,ERA_UNRESOLVED,item-specific retail numerics
17464,purgatory_mace,70,MAIN|SUB,CLUB,ERA_UNRESOLVED,No introduction-era metadata exists in active repository item tables,SQL_MODIFIERS,sql/item_mods.sql:34577;sql/item_mods.sql:34578;sql/item_mods.sql:34579;sql/item_mods.sql:34580;sql/item_mods.sql:34581;sql/item_mods.sql:34582,,,,melee HandleEnspell or ranged OnRangedAttack -> luautils::additionalEffectAttack -> xi.additionalEffect.attack,DEBUFF,STUN,10,,,,LEGACY_A_RANK,LEGACY_INT_DEFAULT,,,STATUS_MAGIC_TIER,,WEAPON_DMGTYPE_3,,5,STUN,STATUS_HELPERS,HANDLER_SPECIFIC,HANDLER_SPECIFIC,FAMILY_DEFAULT_OR_SCRIPT_RETURN,NONE_RECORDED,BLOCKED_WHEN_ITEM_LEVEL_EXCEEDS_MAIN_LEVEL,GLOBAL_ADDITIONAL_EFFECT,YES,,,HIGH_FRAMEWORK_LOW_RETAIL_NUMERICS,ERA_UNRESOLVED,item-specific retail numerics
17483,venom_katars_+1,63,MAIN,HAND_TO_HAND,ERA_UNRESOLVED,No introduction-era metadata exists in active repository item tables,SQL_MODIFIERS,sql/item_mods.sql:34634;sql/item_mods.sql:34635;sql/item_mods.sql:34636;sql/item_mods.sql:34637;sql/item_mods.sql:34638;sql/item_mods.sql:34639,,,,melee HandleEnspell or ranged OnRangedAttack -> luautils::additionalEffectAttack -> xi.additionalEffect.attack,DEBUFF,POISON_OR_TP_DRAIN,10,,,,LEGACY_A_RANK,LEGACY_INT_DEFAULT,,,STATUS_MAGIC_TIER,,WEAPON_DMGTYPE_4,,30,POISON,STATUS_HELPERS,HANDLER_SPECIFIC,HANDLER_SPECIFIC,FAMILY_DEFAULT_OR_SCRIPT_RETURN,NONE_RECORDED,BLOCKED_WHEN_ITEM_LEVEL_EXCEEDS_MAIN_LEVEL,GLOBAL_ADDITIONAL_EFFECT,YES,,,HIGH_FRAMEWORK_LOW_RETAIL_NUMERICS,ERA_UNRESOLVED,item-specific retail numerics
17484,stun_jamadhars_+1,66,MAIN,HAND_TO_HAND,ERA_UNRESOLVED,No introduction-era metadata exists in active repository item tables,SQL_MODIFIERS,sql/item_mods.sql:34642;sql/item_mods.sql:34643;sql/item_mods.sql:34644;sql/item_mods.sql:34645;sql/item_mods.sql:34646;sql/item_mods.sql:34647,,,,melee HandleEnspell or ranged OnRangedAttack -> luautils::additionalEffectAttack -> xi.additionalEffect.attack,DEBUFF,STUN,10,,,,LEGACY_A_RANK,LEGACY_INT_DEFAULT,,,STATUS_MAGIC_TIER,,WEAPON_DMGTYPE_4,,5,STUN,STATUS_HELPERS,HANDLER_SPECIFIC,HANDLER_SPECIFIC,FAMILY_DEFAULT_OR_SCRIPT_RETURN,NONE_RECORDED,BLOCKED_WHEN_ITEM_LEVEL_EXCEEDS_MAIN_LEVEL,GLOBAL_ADDITIONAL_EFFECT,YES,,,HIGH_FRAMEWORK_LOW_RETAIL_NUMERICS,ERA_UNRESOLVED,item-specific retail numerics
17486,stun_claws_+1,62,MAIN,HAND_TO_HAND,ERA_UNRESOLVED,No introduction-era metadata exists in active repository item tables,SQL_MODIFIERS,sql/item_mods.sql:34653;sql/item_mods.sql:34654;sql/item_mods.sql:34655;sql/item_mods.sql:34656;sql/item_mods.sql:34657;sql/item_mods.sql:34658,,,,melee HandleEnspell or ranged OnRangedAttack -> luautils::additionalEffectAttack -> xi.additionalEffect.attack,DEBUFF,STUN,10,,,,LEGACY_A_RANK,LEGACY_INT_DEFAULT,,,STATUS_MAGIC_TIER,,WEAPON_DMGTYPE_4,,5,STUN,STATUS_HELPERS,HANDLER_SPECIFIC,HANDLER_SPECIFIC,FAMILY_DEFAULT_OR_SCRIPT_RETURN,NONE_RECORDED,BLOCKED_WHEN_ITEM_LEVEL_EXCEEDS_MAIN_LEVEL,GLOBAL_ADDITIONAL_EFFECT,YES,,,HIGH_FRAMEWORK_LOW_RETAIL_NUMERICS,ERA_UNRESOLVED,item-specific retail numerics
17487,corrosive_claws,41,MAIN,HAND_TO_HAND,ERA_UNRESOLVED,No introduction-era metadata exists in active repository item tables,SQL_MODIFIERS,sql/item_mods.sql:34661;sql/item_mods.sql:34662;sql/item_mods.sql:34663;sql/item_mods.sql:34664;sql/item_mods.sql:34665;sql/item_mods.sql:34666,,,,melee HandleEnspell or ranged OnRangedAttack -> luautils::additionalEffectAttack -> xi.additionalEffect.attack,DEBUFF,DEFENSE_OR_EVASION_OR_ATTACK_DOWN_OR_SLOW,15,,,,LEGACY_A_RANK,LEGACY_INT_DEFAULT,,,STATUS_MAGIC_TIER,,WEAPON_DMGTYPE_4,,60,DEFENSE_DOWN,STATUS_HELPERS,HANDLER_SPECIFIC,HANDLER_SPECIFIC,FAMILY_DEFAULT_OR_SCRIPT_RETURN,NONE_RECORDED,BLOCKED_WHEN_ITEM_LEVEL_EXCEEDS_MAIN_LEVEL,GLOBAL_ADDITIONAL_EFFECT,YES,,,HIGH_FRAMEWORK_LOW_RETAIL_NUMERICS,ERA_UNRESOLVED,item-specific retail numerics
17492,shivas_claws,65,MAIN,HAND_TO_HAND,ERA_UNRESOLVED,No introduction-era metadata exists in active repository item tables,SQL_MODIFIERS+SQL_LATENTS,sql/item_mods.sql:34674;sql/item_mods.sql:34675;sql/item_mods.sql:34676;sql/item_mods.sql:34677;sql/item_mods.sql:34678;sql/item_mods.sql:34679;sql/item_latents.sql:2220,,,,melee HandleEnspell or ranged OnRangedAttack -> luautils::additionalEffectAttack -> xi.additionalEffect.attack,DEBUFF,PARALYSIS_OR_HPMPTP_DRAIN,16,,,,LEGACY_A_RANK,LEGACY_INT_DEFAULT,,,STATUS_MAGIC_TIER,,WEAPON_DMGTYPE_4,,30,PARALYSIS,STATUS_HELPERS,HANDLER_SPECIFIC,HANDLER_SPECIFIC,FAMILY_DEFAULT_OR_SCRIPT_RETURN,NONE_RECORDED,BLOCKED_WHEN_ITEM_LEVEL_EXCEEDS_MAIN_LEVEL,GLOBAL_ADDITIONAL_EFFECT,YES,,,HIGH_FRAMEWORK_LOW_RETAIL_NUMERICS,ERA_UNRESOLVED,item-specific retail numerics
17510,vampiric_claws,39,MAIN,HAND_TO_HAND,ERA_UNRESOLVED,No introduction-era metadata exists in active repository item tables,SQL_MODIFIERS,sql/item_mods.sql:34759;sql/item_mods.sql:34760;sql/item_mods.sql:34761;sql/item_mods.sql:34762;sql/item_mods.sql:34763,,,,melee HandleEnspell or ranged OnRangedAttack -> luautils::additionalEffectAttack -> xi.additionalEffect.attack,HP_DRAIN,HP_DRAIN,10,,,,LEGACY_ADDITIONAL_EFFECT_MAGIC_ACCURACY,NO_DSTAT_CONFIGURED,,,MAGICAL_DAMAGE_TIER_OR_LEGACY_HANDLER,DARK,ELEMENTAL_LEGACY,15,,,UNDEAD_GUARD,HANDLER_SPECIFIC,HANDLER_SPECIFIC,FAMILY_DEFAULT_OR_SCRIPT_RETURN,NONE_RECORDED,BLOCKED_WHEN_ITEM_LEVEL_EXCEEDS_MAIN_LEVEL,GLOBAL_ADDITIONAL_EFFECT,YES,,,HIGH_FRAMEWORK_LOW_RETAIL_NUMERICS,VERIFY_LIVE,"drain accuracy, scaling, and element"
17533,whale_staff,32,MAIN,STAFF,ERA_UNRESOLVED,No introduction-era metadata exists in active repository item tables,SQL_MODIFIERS,sql/item_mods.sql:34818;sql/item_mods.sql:34819;sql/item_mods.sql:34820;sql/item_mods.sql:34821;sql/item_mods.sql:34822,,,,melee HandleEnspell or ranged OnRangedAttack -> luautils::additionalEffectAttack -> xi.additionalEffect.attack,DAMAGE,WATER_DAMAGE,5,,,,LEGACY_ADDITIONAL_EFFECT_MAGIC_ACCURACY,NO_DSTAT_CONFIGURED,,,MAGICAL_DAMAGE_TIER_OR_LEGACY_HANDLER,WATER,ELEMENTAL_LEGACY,10,,,HANDLER_SPECIFIC,DAMAGE_PROFILE_SINGLE_PASS,DAMAGE_PROFILE_SINGLE_PASS,FAMILY_DEFAULT_OR_SCRIPT_RETURN,NONE_RECORDED,BLOCKED_WHEN_ITEM_LEVEL_EXCEEDS_MAIN_LEVEL,GLOBAL_ADDITIONAL_EFFECT,YES,,,HIGH_FRAMEWORK_LOW_RETAIL_NUMERICS,ERA_UNRESOLVED,item-specific retail numerics
17534,whale_staff_+1,32,MAIN,STAFF,ERA_UNRESOLVED,No introduction-era metadata exists in active repository item tables,SQL_MODIFIERS,sql/item_mods.sql:34828;sql/item_mods.sql:34829;sql/item_mods.sql:34830;sql/item_mods.sql:34831;sql/item_mods.sql:34832,,,,melee HandleEnspell or ranged OnRangedAttack -> luautils::additionalEffectAttack -> xi.additionalEffect.attack,DAMAGE,WATER_DAMAGE,10,,,,LEGACY_ADDITIONAL_EFFECT_MAGIC_ACCURACY,NO_DSTAT_CONFIGURED,,,MAGICAL_DAMAGE_TIER_OR_LEGACY_HANDLER,WATER,ELEMENTAL_LEGACY,10,,,HANDLER_SPECIFIC,DAMAGE_PROFILE_SINGLE_PASS,DAMAGE_PROFILE_SINGLE_PASS,FAMILY_DEFAULT_OR_SCRIPT_RETURN,NONE_RECORDED,BLOCKED_WHEN_ITEM_LEVEL_EXCEEDS_MAIN_LEVEL,GLOBAL_ADDITIONAL_EFFECT,YES,,,HIGH_FRAMEWORK_LOW_RETAIL_NUMERICS,ERA_UNRESOLVED,item-specific retail numerics
17600,stun_knife_+1,65,MAIN|SUB,DAGGER,ERA_UNRESOLVED,No introduction-era metadata exists in active repository item tables,SQL_MODIFIERS,sql/item_mods.sql:35189;sql/item_mods.sql:35190;sql/item_mods.sql:35191;sql/item_mods.sql:35192;sql/item_mods.sql:35193;sql/item_mods.sql:35194,,,,melee HandleEnspell or ranged OnRangedAttack -> luautils::additionalEffectAttack -> xi.additionalEffect.attack,DEBUFF,STUN,10,,,,LEGACY_A_RANK,LEGACY_INT_DEFAULT,,,STATUS_MAGIC_TIER,,WEAPON_DMGTYPE_1,,5,STUN,STATUS_HELPERS,HANDLER_SPECIFIC,HANDLER_SPECIFIC,FAMILY_DEFAULT_OR_SCRIPT_RETURN,NONE_RECORDED,BLOCKED_WHEN_ITEM_LEVEL_EXCEEDS_MAIN_LEVEL,GLOBAL_ADDITIONAL_EFFECT,YES,,,HIGH_FRAMEWORK_LOW_RETAIL_NUMERICS,ERA_UNRESOLVED,item-specific retail numerics
17605,acid_dagger,23,MAIN|SUB,DAGGER,ERA_UNRESOLVED,No introduction-era metadata exists in active repository item tables,SQL_MODIFIERS,sql/item_mods.sql:35197;sql/item_mods.sql:35198;sql/item_mods.sql:35199;sql/item_mods.sql:35200;sql/item_mods.sql:35201;sql/item_mods.sql:35202,,,,melee HandleEnspell or ranged OnRangedAttack -> luautils::additionalEffectAttack -> xi.additionalEffect.attack,DEBUFF,DEFENSE_OR_EVASION_OR_ATTACK_DOWN_OR_SLOW,10,,,,LEGACY_A_RANK,LEGACY_INT_DEFAULT,,,STATUS_MAGIC_TIER,,WEAPON_DMGTYPE_1,,60,DEFENSE_DOWN,STATUS_HELPERS,HANDLER_SPECIFIC,HANDLER_SPECIFIC,FAMILY_DEFAULT_OR_SCRIPT_RETURN,NONE_RECORDED,BLOCKED_WHEN_ITEM_LEVEL_EXCEEDS_MAIN_LEVEL,GLOBAL_ADDITIONAL_EFFECT,YES,,,HIGH_FRAMEWORK_LOW_RETAIL_NUMERICS,ERA_UNRESOLVED,item-specific retail numerics
17606,corrosive_dagger,23,MAIN|SUB,DAGGER,ERA_UNRESOLVED,No introduction-era metadata exists in active repository item tables,SQL_MODIFIERS,sql/item_mods.sql:35205;sql/item_mods.sql:35206;sql/item_mods.sql:35207;sql/item_mods.sql:35208;sql/item_mods.sql:35209;sql/item_mods.sql:35210,,,,melee HandleEnspell or ranged OnRangedAttack -> luautils::additionalEffectAttack -> xi.additionalEffect.attack,DEBUFF,DEFENSE_OR_EVASION_OR_ATTACK_DOWN_OR_SLOW,15,,,,LEGACY_A_RANK,LEGACY_INT_DEFAULT,,,STATUS_MAGIC_TIER,,WEAPON_DMGTYPE_1,,60,DEFENSE_DOWN,STATUS_HELPERS,HANDLER_SPECIFIC,HANDLER_SPECIFIC,FAMILY_DEFAULT_OR_SCRIPT_RETURN,NONE_RECORDED,BLOCKED_WHEN_ITEM_LEVEL_EXCEEDS_MAIN_LEVEL,GLOBAL_ADDITIONAL_EFFECT,YES,,,HIGH_FRAMEWORK_LOW_RETAIL_NUMERICS,ERA_UNRESOLVED,item-specific retail numerics
17607,corrosive_baselard,40,MAIN|SUB,DAGGER,ERA_UNRESOLVED,No introduction-era metadata exists in active repository item tables,SQL_MODIFIERS,sql/item_mods.sql:35213;sql/item_mods.sql:35214;sql/item_mods.sql:35215;sql/item_mods.sql:35216;sql/item_mods.sql:35217;sql/item_mods.sql:35218,,,,melee HandleEnspell or ranged OnRangedAttack -> luautils::additionalEffectAttack -> xi.additionalEffect.attack,DEBUFF,DEFENSE_OR_EVASION_OR_ATTACK_DOWN_OR_SLOW,15,,,,LEGACY_A_RANK,LEGACY_INT_DEFAULT,,,STATUS_MAGIC_TIER,,WEAPON_DMGTYPE_1,,60,DEFENSE_DOWN,STATUS_HELPERS,HANDLER_SPECIFIC,HANDLER_SPECIFIC,FAMILY_DEFAULT_OR_SCRIPT_RETURN,NONE_RECORDED,BLOCKED_WHEN_ITEM_LEVEL_EXCEEDS_MAIN_LEVEL,GLOBAL_ADDITIONAL_EFFECT,YES,,,HIGH_FRAMEWORK_LOW_RETAIL_NUMERICS,ERA_UNRESOLVED,item-specific retail numerics
17608,corrosive_knife,31,MAIN|SUB,DAGGER,ERA_UNRESOLVED,No introduction-era metadata exists in active repository item tables,SQL_MODIFIERS,sql/item_mods.sql:35221;sql/item_mods.sql:35222;sql/item_mods.sql:35223;sql/item_mods.sql:35224;sql/item_mods.sql:35225;sql/item_mods.sql:35226,,,,melee HandleEnspell or ranged OnRangedAttack -> luautils::additionalEffectAttack -> xi.additionalEffect.attack,DEBUFF,DEFENSE_OR_EVASION_OR_ATTACK_DOWN_OR_SLOW,15,,,,LEGACY_A_RANK,LEGACY_INT_DEFAULT,,,STATUS_MAGIC_TIER,,WEAPON_DMGTYPE_1,,60,DEFENSE_DOWN,STATUS_HELPERS,HANDLER_SPECIFIC,HANDLER_SPECIFIC,FAMILY_DEFAULT_OR_SCRIPT_RETURN,NONE_RECORDED,BLOCKED_WHEN_ITEM_LEVEL_EXCEEDS_MAIN_LEVEL,GLOBAL_ADDITIONAL_EFFECT,YES,,,HIGH_FRAMEWORK_LOW_RETAIL_NUMERICS,ERA_UNRESOLVED,item-specific retail numerics
17614,stun_kukri_+1,69,MAIN|SUB,DAGGER,ERA_UNRESOLVED,No introduction-era metadata exists in active repository item tables,SQL_MODIFIERS,sql/item_mods.sql:35245;sql/item_mods.sql:35246;sql/item_mods.sql:35247;sql/item_mods.sql:35248;sql/item_mods.sql:35249;sql/item_mods.sql:35250,,,,melee HandleEnspell or ranged OnRangedAttack -> luautils::additionalEffectAttack -> xi.additionalEffect.attack,DEBUFF,STUN,10,,,,LEGACY_A_RANK,LEGACY_INT_DEFAULT,,,STATUS_MAGIC_TIER,,WEAPON_DMGTYPE_1,,5,STUN,STATUS_HELPERS,HANDLER_SPECIFIC,HANDLER_SPECIFIC,FAMILY_DEFAULT_OR_SCRIPT_RETURN,NONE_RECORDED,BLOCKED_WHEN_ITEM_LEVEL_EXCEEDS_MAIN_LEVEL,GLOBAL_ADDITIONAL_EFFECT,YES,,,HIGH_FRAMEWORK_LOW_RETAIL_NUMERICS,ERA_UNRESOLVED,item-specific retail numerics
17622,buccaneers_knife,71,MAIN|SUB,DAGGER,VANILLA_OR_ZILART,VZ-COMBAT-001 Phase A maintained audit-scope manifest,SQL_MODIFIERS,sql/item_mods.sql:35274;sql/item_mods.sql:35275;sql/item_mods.sql:35276;sql/item_mods.sql:35277;sql/item_mods.sql:35278,,,,melee HandleEnspell or ranged OnRangedAttack -> luautils::additionalEffectAttack -> xi.additionalEffect.attack,NM_SPECIFIC,WATER_DAMAGE,100,,,,N/A,N/A,,,NONE_OR_HANDLER_SPECIFIC,WATER,ELEMENTAL_LEGACY,30,,,HANDLER_SPECIFIC,HANDLER_SPECIFIC,HANDLER_SPECIFIC,FAMILY_DEFAULT_OR_SCRIPT_RETURN,NM_NAME_AND_REQUIRED_ITEM,BLOCKED_WHEN_ITEM_LEVEL_EXCEEDS_MAIN_LEVEL,GLOBAL_ADDITIONAL_EFFECT,YES,scripts/tests/systems/combat/item_additional_effects_nm.lua,,HIGH,SPECIAL_CASE_TEST_BACKED,item-specific retail numerics
17627,garudas_dagger,65,MAIN|SUB,DAGGER,ERA_UNRESOLVED,No introduction-era metadata exists in active repository item tables,SQL_MODIFIERS,sql/item_mods.sql:35298;sql/item_mods.sql:35299;sql/item_mods.sql:35300;sql/item_mods.sql:35301;sql/item_mods.sql:35302;sql/item_mods.sql:35303,,,,melee HandleEnspell or ranged OnRangedAttack -> luautils::additionalEffectAttack -> xi.additionalEffect.attack,DEBUFF,SILENCE,10,,,,LEGACY_A_RANK,LEGACY_INT_DEFAULT,,,STATUS_MAGIC_TIER,,WEAPON_DMGTYPE_1,,30,SILENCE,STATUS_HELPERS,HANDLER_SPECIFIC,HANDLER_SPECIFIC,FAMILY_DEFAULT_OR_SCRIPT_RETURN,NONE_RECORDED,BLOCKED_WHEN_ITEM_LEVEL_EXCEEDS_MAIN_LEVEL,GLOBAL_ADDITIONAL_EFFECT,YES,,,HIGH_FRAMEWORK_LOW_RETAIL_NUMERICS,ERA_UNRESOLVED,item-specific retail numerics
17650,nadrs,24,MAIN|SUB,SWORD,ERA_UNRESOLVED,No introduction-era metadata exists in active repository item tables,SQL_MODIFIERS,sql/item_mods.sql:35357;sql/item_mods.sql:35358;sql/item_mods.sql:35359;sql/item_mods.sql:35360;sql/item_mods.sql:35361;sql/item_mods.sql:35362,,,,melee HandleEnspell or ranged OnRangedAttack -> luautils::additionalEffectAttack -> xi.additionalEffect.attack,DEBUFF,POISON_OR_TP_DRAIN,10,,,,LEGACY_A_RANK,LEGACY_INT_DEFAULT,,,STATUS_MAGIC_TIER,,WEAPON_DMGTYPE_2,,30,POISON,STATUS_HELPERS,HANDLER_SPECIFIC,HANDLER_SPECIFIC,FAMILY_DEFAULT_OR_SCRIPT_RETURN,NONE_RECORDED,BLOCKED_WHEN_ITEM_LEVEL_EXCEEDS_MAIN_LEVEL,GLOBAL_ADDITIONAL_EFFECT,YES,,,HIGH_FRAMEWORK_LOW_RETAIL_NUMERICS,ERA_UNRESOLVED,item-specific retail numerics
17651,dainslaif,67,MAIN|SUB,SWORD,ERA_UNRESOLVED,No introduction-era metadata exists in active repository item tables,SQL_MODIFIERS+ITEM_SCRIPT,sql/item_mods.sql:35365;scripts/items/dainslaif.lua,,,,melee HandleEnspell or ranged OnRangedAttack -> luautils::OnItemAdditionalEffect -> onItemAdditionalEffect,SCRIPTED,,,,,,N/A,N/A,,,NONE_OR_HANDLER_SPECIFIC,,WEAPON_DMGTYPE_2,,,,HANDLER_SPECIFIC,HANDLER_SPECIFIC,HANDLER_SPECIFIC,FAMILY_DEFAULT_OR_SCRIPT_RETURN,NONE_RECORDED,BLOCKED_WHEN_ITEM_LEVEL_EXCEEDS_MAIN_LEVEL,PER_ITEM_LUA,YES,,,HIGH_FRAMEWORK_LOW_RETAIL_NUMERICS,VERIFY_LIVE,item-specific retail numerics
17682,sacred_sword,36,MAIN|SUB,SWORD,ERA_UNRESOLVED,No introduction-era metadata exists in active repository item tables,SQL_MODIFIERS,sql/item_mods.sql:35456;sql/item_mods.sql:35457;sql/item_mods.sql:35458;sql/item_mods.sql:35459;sql/item_mods.sql:35460,,,,melee HandleEnspell or ranged OnRangedAttack -> luautils::additionalEffectAttack -> xi.additionalEffect.attack,DAMAGE,LIGHT_DAMAGE,5,,,,LEGACY_ADDITIONAL_EFFECT_MAGIC_ACCURACY,NO_DSTAT_CONFIGURED,,,MAGICAL_DAMAGE_TIER_OR_LEGACY_HANDLER,LIGHT,ELEMENTAL_LEGACY,21,,,HANDLER_SPECIFIC,DAMAGE_PROFILE_SINGLE_PASS,DAMAGE_PROFILE_SINGLE_PASS,FAMILY_DEFAULT_OR_SCRIPT_RETURN,NONE_RECORDED,BLOCKED_WHEN_ITEM_LEVEL_EXCEEDS_MAIN_LEVEL,GLOBAL_ADDITIONAL_EFFECT,YES,,,HIGH_FRAMEWORK_LOW_RETAIL_NUMERICS,ERA_UNRESOLVED,item-specific retail numerics
17695,bayards_sword,73,MAIN|SUB,SWORD,ERA_UNRESOLVED,No introduction-era metadata exists in active repository item tables,SQL_MODIFIERS,sql/item_mods.sql:35478;sql/item_mods.sql:35479;sql/item_mods.sql:35480;sql/item_mods.sql:35481;sql/item_mods.sql:35482;sql/item_mods.sql:35483,,,,melee HandleEnspell or ranged OnRangedAttack -> luautils::additionalEffectAttack -> xi.additionalEffect.attack,DEBUFF,DEFENSE_OR_EVASION_OR_ATTACK_DOWN_OR_SLOW,10,,,,LEGACY_A_RANK,LEGACY_INT_DEFAULT,,,STATUS_MAGIC_TIER,,WEAPON_DMGTYPE_2,,60,EVASION_DOWN,STATUS_HELPERS,HANDLER_SPECIFIC,HANDLER_SPECIFIC,FAMILY_DEFAULT_OR_SCRIPT_RETURN,NONE_RECORDED,BLOCKED_WHEN_ITEM_LEVEL_EXCEEDS_MAIN_LEVEL,GLOBAL_ADDITIONAL_EFFECT,YES,,,HIGH_FRAMEWORK_LOW_RETAIL_NUMERICS,ERA_UNRESOLVED,item-specific retail numerics
17704,vulcan_sword,18,MAIN|SUB,SWORD,ERA_UNRESOLVED,No introduction-era metadata exists in active repository item tables,SQL_MODIFIERS,sql/item_mods.sql:35520;sql/item_mods.sql:35521;sql/item_mods.sql:35522;sql/item_mods.sql:35523;sql/item_mods.sql:35524,,,,melee HandleEnspell or ranged OnRangedAttack -> luautils::additionalEffectAttack -> xi.additionalEffect.attack,DAMAGE,FIRE_DAMAGE,5,,,,LEGACY_ADDITIONAL_EFFECT_MAGIC_ACCURACY,NO_DSTAT_CONFIGURED,,,MAGICAL_DAMAGE_TIER_OR_LEGACY_HANDLER,FIRE,ELEMENTAL_LEGACY,10,,,HANDLER_SPECIFIC,DAMAGE_PROFILE_SINGLE_PASS,DAMAGE_PROFILE_SINGLE_PASS,FAMILY_DEFAULT_OR_SCRIPT_RETURN,NONE_RECORDED,BLOCKED_WHEN_ITEM_LEVEL_EXCEEDS_MAIN_LEVEL,GLOBAL_ADDITIONAL_EFFECT,YES,,,HIGH_FRAMEWORK_LOW_RETAIL_NUMERICS,ERA_UNRESOLVED,item-specific retail numerics
17711,shivas_shotel,72,MAIN|SUB,SWORD,ERA_UNRESOLVED,No introduction-era metadata exists in active repository item tables,SQL_MODIFIERS+SQL_LATENTS,sql/item_latents.sql:2357;sql/item_latents.sql:2358;sql/item_latents.sql:2359;sql/item_latents.sql:2360;sql/item_latents.sql:2361,,,,melee HandleEnspell or ranged OnRangedAttack -> luautils::additionalEffectAttack -> xi.additionalEffect.attack,DAMAGE,ICE_DAMAGE,50,,,,LEGACY_ADDITIONAL_EFFECT_MAGIC_ACCURACY,NO_DSTAT_CONFIGURED,,,MAGICAL_DAMAGE_TIER_OR_LEGACY_HANDLER,ICE,ELEMENTAL_LEGACY,60,,,HANDLER_SPECIFIC,DAMAGE_PROFILE_SINGLE_PASS,DAMAGE_PROFILE_SINGLE_PASS,FAMILY_DEFAULT_OR_SCRIPT_RETURN,NONE_RECORDED,BLOCKED_WHEN_ITEM_LEVEL_EXCEEDS_MAIN_LEVEL,GLOBAL_ADDITIONAL_EFFECT,YES,,,HIGH_FRAMEWORK_LOW_RETAIL_NUMERICS,ERA_UNRESOLVED,item-specific retail numerics
17745,hofud,75,MAIN|SUB,SWORD,LATER_EXPANSION,Japanese community item history dates Hofud to the 2007-06-06 Einherjar update,SQL_MODIFIERS+COMBINED_RESOURCE_DRAIN_PROFILE,sql/item_mods.sql:35670;sql/item_mods.sql:35671;sql/item_mods.sql:35672;sql/item_mods.sql:35673;scripts/globals/additional_effect_profiles.lua,VZ_COMBINED_RESOURCE_DRAIN,scripts/globals/additional_effect_profiles.lua,IDENTITY_AND_ERA=EVIDENCE_BACKED;APPLICATION_AND_OUTCOME_OWNERSHIP=FRAMEWORK_CORRECT_LEGACY_NUMERICS;NUMERICS_BRANCH_SELECTION_MULTIPLIERS_PRESENTATION=VERIFY_LIVE,successful melee swing -> HandleEnspell item selection -> luautils::additionalEffectAttack -> xi.additionalEffect.attack -> executeCombinedResourceDrain -> executeResourceDrainTransfer,HPMP_DRAIN,DARKNESS_DAMAGE,15,FIXED_PERCENT_SQL_COMPATIBILITY; VERIFY_LIVE,0_SQL_COMPATIBILITY; VERIFY_LIVE,FIXED_15_SQL_COMPATIBILITY; VERIFY_LIVE,NO_EXPLICIT_SKILL_LEGACY_DAMAGE_RESISTANCE; VERIFY_LIVE,NO_GOVERNING_STAT_OR_DSTAT_COMPATIBILITY; VERIFY_LIVE,DISABLED_COMPATIBILITY; VERIFY_LIVE,BRANCH_SELECTION=UNIFORM_SINGLE_NO_RETRY_COMPATIBILITY_VERIFY_LIVE;GENERAL_MAGIC_DAMAGE=ENABLED_VERIFY_LIVE;ELEMENTAL_SDT=ENABLED_VERIFY_LIVE;STAFF=ENABLED_VERIFY_LIVE;AFFINITY=ENABLED_VERIFY_LIVE;DAY_WEATHER=ENABLED_VERIFY_LIVE;PHALANX=ENABLED_VERIFY_LIVE;ONE_FOR_ALL=ENABLED_VERIFY_LIVE;STONESKIN=ENABLED_VERIFY_LIVE;NULLIFICATION=ENABLED_NO_RETRY_VERIFY_LIVE;ABSORPTION=NEGATIVE_CLAMPED_TO_ZERO_NO_RETRY_VERIFY_LIVE,LEGACY_MAGICAL_DAMAGE_TIERS_AND_FLOOR; SELECTED_BRANCH_NO_RETRY; VERIFY_LIVE,CONFIGURED_NONE;EFFECTIVE_DARK_COMPATIBILITY;VERIFY_LIVE,DARK_MAGICAL_COMPATIBILITY; VERIFY_LIVE,FIXED_15_SQL_COMPATIBILITY; VERIFY_LIVE,NOT_APPLICABLE,NOT_APPLICABLE,DEAD_AND_UNDEAD_GUARD_BEFORE_AMOUNT_CALCULATION;SELECTED_BRANCH_NO_RETRY; VERIFY_LIVE,SCOPED_CALCULATOR_SINGLE_PASS; SELECTED_BRANCH_NO_RETRY; VERIFY_LIVE,NEGATIVE_RESULT_CLAMPED_TO_ZERO; SELECTED_BRANCH_NO_RETRY; VERIFY_LIVE,SELECTED_RESOURCE_HP_MP_TP_DRAIN_MESSAGE; ACTUAL_TARGET_RESOURCE_REMOVED,NONE_RECORDED,BLOCKED_WHEN_ITEM_LEVEL_EXCEEDS_MAIN_LEVEL,GLOBAL_COMBINED_RESOURCE_DRAIN_PROFILE,YES,scripts/tests/systems/combat/item_additional_effects_combined_resource_drains.lua;scripts/tests/systems/combat/item_additional_effects_combined_resource_drain_profiles.lua,retail_parity/vanilla_zilart/artifacts/VZ-COMBAT-001-combined-resource-drains-evidence.md,HIGH_FRAMEWORK_LOW_RETAIL_NUMERICS,VERIFY_LIVE,"HP_OR_MP uniform branch distribution, ordering, and retry/fallback; proc chance and level correction; fixed versus random per-resource amount and scaling; skill, accuracy, stat, dSTAT, and Dark element; resistance, nullification, absorption, undead, empty-resource, and defensive behavior; main/off-hand, multi-attack, Enspell priority, resource caps, and exact resource-specific presentation"
17750,anthos_xiphos,25,MAIN|SUB,SWORD,ERA_UNRESOLVED,No introduction-era metadata exists in active repository item tables,SQL_MODIFIERS,sql/item_mods.sql:35683,,,,melee HandleEnspell or ranged OnRangedAttack -> luautils::additionalEffectAttack -> xi.additionalEffect.attack,DAMAGE,,,,,,LEGACY_ADDITIONAL_EFFECT_MAGIC_ACCURACY,NO_DSTAT_CONFIGURED,,,MAGICAL_DAMAGE_TIER_OR_LEGACY_HANDLER,,ELEMENTAL_LEGACY,,,,HANDLER_SPECIFIC,DAMAGE_PROFILE_SINGLE_PASS,DAMAGE_PROFILE_SINGLE_PASS,FAMILY_DEFAULT_OR_SCRIPT_RETURN,NONE_RECORDED,BLOCKED_WHEN_ITEM_LEVEL_EXCEEDS_MAIN_LEVEL,GLOBAL_ADDITIONAL_EFFECT,NO,,,HIGH,CONFIGURATION_ERROR,DAMAGE requires a valid nonzero element; DAMAGE requires positive ITEM_ADDEFFECT_DMG; invalid proc chance None; item-specific retail numerics
17768,yoto_+1,46,MAIN|SUB,KATANA,ERA_UNRESOLVED,No introduction-era metadata exists in active repository item tables,SQL_MODIFIERS,sql/item_mods.sql:35734;sql/item_mods.sql:35735;sql/item_mods.sql:35736;sql/item_mods.sql:35737;sql/item_mods.sql:35738;sql/item_mods.sql:35739,,,,melee HandleEnspell or ranged OnRangedAttack -> luautils::additionalEffectAttack -> xi.additionalEffect.attack,DEBUFF,DEFENSE_OR_EVASION_OR_ATTACK_DOWN_OR_SLOW,15,,,,LEGACY_A_RANK,LEGACY_INT_DEFAULT,,,STATUS_MAGIC_TIER,,WEAPON_DMGTYPE_2,,60,DEFENSE_DOWN,STATUS_HELPERS,HANDLER_SPECIFIC,HANDLER_SPECIFIC,FAMILY_DEFAULT_OR_SCRIPT_RETURN,NONE_RECORDED,BLOCKED_WHEN_ITEM_LEVEL_EXCEEDS_MAIN_LEVEL,GLOBAL_ADDITIONAL_EFFECT,YES,,,HIGH_FRAMEWORK_LOW_RETAIL_NUMERICS,ERA_UNRESOLVED,item-specific retail numerics
17770,mamushito_+1,72,MAIN|SUB,KATANA,ERA_UNRESOLVED,No introduction-era metadata exists in active repository item tables,SQL_MODIFIERS,sql/item_mods.sql:35742;sql/item_mods.sql:35743;sql/item_mods.sql:35744;sql/item_mods.sql:35745;sql/item_mods.sql:35746,,,,melee HandleEnspell or ranged OnRangedAttack -> luautils::additionalEffectAttack -> xi.additionalEffect.attack,DEBUFF,STUN,10,,,,LEGACY_A_RANK,LEGACY_INT_DEFAULT,,,STATUS_MAGIC_TIER,,WEAPON_DMGTYPE_2,,3,STUN,STATUS_HELPERS,HANDLER_SPECIFIC,HANDLER_SPECIFIC,FAMILY_DEFAULT_OR_SCRIPT_RETURN,NONE_RECORDED,BLOCKED_WHEN_ITEM_LEVEL_EXCEEDS_MAIN_LEVEL,GLOBAL_ADDITIONAL_EFFECT,YES,,,HIGH_FRAMEWORK_LOW_RETAIL_NUMERICS,ERA_UNRESOLVED,item-specific retail numerics
17797,seito,16,MAIN|SUB,KATANA,ERA_UNRESOLVED,No introduction-era metadata exists in active repository item tables,SQL_MODIFIERS,sql/item_mods.sql:35806;sql/item_mods.sql:35807;sql/item_mods.sql:35808;sql/item_mods.sql:35809;sql/item_mods.sql:35810,,,,melee HandleEnspell or ranged OnRangedAttack -> luautils::additionalEffectAttack -> xi.additionalEffect.attack,DEBUFF,SILENCE,10,,,,LEGACY_A_RANK,LEGACY_INT_DEFAULT,,,STATUS_MAGIC_TIER,,WEAPON_DMGTYPE_2,,60,SILENCE,STATUS_HELPERS,HANDLER_SPECIFIC,HANDLER_SPECIFIC,FAMILY_DEFAULT_OR_SCRIPT_RETURN,NONE_RECORDED,BLOCKED_WHEN_ITEM_LEVEL_EXCEEDS_MAIN_LEVEL,GLOBAL_ADDITIONAL_EFFECT,YES,,,HIGH_FRAMEWORK_LOW_RETAIL_NUMERICS,ERA_UNRESOLVED,item-specific retail numerics
17823,shinsoku,72,MAIN,GREAT_KATANA,ZILART,Official 2004-09-14 update notes list Shinsoku before the Chains of Promathia release,SQL_MODIFIERS+SINGLE_RESOURCE_DRAIN_PROFILE,sql/item_mods.sql:35874;sql/item_mods.sql:35875;sql/item_mods.sql:35876;sql/item_mods.sql:35877;sql/item_mods.sql:35878;scripts/globals/additional_effect_profiles.lua,VZ_SINGLE_RESOURCE_DRAIN,scripts/globals/additional_effect_profiles.lua,IDENTITY=EVIDENCE_BACKED;ERA=EVIDENCE_BACKED;APPLICATION=FRAMEWORK_CORRECT_LEGACY_NUMERICS;NUMERICS_AND_MULTIPLIERS=VERIFY_LIVE,successful melee swing -> HandleEnspell item selection -> luautils::additionalEffectAttack -> xi.additionalEffect.attack -> executeSingleResourceDrain,TP_DRAIN,TP_DRAIN,8,FIXED_PERCENT_SQL_COMPATIBILITY; VERIFY_LIVE,0_SQL_COMPATIBILITY; VERIFY_LIVE,FIXED_10_SQL_COMPATIBILITY; VERIFY_LIVE,NO_EXPLICIT_SKILL_LEGACY_DAMAGE_RESISTANCE; VERIFY_LIVE,NO_GOVERNING_STAT_OR_DSTAT_COMPATIBILITY; VERIFY_LIVE,DISABLED_COMPATIBILITY; VERIFY_LIVE,GENERAL_MAGIC_DAMAGE=ENABLED_VERIFY_LIVE;ELEMENTAL_SDT=ENABLED_VERIFY_LIVE;STAFF=ENABLED_VERIFY_LIVE;AFFINITY=ENABLED_VERIFY_LIVE;DAY_WEATHER=ENABLED_VERIFY_LIVE;PHALANX=ENABLED_VERIFY_LIVE;ONE_FOR_ALL=ENABLED_VERIFY_LIVE;STONESKIN=ENABLED_VERIFY_LIVE;NULLIFICATION=ENABLED_VERIFY_LIVE;ABSORPTION=NEGATIVE_CLAMPED_TO_ZERO_VERIFY_LIVE,LEGACY_MAGICAL_DAMAGE_TIERS_AND_FLOOR; VERIFY_LIVE,DARK_SQL_COMPATIBILITY; VERIFY_LIVE,ELEMENTAL_LEGACY,FIXED_10_SQL_COMPATIBILITY; VERIFY_LIVE,NOT_APPLICABLE,NOT_APPLICABLE,DEAD_AND_UNDEAD_GUARD_BEFORE_AMOUNT_CALCULATION; VERIFY_LIVE,SCOPED_CALCULATOR_SINGLE_PASS; VERIFY_LIVE,NEGATIVE_RESULT_CLAMPED_TO_ZERO; VERIFY_LIVE,ADD_EFFECT_TP_DRAIN; ACTUAL_TARGET_RESOURCE_REMOVED,NONE_RECORDED,BLOCKED_WHEN_ITEM_LEVEL_EXCEEDS_MAIN_LEVEL,GLOBAL_SINGLE_RESOURCE_DRAIN_PROFILE,YES,scripts/tests/systems/combat/item_additional_effects_single_resource_drains.lua;scripts/tests/systems/combat/item_additional_effects_single_resource_drain_profiles.lua,retail_parity/vanilla_zilart/artifacts/VZ-COMBAT-001-single-resource-drains-evidence.md,HIGH_FRAMEWORK_LOW_RETAIL_NUMERICS,VERIFY_LIVE,"proc chance and level correction; fixed versus random amount and scaling; skill, accuracy, governing stat, and dSTAT; Dark element and resistance tiers; nullification, absorption, and undead behavior; attacker-full, target-empty, main/off-hand, Enspell priority, HP-oriented defenses, and exact presentation"
17828,koen,34,MAIN,GREAT_KATANA,ERA_UNRESOLVED,No introduction-era metadata exists in active repository item tables,SQL_MODIFIERS,sql/item_mods.sql:35887;sql/item_mods.sql:35888;sql/item_mods.sql:35889;sql/item_mods.sql:35890;sql/item_mods.sql:35891,,,,melee HandleEnspell or ranged OnRangedAttack -> luautils::additionalEffectAttack -> xi.additionalEffect.attack,DAMAGE,FIRE_DAMAGE,5,,,,LEGACY_ADDITIONAL_EFFECT_MAGIC_ACCURACY,NO_DSTAT_CONFIGURED,,,MAGICAL_DAMAGE_TIER_OR_LEGACY_HANDLER,FIRE,ELEMENTAL_LEGACY,19,,,HANDLER_SPECIFIC,DAMAGE_PROFILE_SINGLE_PASS,DAMAGE_PROFILE_SINGLE_PASS,FAMILY_DEFAULT_OR_SCRIPT_RETURN,NONE_RECORDED,BLOCKED_WHEN_ITEM_LEVEL_EXCEEDS_MAIN_LEVEL,GLOBAL_ADDITIONAL_EFFECT,YES,,,HIGH_FRAMEWORK_LOW_RETAIL_NUMERICS,ERA_UNRESOLVED,item-specific retail numerics
18008,hushed_dagger,12,MAIN|SUB,DAGGER,ERA_UNRESOLVED,No introduction-era metadata exists in active repository item tables,SQL_MODIFIERS,sql/item_mods.sql:36221;sql/item_mods.sql:36222;sql/item_mods.sql:36223;sql/item_mods.sql:36224;sql/item_mods.sql:36225;sql/item_mods.sql:36226,,,,melee HandleEnspell or ranged OnRangedAttack -> luautils::additionalEffectAttack -> xi.additionalEffect.attack,DEBUFF,SILENCE,10,,,,LEGACY_A_RANK,LEGACY_INT_DEFAULT,,,STATUS_MAGIC_TIER,,WEAPON_DMGTYPE_1,,30,SILENCE,STATUS_HELPERS,HANDLER_SPECIFIC,HANDLER_SPECIFIC,FAMILY_DEFAULT_OR_SCRIPT_RETURN,NONE_RECORDED,BLOCKED_WHEN_ITEM_LEVEL_EXCEEDS_MAIN_LEVEL,GLOBAL_ADDITIONAL_EFFECT,YES,,,HIGH_FRAMEWORK_LOW_RETAIL_NUMERICS,ERA_UNRESOLVED,item-specific retail numerics
18010,melt_dagger,23,MAIN|SUB,DAGGER,ERA_UNRESOLVED,No introduction-era metadata exists in active repository item tables,SQL_MODIFIERS,sql/item_mods.sql:36232;sql/item_mods.sql:36233;sql/item_mods.sql:36234;sql/item_mods.sql:36235;sql/item_mods.sql:36236;sql/item_mods.sql:36237,,,,melee HandleEnspell or ranged OnRangedAttack -> luautils::additionalEffectAttack -> xi.additionalEffect.attack,DEBUFF,DEFENSE_OR_EVASION_OR_ATTACK_DOWN_OR_SLOW,10,,,,LEGACY_A_RANK,LEGACY_INT_DEFAULT,,,STATUS_MAGIC_TIER,,WEAPON_DMGTYPE_1,,60,DEFENSE_DOWN,STATUS_HELPERS,HANDLER_SPECIFIC,HANDLER_SPECIFIC,FAMILY_DEFAULT_OR_SCRIPT_RETURN,NONE_RECORDED,BLOCKED_WHEN_ITEM_LEVEL_EXCEEDS_MAIN_LEVEL,GLOBAL_ADDITIONAL_EFFECT,YES,,,HIGH_FRAMEWORK_LOW_RETAIL_NUMERICS,ERA_UNRESOLVED,item-specific retail numerics
18011,melt_knife,31,MAIN|SUB,DAGGER,ERA_UNRESOLVED,No introduction-era metadata exists in active repository item tables,SQL_MODIFIERS,sql/item_mods.sql:36240;sql/item_mods.sql:36241;sql/item_mods.sql:36242;sql/item_mods.sql:36243;sql/item_mods.sql:36244;sql/item_mods.sql:36245,,,,melee HandleEnspell or ranged OnRangedAttack -> luautils::additionalEffectAttack -> xi.additionalEffect.attack,DEBUFF,DEFENSE_OR_EVASION_OR_ATTACK_DOWN_OR_SLOW,10,,,,LEGACY_A_RANK,LEGACY_INT_DEFAULT,,,STATUS_MAGIC_TIER,,WEAPON_DMGTYPE_1,,60,DEFENSE_DOWN,STATUS_HELPERS,HANDLER_SPECIFIC,HANDLER_SPECIFIC,FAMILY_DEFAULT_OR_SCRIPT_RETURN,NONE_RECORDED,BLOCKED_WHEN_ITEM_LEVEL_EXCEEDS_MAIN_LEVEL,GLOBAL_ADDITIONAL_EFFECT,YES,,,HIGH_FRAMEWORK_LOW_RETAIL_NUMERICS,ERA_UNRESOLVED,item-specific retail numerics
18012,melt_baselard,40,MAIN|SUB,DAGGER,ERA_UNRESOLVED,No introduction-era metadata exists in active repository item tables,SQL_MODIFIERS,sql/item_mods.sql:36248;sql/item_mods.sql:36249;sql/item_mods.sql:36250;sql/item_mods.sql:36251;sql/item_mods.sql:36252;sql/item_mods.sql:36253,,,,melee HandleEnspell or ranged OnRangedAttack -> luautils::additionalEffectAttack -> xi.additionalEffect.attack,DEBUFF,DEFENSE_OR_EVASION_OR_ATTACK_DOWN_OR_SLOW,10,,,,LEGACY_A_RANK,LEGACY_INT_DEFAULT,,,STATUS_MAGIC_TIER,,WEAPON_DMGTYPE_1,,60,DEFENSE_DOWN,STATUS_HELPERS,HANDLER_SPECIFIC,HANDLER_SPECIFIC,FAMILY_DEFAULT_OR_SCRIPT_RETURN,NONE_RECORDED,BLOCKED_WHEN_ITEM_LEVEL_EXCEEDS_MAIN_LEVEL,GLOBAL_ADDITIONAL_EFFECT,YES,,,HIGH_FRAMEWORK_LOW_RETAIL_NUMERICS,ERA_UNRESOLVED,item-specific retail numerics
18013,melt_kukri,34,MAIN|SUB,DAGGER,ERA_UNRESOLVED,No introduction-era metadata exists in active repository item tables,SQL_MODIFIERS,sql/item_mods.sql:36256;sql/item_mods.sql:36257;sql/item_mods.sql:36258;sql/item_mods.sql:36259;sql/item_mods.sql:36260;sql/item_mods.sql:36261,,,,melee HandleEnspell or ranged OnRangedAttack -> luautils::additionalEffectAttack -> xi.additionalEffect.attack,DEBUFF,DEFENSE_OR_EVASION_OR_ATTACK_DOWN_OR_SLOW,10,,,,LEGACY_A_RANK,LEGACY_INT_DEFAULT,,,STATUS_MAGIC_TIER,,WEAPON_DMGTYPE_1,,60,DEFENSE_DOWN,STATUS_HELPERS,HANDLER_SPECIFIC,HANDLER_SPECIFIC,FAMILY_DEFAULT_OR_SCRIPT_RETURN,NONE_RECORDED,BLOCKED_WHEN_ITEM_LEVEL_EXCEEDS_MAIN_LEVEL,GLOBAL_ADDITIONAL_EFFECT,YES,,,HIGH_FRAMEWORK_LOW_RETAIL_NUMERICS,ERA_UNRESOLVED,item-specific retail numerics
18018,sirocco_kukri,69,MAIN|SUB,DAGGER,ERA_UNRESOLVED,No introduction-era metadata exists in active repository item tables,SQL_MODIFIERS,sql/item_mods.sql:36266;sql/item_mods.sql:36267;sql/item_mods.sql:36268;sql/item_mods.sql:36269;sql/item_mods.sql:36270,,,,melee HandleEnspell or ranged OnRangedAttack -> luautils::additionalEffectAttack -> xi.additionalEffect.attack,DAMAGE,WIND_DAMAGE,100,,,,LEGACY_ADDITIONAL_EFFECT_MAGIC_ACCURACY,NO_DSTAT_CONFIGURED,,,MAGICAL_DAMAGE_TIER_OR_LEGACY_HANDLER,WIND,ELEMENTAL_LEGACY,9,,,HANDLER_SPECIFIC,DAMAGE_PROFILE_SINGLE_PASS,DAMAGE_PROFILE_SINGLE_PASS,FAMILY_DEFAULT_OR_SCRIPT_RETURN,NONE_RECORDED,BLOCKED_WHEN_ITEM_LEVEL_EXCEEDS_MAIN_LEVEL,GLOBAL_ADDITIONAL_EFFECT,YES,,,HIGH_FRAMEWORK_LOW_RETAIL_NUMERICS,ERA_UNRESOLVED,item-specific retail numerics
18032,adder_jambiya,72,MAIN|SUB,DAGGER,ERA_UNRESOLVED,No introduction-era metadata exists in active repository item tables,SQL_MODIFIERS,sql/item_mods.sql:36320;sql/item_mods.sql:36321;sql/item_mods.sql:36322;sql/item_mods.sql:36323;sql/item_mods.sql:36324;sql/item_mods.sql:36325,,,,melee HandleEnspell or ranged OnRangedAttack -> luautils::additionalEffectAttack -> xi.additionalEffect.attack,DEBUFF,DEFENSE_OR_EVASION_OR_ATTACK_DOWN_OR_SLOW,10,,,,LEGACY_A_RANK,LEGACY_INT_DEFAULT,,,STATUS_MAGIC_TIER,,WEAPON_DMGTYPE_1,,60,EVASION_DOWN,STATUS_HELPERS,HANDLER_SPECIFIC,HANDLER_SPECIFIC,FAMILY_DEFAULT_OR_SCRIPT_RETURN,NONE_RECORDED,BLOCKED_WHEN_ITEM_LEVEL_EXCEEDS_MAIN_LEVEL,GLOBAL_ADDITIONAL_EFFECT,YES,,,HIGH_FRAMEWORK_LOW_RETAIL_NUMERICS,ERA_UNRESOLVED,item-specific retail numerics
18033,adder_jambiya_+1,72,MAIN|SUB,DAGGER,ERA_UNRESOLVED,No introduction-era metadata exists in active repository item tables,SQL_MODIFIERS,sql/item_mods.sql:36332;sql/item_mods.sql:36333;sql/item_mods.sql:36334;sql/item_mods.sql:36335;sql/item_mods.sql:36336;sql/item_mods.sql:36337,,,,melee HandleEnspell or ranged OnRangedAttack -> luautils::additionalEffectAttack -> xi.additionalEffect.attack,DEBUFF,DEFENSE_OR_EVASION_OR_ATTACK_DOWN_OR_SLOW,15,,,,LEGACY_A_RANK,LEGACY_INT_DEFAULT,,,STATUS_MAGIC_TIER,,WEAPON_DMGTYPE_1,,60,EVASION_DOWN,STATUS_HELPERS,HANDLER_SPECIFIC,HANDLER_SPECIFIC,FAMILY_DEFAULT_OR_SCRIPT_RETURN,NONE_RECORDED,BLOCKED_WHEN_ITEM_LEVEL_EXCEEDS_MAIN_LEVEL,GLOBAL_ADDITIONAL_EFFECT,YES,,,HIGH_FRAMEWORK_LOW_RETAIL_NUMERICS,ERA_UNRESOLVED,item-specific retail numerics
18104,fuscina,20,MAIN,POLEARM,ERA_UNRESOLVED,No introduction-era metadata exists in active repository item tables,SQL_MODIFIERS,sql/item_mods.sql:36485;sql/item_mods.sql:36486;sql/item_mods.sql:36487;sql/item_mods.sql:36488;sql/item_mods.sql:36489,,,,melee HandleEnspell or ranged OnRangedAttack -> luautils::additionalEffectAttack -> xi.additionalEffect.attack,DAMAGE,LIGHTNING_DAMAGE,5,,,,LEGACY_ADDITIONAL_EFFECT_MAGIC_ACCURACY,NO_DSTAT_CONFIGURED,,,MAGICAL_DAMAGE_TIER_OR_LEGACY_HANDLER,THUNDER,ELEMENTAL_LEGACY,10,,,HANDLER_SPECIFIC,DAMAGE_PROFILE_SINGLE_PASS,DAMAGE_PROFILE_SINGLE_PASS,FAMILY_DEFAULT_OR_SCRIPT_RETURN,NONE_RECORDED,BLOCKED_WHEN_ITEM_LEVEL_EXCEEDS_MAIN_LEVEL,GLOBAL_ADDITIONAL_EFFECT,YES,,,HIGH_FRAMEWORK_LOW_RETAIL_NUMERICS,ERA_UNRESOLVED,item-specific retail numerics
18109,leviathans_couse,72,MAIN,POLEARM,ERA_UNRESOLVED,No introduction-era metadata exists in active repository item tables,SQL_MODIFIERS+SQL_LATENTS,sql/item_latents.sql:2602;sql/item_latents.sql:2603;sql/item_latents.sql:2604;sql/item_latents.sql:2605;sql/item_latents.sql:2606,,,,melee HandleEnspell or ranged OnRangedAttack -> luautils::additionalEffectAttack -> xi.additionalEffect.attack,DAMAGE,WATER_DAMAGE,50,,,,LEGACY_ADDITIONAL_EFFECT_MAGIC_ACCURACY,NO_DSTAT_CONFIGURED,,,MAGICAL_DAMAGE_TIER_OR_LEGACY_HANDLER,WATER,ELEMENTAL_LEGACY,60,,,HANDLER_SPECIFIC,DAMAGE_PROFILE_SINGLE_PASS,DAMAGE_PROFILE_SINGLE_PASS,FAMILY_DEFAULT_OR_SCRIPT_RETURN,NONE_RECORDED,BLOCKED_WHEN_ITEM_LEVEL_EXCEEDS_MAIN_LEVEL,GLOBAL_ADDITIONAL_EFFECT,YES,,,HIGH_FRAMEWORK_LOW_RETAIL_NUMERICS,ERA_UNRESOLVED,item-specific retail numerics
18110,mezraq,75,MAIN,POLEARM,ERA_UNRESOLVED,No introduction-era metadata exists in active repository item tables,SQL_MODIFIERS,sql/item_mods.sql:36510;sql/item_mods.sql:36511;sql/item_mods.sql:36512;sql/item_mods.sql:36513;sql/item_mods.sql:36514;sql/item_mods.sql:36515,,,,melee HandleEnspell or ranged OnRangedAttack -> luautils::additionalEffectAttack -> xi.additionalEffect.attack,DEBUFF,DEFENSE_OR_EVASION_OR_ATTACK_DOWN_OR_SLOW,10,,,,LEGACY_A_RANK,LEGACY_INT_DEFAULT,,,STATUS_MAGIC_TIER,,WEAPON_DMGTYPE_1,,30,EVASION_DOWN,STATUS_HELPERS,HANDLER_SPECIFIC,HANDLER_SPECIFIC,FAMILY_DEFAULT_OR_SCRIPT_RETURN,NONE_RECORDED,BLOCKED_WHEN_ITEM_LEVEL_EXCEEDS_MAIN_LEVEL,GLOBAL_ADDITIONAL_EFFECT,YES,,,HIGH_FRAMEWORK_LOW_RETAIL_NUMERICS,ERA_UNRESOLVED,item-specific retail numerics
18111,mezraq_+1,75,MAIN,POLEARM,ERA_UNRESOLVED,No introduction-era metadata exists in active repository item tables,SQL_MODIFIERS,sql/item_mods.sql:36520;sql/item_mods.sql:36521;sql/item_mods.sql:36522;sql/item_mods.sql:36523;sql/item_mods.sql:36524;sql/item_mods.sql:36525,,,,melee HandleEnspell or ranged OnRangedAttack -> luautils::additionalEffectAttack -> xi.additionalEffect.attack,DEBUFF,DEFENSE_OR_EVASION_OR_ATTACK_DOWN_OR_SLOW,15,,,,LEGACY_A_RANK,LEGACY_INT_DEFAULT,,,STATUS_MAGIC_TIER,,WEAPON_DMGTYPE_1,,30,EVASION_DOWN,STATUS_HELPERS,HANDLER_SPECIFIC,HANDLER_SPECIFIC,FAMILY_DEFAULT_OR_SCRIPT_RETURN,NONE_RECORDED,BLOCKED_WHEN_ITEM_LEVEL_EXCEEDS_MAIN_LEVEL,GLOBAL_ADDITIONAL_EFFECT,YES,,,HIGH_FRAMEWORK_LOW_RETAIL_NUMERICS,ERA_UNRESOLVED,item-specific retail numerics
18118,dark_mezraq,60,MAIN,POLEARM,ERA_UNRESOLVED,No introduction-era metadata exists in active repository item tables,SQL_MODIFIERS,sql/item_mods.sql:36538;sql/item_mods.sql:36539;sql/item_mods.sql:36540;sql/item_mods.sql:36541;sql/item_mods.sql:36542;sql/item_mods.sql:36543,,,,melee HandleEnspell or ranged OnRangedAttack -> luautils::additionalEffectAttack -> xi.additionalEffect.attack,DEBUFF,DEFENSE_OR_EVASION_OR_ATTACK_DOWN_OR_SLOW,10,,,,LEGACY_A_RANK,LEGACY_INT_DEFAULT,,,STATUS_MAGIC_TIER,,WEAPON_DMGTYPE_1,,30,EVASION_DOWN,STATUS_HELPERS,HANDLER_SPECIFIC,HANDLER_SPECIFIC,FAMILY_DEFAULT_OR_SCRIPT_RETURN,NONE_RECORDED,BLOCKED_WHEN_ITEM_LEVEL_EXCEEDS_MAIN_LEVEL,GLOBAL_ADDITIONAL_EFFECT,YES,,,HIGH_FRAMEWORK_LOW_RETAIL_NUMERICS,ERA_UNRESOLVED,item-specific retail numerics
18119,dark_mezraq_+1,60,MAIN,POLEARM,ERA_UNRESOLVED,No introduction-era metadata exists in active repository item tables,SQL_MODIFIERS,sql/item_mods.sql:36546;sql/item_mods.sql:36547;sql/item_mods.sql:36548;sql/item_mods.sql:36549;sql/item_mods.sql:36550;sql/item_mods.sql:36551,,,,melee HandleEnspell or ranged OnRangedAttack -> luautils::additionalEffectAttack -> xi.additionalEffect.attack,DEBUFF,DEFENSE_OR_EVASION_OR_ATTACK_DOWN_OR_SLOW,15,,,,LEGACY_A_RANK,LEGACY_INT_DEFAULT,,,STATUS_MAGIC_TIER,,WEAPON_DMGTYPE_1,,30,EVASION_DOWN,STATUS_HELPERS,HANDLER_SPECIFIC,HANDLER_SPECIFIC,FAMILY_DEFAULT_OR_SCRIPT_RETURN,NONE_RECORDED,BLOCKED_WHEN_ITEM_LEVEL_EXCEEDS_MAIN_LEVEL,GLOBAL_ADDITIONAL_EFFECT,YES,,,HIGH_FRAMEWORK_LOW_RETAIL_NUMERICS,ERA_UNRESOLVED,item-specific retail numerics
18123,thalassocrat,75,MAIN,POLEARM,ERA_UNRESOLVED,No introduction-era metadata exists in active repository item tables,SQL_MODIFIERS,sql/item_mods.sql:36570;sql/item_mods.sql:36571;sql/item_mods.sql:36572;sql/item_mods.sql:36573;sql/item_mods.sql:36574;sql/item_mods.sql:36575,,,,melee HandleEnspell or ranged OnRangedAttack -> luautils::additionalEffectAttack -> xi.additionalEffect.attack,DEBUFF,DEFENSE_OR_EVASION_OR_ATTACK_DOWN_OR_SLOW,5,,,,LEGACY_A_RANK,LEGACY_INT_DEFAULT,,,STATUS_MAGIC_TIER,,WEAPON_DMGTYPE_1,,30,EVASION_DOWN,STATUS_HELPERS,HANDLER_SPECIFIC,HANDLER_SPECIFIC,FAMILY_DEFAULT_OR_SCRIPT_RETURN,NONE_RECORDED,BLOCKED_WHEN_ITEM_LEVEL_EXCEEDS_MAIN_LEVEL,GLOBAL_ADDITIONAL_EFFECT,YES,,,HIGH_FRAMEWORK_LOW_RETAIL_NUMERICS,ERA_UNRESOLVED,item-specific retail numerics
18124,thalassocrat_+1,75,MAIN,POLEARM,ERA_UNRESOLVED,No introduction-era metadata exists in active repository item tables,SQL_MODIFIERS,sql/item_mods.sql:36582;sql/item_mods.sql:36583;sql/item_mods.sql:36584;sql/item_mods.sql:36585;sql/item_mods.sql:36586;sql/item_mods.sql:36587,,,,melee HandleEnspell or ranged OnRangedAttack -> luautils::additionalEffectAttack -> xi.additionalEffect.attack,DEBUFF,DEFENSE_OR_EVASION_OR_ATTACK_DOWN_OR_SLOW,10,,,,LEGACY_A_RANK,LEGACY_INT_DEFAULT,,,STATUS_MAGIC_TIER,,WEAPON_DMGTYPE_1,,30,EVASION_DOWN,STATUS_HELPERS,HANDLER_SPECIFIC,HANDLER_SPECIFIC,FAMILY_DEFAULT_OR_SCRIPT_RETURN,NONE_RECORDED,BLOCKED_WHEN_ITEM_LEVEL_EXCEEDS_MAIN_LEVEL,GLOBAL_ADDITIONAL_EFFECT,YES,,,HIGH_FRAMEWORK_LOW_RETAIL_NUMERICS,ERA_UNRESOLVED,item-specific retail numerics
18148,acid_bolt,15,AMMO,MARKSMANSHIP,VANILLA_OR_ZILART,VZ-COMBAT-001 Phase A maintained audit-scope manifest,SQL_MODIFIERS,sql/item_mods.sql:36680;sql/item_mods.sql:36681;sql/item_mods.sql:36682;sql/item_mods.sql:36683;sql/item_mods.sql:36684;sql/item_mods.sql:36685;sql/item_mods.sql:36686;sql/item_mods.sql:36687;sql/item_mods.sql:36688,,,,melee HandleEnspell or ranged OnRangedAttack -> luautils::additionalEffectAttack -> xi.additionalEffect.attack,DEBUFF,DEFENSE_OR_EVASION_OR_ATTACK_DOWN_OR_SLOW,100,,5,,ITEM_NATIVE_A_RANK,UNRESOLVED; LEGACY_INT_COMPATIBILITY,,,STATUS_MAGIC_TIER,WIND,WEAPON_DMGTYPE_1,,60,DEFENSE_DOWN,STATUS_HELPERS,HANDLER_SPECIFIC,HANDLER_SPECIFIC,FAMILY_DEFAULT_OR_SCRIPT_RETURN,NONE_RECORDED,BLOCKED_WHEN_ITEM_LEVEL_EXCEEDS_MAIN_LEVEL,GLOBAL_ADDITIONAL_EFFECT,YES,scripts/tests/systems/combat/item_additional_effects.lua;scripts/tests/systems/combat/item_additional_effects_ranged.lua,,HIGH_FRAMEWORK_LOW_RETAIL_NUMERICS,FRAMEWORK_CORRECT_LEGACY_NUMERICS,governing dSTAT/no-dSTAT behavior; item-specific proc/potency/duration retail confirmation
18149,sleep_bolt,20,AMMO,MARKSMANSHIP,VANILLA_OR_ZILART,VZ-COMBAT-001 Phase A maintained audit-scope manifest,SQL_MODIFIERS,sql/item_mods.sql:36691;sql/item_mods.sql:36692;sql/item_mods.sql:36693;sql/item_mods.sql:36694;sql/item_mods.sql:36695;sql/item_mods.sql:36696;sql/item_mods.sql:36697;sql/item_mods.sql:36698,,,,melee HandleEnspell or ranged OnRangedAttack -> luautils::additionalEffectAttack -> xi.additionalEffect.attack,DEBUFF,SLEEP_OR_MP_DRAIN,100,,5,,ITEM_NATIVE_A_RANK,UNRESOLVED; LEGACY_INT_COMPATIBILITY,,,STATUS_MAGIC_TIER,DARK,WEAPON_DMGTYPE_1,,25,SLEEP_I,STATUS_HELPERS,HANDLER_SPECIFIC,HANDLER_SPECIFIC,FAMILY_DEFAULT_OR_SCRIPT_RETURN,NONE_RECORDED,BLOCKED_WHEN_ITEM_LEVEL_EXCEEDS_MAIN_LEVEL,GLOBAL_ADDITIONAL_EFFECT,YES,scripts/tests/systems/combat/item_additional_effects.lua;scripts/tests/systems/combat/item_additional_effects_ranged.lua,,HIGH_FRAMEWORK_LOW_RETAIL_NUMERICS,FRAMEWORK_CORRECT_LEGACY_NUMERICS,governing dSTAT/no-dSTAT behavior; item-specific proc/potency/duration retail confirmation
18150,blind_bolt,10,AMMO,MARKSMANSHIP,VANILLA_OR_ZILART,VZ-COMBAT-001 Phase A maintained audit-scope manifest,SQL_MODIFIERS+STATUS_AMMUNITION_PROFILE,sql/item_mods.sql:36701;sql/item_mods.sql:36702;sql/item_mods.sql:36703;sql/item_mods.sql:36704;sql/item_mods.sql:36705;sql/item_mods.sql:36706;sql/item_mods.sql:36707;sql/item_mods.sql:36708;sql/item_mods.sql:36709;scripts/globals/additional_effect_profiles.lua,VZ_STATUS_AMMUNITION,scripts/globals/additional_effect_profiles.lua,IDENTITY=EVIDENCE_BACKED;PROC_LEVEL_STAT_ELEMENT_POWER_DURATION_RESIST=VERIFY_LIVE;DSTAT=NOT_APPLICABLE;TRIGGER_AMMO_PRESENTATION=FRAMEWORK_CORRECT_LEGACY_NUMERICS,successful ranged OnRangedAttack -> luautils::additionalEffectAttack -> xi.additionalEffect.attack,DEBUFF,BLIND,100,SQL_MODIFIER_COMPATIBILITY; VERIFY_LIVE,5,STATUS_POWER_SQL_COMPATIBILITY; VERIFY_LIVE,LEGACY_A_RANK; VERIFY_LIVE,LEGACY_INT_ACCURACY; DSTAT_NOT_USED_BY_STATUS_HANDLER; VERIFY_LIVE,NOT_APPLICABLE,IMMUNITY=STATUS_HELPERS_FRAMEWORK_CORRECT;TRAIT_RESISTANCE=STATUS_HELPERS_FRAMEWORK_CORRECT;NULLIFICATION=STATUS_HELPERS_FRAMEWORK_CORRECT;PARTIAL_DURATION=MIN_HALF_COMPATIBILITY_VERIFY_LIVE;OVERWRITE=STATUS_CONTAINER_COMPATIBILITY_VERIFY_LIVE,STATUS_MAGIC_TIER; DURATION_SCALED_MIN_HALF; VERIFY_LIVE,CONFIGURED_DARK;EFFECTIVE_DARK;VERIFY_LIVE,WEAPON_DMGTYPE_1,10,30,BLINDNESS,STATUS_HELPERS; FRAMEWORK_CORRECT_LEGACY_NUMERICS,STATUS_HELPERS; FRAMEWORK_CORRECT_LEGACY_NUMERICS,NOT_APPLICABLE_TO_STATUS,ADD_EFFECT_STATUS_2; EFFECT_ID,NONE_RECORDED,BLOCKED_WHEN_ITEM_LEVEL_EXCEEDS_MAIN_LEVEL,GLOBAL_ADDITIONAL_EFFECT_PROFILE,YES,scripts/tests/systems/combat/item_additional_effects_status_ammunition.lua;scripts/tests/systems/combat/item_additional_effects_status_ammunition_profiles.lua,retail_parity/vanilla_zilart/artifacts/VZ-COMBAT-001-status-ammunition-evidence.md,HIGH_FRAMEWORK_LOW_RETAIL_NUMERICS,VERIFY_LIVE,"proc chance and level correction; magic accuracy, skill basis, and governing stat; action element and resistance tiers; power, duration, overwrite, and status-removal semantics; exact client presentation"
18151,bloody_bolt,25,AMMO,MARKSMANSHIP,ERA_UNRESOLVED,No introduction-era metadata exists in active repository item tables,SQL_MODIFIERS+ITEM_SCRIPT,sql/item_mods.sql:36712;scripts/items/bloody_bolt.lua,,,,melee HandleEnspell or ranged OnRangedAttack -> luautils::OnItemAdditionalEffect -> onItemAdditionalEffect,SCRIPTED,,,,,,N/A,N/A,,,NONE_OR_HANDLER_SPECIFIC,,WEAPON_DMGTYPE_1,,,,HANDLER_SPECIFIC,HANDLER_SPECIFIC,HANDLER_SPECIFIC,FAMILY_DEFAULT_OR_SCRIPT_RETURN,NONE_RECORDED,BLOCKED_WHEN_ITEM_LEVEL_EXCEEDS_MAIN_LEVEL,PER_ITEM_LUA,YES,,,HIGH_FRAMEWORK_LOW_RETAIL_NUMERICS,VERIFY_LIVE,item-specific retail numerics
18152,venom_bolt,25,AMMO,MARKSMANSHIP,VANILLA_OR_ZILART,VZ-COMBAT-001 Phase A maintained audit-scope manifest,SQL_MODIFIERS+STATUS_AMMUNITION_PROFILE,sql/item_mods.sql:36715;sql/item_mods.sql:36716;sql/item_mods.sql:36717;sql/item_mods.sql:36718;sql/item_mods.sql:36719;sql/item_mods.sql:36720;sql/item_mods.sql:36721;sql/item_mods.sql:36722;sql/item_mods.sql:36723;scripts/globals/additional_effect_profiles.lua,VZ_STATUS_AMMUNITION,scripts/globals/additional_effect_profiles.lua,IDENTITY=EVIDENCE_BACKED;PROC_LEVEL_STAT_ELEMENT_POWER_DURATION_RESIST=VERIFY_LIVE;DSTAT=NOT_APPLICABLE;TRIGGER_AMMO_PRESENTATION=FRAMEWORK_CORRECT_LEGACY_NUMERICS,successful ranged OnRangedAttack -> luautils::additionalEffectAttack -> xi.additionalEffect.attack,DEBUFF,POISON,100,SQL_MODIFIER_COMPATIBILITY; VERIFY_LIVE,5,STATUS_POWER_SQL_COMPATIBILITY; VERIFY_LIVE,LEGACY_A_RANK; VERIFY_LIVE,LEGACY_INT_ACCURACY; DSTAT_NOT_USED_BY_STATUS_HANDLER; VERIFY_LIVE,NOT_APPLICABLE,IMMUNITY=STATUS_HELPERS_FRAMEWORK_CORRECT;TRAIT_RESISTANCE=STATUS_HELPERS_FRAMEWORK_CORRECT;NULLIFICATION=STATUS_HELPERS_FRAMEWORK_CORRECT;PARTIAL_DURATION=MIN_HALF_COMPATIBILITY_VERIFY_LIVE;OVERWRITE=STATUS_CONTAINER_COMPATIBILITY_VERIFY_LIVE,STATUS_MAGIC_TIER; DURATION_SCALED_MIN_HALF; VERIFY_LIVE,CONFIGURED_WATER;EFFECTIVE_WATER;VERIFY_LIVE,WEAPON_DMGTYPE_1,4,30,POISON,STATUS_HELPERS; FRAMEWORK_CORRECT_LEGACY_NUMERICS,STATUS_HELPERS; FRAMEWORK_CORRECT_LEGACY_NUMERICS,NOT_APPLICABLE_TO_STATUS,ADD_EFFECT_STATUS_2; EFFECT_ID,NONE_RECORDED,BLOCKED_WHEN_ITEM_LEVEL_EXCEEDS_MAIN_LEVEL,GLOBAL_ADDITIONAL_EFFECT_PROFILE,YES,scripts/tests/systems/combat/item_additional_effects_status_ammunition.lua;scripts/tests/systems/combat/item_additional_effects_status_ammunition_profiles.lua,retail_parity/vanilla_zilart/artifacts/VZ-COMBAT-001-status-ammunition-evidence.md,HIGH_FRAMEWORK_LOW_RETAIL_NUMERICS,VERIFY_LIVE,"proc chance and level correction; magic accuracy, skill basis, and governing stat; action element and resistance tiers; power, duration, overwrite, and status-removal semantics; exact client presentation"
18153,holy_bolt,30,AMMO,MARKSMANSHIP,ERA_UNRESOLVED,No introduction-era metadata exists in active repository item tables,SQL_MODIFIERS+ITEM_SCRIPT,sql/item_mods.sql:36726;scripts/items/holy_bolt.lua,,,,melee HandleEnspell or ranged OnRangedAttack -> luautils::OnItemAdditionalEffect -> onItemAdditionalEffect,SCRIPTED,,,,,,N/A,N/A,,,NONE_OR_HANDLER_SPECIFIC,,WEAPON_DMGTYPE_1,,,,HANDLER_SPECIFIC,HANDLER_SPECIFIC,HANDLER_SPECIFIC,FAMILY_DEFAULT_OR_SCRIPT_RETURN,NONE_RECORDED,BLOCKED_WHEN_ITEM_LEVEL_EXCEEDS_MAIN_LEVEL,PER_ITEM_LUA,YES,,,HIGH_FRAMEWORK_LOW_RETAIL_NUMERICS,VERIFY_LIVE,item-specific retail numerics
18157,poison_arrow,19,AMMO,ARCHERY,VANILLA_OR_ZILART,VZ-COMBAT-001 Phase A maintained audit-scope manifest,SQL_MODIFIERS+STATUS_AMMUNITION_PROFILE,sql/item_mods.sql:36738;sql/item_mods.sql:36739;sql/item_mods.sql:36740;sql/item_mods.sql:36741;sql/item_mods.sql:36742;sql/item_mods.sql:36743;sql/item_mods.sql:36744;scripts/globals/additional_effect_profiles.lua,VZ_STATUS_AMMUNITION,scripts/globals/additional_effect_profiles.lua,IDENTITY=EVIDENCE_BACKED;PROC_LEVEL_STAT_ELEMENT_POWER_DURATION_RESIST=VERIFY_LIVE;DSTAT=NOT_APPLICABLE;TRIGGER_AMMO_PRESENTATION=FRAMEWORK_CORRECT_LEGACY_NUMERICS,successful ranged OnRangedAttack -> luautils::additionalEffectAttack -> xi.additionalEffect.attack,DEBUFF,POISON,95,SQL_MODIFIER_COMPATIBILITY; VERIFY_LIVE,5,STATUS_POWER_SQL_COMPATIBILITY; VERIFY_LIVE,LEGACY_A_RANK; VERIFY_LIVE,LEGACY_INT_ACCURACY; DSTAT_NOT_USED_BY_STATUS_HANDLER; VERIFY_LIVE,NOT_APPLICABLE,IMMUNITY=STATUS_HELPERS_FRAMEWORK_CORRECT;TRAIT_RESISTANCE=STATUS_HELPERS_FRAMEWORK_CORRECT;NULLIFICATION=STATUS_HELPERS_FRAMEWORK_CORRECT;PARTIAL_DURATION=MIN_HALF_COMPATIBILITY_VERIFY_LIVE;OVERWRITE=STATUS_CONTAINER_COMPATIBILITY_VERIFY_LIVE,STATUS_MAGIC_TIER; DURATION_SCALED_MIN_HALF; VERIFY_LIVE,CONFIGURED_NONE;EFFECTIVE_WATER;VERIFY_LIVE,WEAPON_DMGTYPE_1,4,30,POISON,STATUS_HELPERS; FRAMEWORK_CORRECT_LEGACY_NUMERICS,STATUS_HELPERS; FRAMEWORK_CORRECT_LEGACY_NUMERICS,NOT_APPLICABLE_TO_STATUS,ADD_EFFECT_STATUS_2; EFFECT_ID,NONE_RECORDED,BLOCKED_WHEN_ITEM_LEVEL_EXCEEDS_MAIN_LEVEL,GLOBAL_ADDITIONAL_EFFECT_PROFILE,YES,scripts/tests/systems/combat/item_additional_effects_status_ammunition.lua;scripts/tests/systems/combat/item_additional_effects_status_ammunition_profiles.lua,retail_parity/vanilla_zilart/artifacts/VZ-COMBAT-001-status-ammunition-evidence.md,HIGH_FRAMEWORK_LOW_RETAIL_NUMERICS,VERIFY_LIVE,"proc chance and level correction; magic accuracy, skill basis, and governing stat; action element and resistance tiers; power, duration, overwrite, and status-removal semantics; exact client presentation"
18158,sleep_arrow,35,AMMO,ARCHERY,VANILLA_OR_ZILART,VZ-COMBAT-001 Phase A maintained audit-scope manifest,SQL_MODIFIERS+STATUS_AMMUNITION_PROFILE,sql/item_mods.sql:36747;sql/item_mods.sql:36748;sql/item_mods.sql:36749;sql/item_mods.sql:36750;sql/item_mods.sql:36751;sql/item_mods.sql:36752;scripts/globals/additional_effect_profiles.lua,VZ_STATUS_AMMUNITION,scripts/globals/additional_effect_profiles.lua,IDENTITY=EVIDENCE_BACKED;PROC_LEVEL_STAT_ELEMENT_POWER_DURATION_RESIST=VERIFY_LIVE;DSTAT=NOT_APPLICABLE;TRIGGER_AMMO_PRESENTATION=FRAMEWORK_CORRECT_LEGACY_NUMERICS,successful ranged OnRangedAttack -> luautils::additionalEffectAttack -> xi.additionalEffect.attack,DEBUFF,SLEEP,95,SQL_MODIFIER_COMPATIBILITY; VERIFY_LIVE,5,STATUS_POWER_SQL_COMPATIBILITY; VERIFY_LIVE,LEGACY_A_RANK; VERIFY_LIVE,LEGACY_INT_ACCURACY; DSTAT_NOT_USED_BY_STATUS_HANDLER; VERIFY_LIVE,NOT_APPLICABLE,IMMUNITY=STATUS_HELPERS_FRAMEWORK_CORRECT;TRAIT_RESISTANCE=STATUS_HELPERS_FRAMEWORK_CORRECT;NULLIFICATION=STATUS_HELPERS_FRAMEWORK_CORRECT;PARTIAL_DURATION=MIN_HALF_COMPATIBILITY_VERIFY_LIVE;OVERWRITE=STATUS_CONTAINER_COMPATIBILITY_VERIFY_LIVE,STATUS_MAGIC_TIER; DURATION_SCALED_MIN_HALF; VERIFY_LIVE,CONFIGURED_NONE;EFFECTIVE_NONE;VERIFY_LIVE,WEAPON_DMGTYPE_1,,25,SLEEP_I,STATUS_HELPERS; FRAMEWORK_CORRECT_LEGACY_NUMERICS,STATUS_HELPERS; FRAMEWORK_CORRECT_LEGACY_NUMERICS,NOT_APPLICABLE_TO_STATUS,ADD_EFFECT_STATUS_2; EFFECT_ID,NONE_RECORDED,BLOCKED_WHEN_ITEM_LEVEL_EXCEEDS_MAIN_LEVEL,GLOBAL_ADDITIONAL_EFFECT_PROFILE,YES,scripts/tests/systems/combat/item_additional_effects_status_ammunition.lua;scripts/tests/systems/combat/item_additional_effects_status_ammunition_profiles.lua,retail_parity/vanilla_zilart/artifacts/VZ-COMBAT-001-status-ammunition-evidence.md,HIGH_FRAMEWORK_LOW_RETAIL_NUMERICS,VERIFY_LIVE,"proc chance and level correction; magic accuracy, skill basis, and governing stat; action element and resistance tiers; power, duration, overwrite, and status-removal semantics; exact client presentation"
18159,demon_arrow,60,AMMO,ARCHERY,VANILLA_OR_ZILART,VZ-COMBAT-001 Phase A maintained audit-scope manifest,SQL_MODIFIERS+STATUS_AMMUNITION_PROFILE,sql/item_mods.sql:36756;sql/item_mods.sql:36757;sql/item_mods.sql:36758;sql/item_mods.sql:36759;sql/item_mods.sql:36760;sql/item_mods.sql:36761;sql/item_mods.sql:36762;scripts/globals/additional_effect_profiles.lua,VZ_STATUS_AMMUNITION,scripts/globals/additional_effect_profiles.lua,IDENTITY=EVIDENCE_BACKED;PROC_LEVEL_STAT_ELEMENT_POWER_DURATION_RESIST=VERIFY_LIVE;DSTAT=NOT_APPLICABLE;TRIGGER_AMMO_PRESENTATION=FRAMEWORK_CORRECT_LEGACY_NUMERICS,successful ranged OnRangedAttack -> luautils::additionalEffectAttack -> xi.additionalEffect.attack,DEBUFF,ATTACK_DOWN,95,SQL_MODIFIER_COMPATIBILITY; VERIFY_LIVE,5,STATUS_POWER_SQL_COMPATIBILITY; VERIFY_LIVE,LEGACY_A_RANK; VERIFY_LIVE,LEGACY_INT_ACCURACY; DSTAT_NOT_USED_BY_STATUS_HANDLER; VERIFY_LIVE,NOT_APPLICABLE,IMMUNITY=STATUS_HELPERS_FRAMEWORK_CORRECT;TRAIT_RESISTANCE=STATUS_HELPERS_FRAMEWORK_CORRECT;NULLIFICATION=STATUS_HELPERS_FRAMEWORK_CORRECT;PARTIAL_DURATION=MIN_HALF_COMPATIBILITY_VERIFY_LIVE;OVERWRITE=STATUS_CONTAINER_COMPATIBILITY_VERIFY_LIVE,STATUS_MAGIC_TIER; DURATION_SCALED_MIN_HALF; VERIFY_LIVE,CONFIGURED_NONE;EFFECTIVE_WATER;VERIFY_LIVE,WEAPON_DMGTYPE_1,12,60,ATTACK_DOWN,STATUS_HELPERS; FRAMEWORK_CORRECT_LEGACY_NUMERICS,STATUS_HELPERS; FRAMEWORK_CORRECT_LEGACY_NUMERICS,NOT_APPLICABLE_TO_STATUS,ADD_EFFECT_STATUS_2; EFFECT_ID,NONE_RECORDED,BLOCKED_WHEN_ITEM_LEVEL_EXCEEDS_MAIN_LEVEL,GLOBAL_ADDITIONAL_EFFECT_PROFILE,YES,scripts/tests/systems/combat/item_additional_effects_status_ammunition.lua;scripts/tests/systems/combat/item_additional_effects_status_ammunition_profiles.lua,retail_parity/vanilla_zilart/artifacts/VZ-COMBAT-001-status-ammunition-evidence.md,HIGH_FRAMEWORK_LOW_RETAIL_NUMERICS,VERIFY_LIVE,"proc chance and level correction; magic accuracy, skill basis, and governing stat; action element and resistance tiers; power, duration, overwrite, and status-removal semantics; exact client presentation"
18160,spartan_bullet,30,AMMO,MARKSMANSHIP,VANILLA_OR_ZILART,VZ-COMBAT-001 Phase A maintained audit-scope manifest,SQL_MODIFIERS+STATUS_AMMUNITION_PROFILE,sql/item_mods.sql:36765;sql/item_mods.sql:36766;sql/item_mods.sql:36767;sql/item_mods.sql:36768;sql/item_mods.sql:36769;sql/item_mods.sql:36770;sql/item_mods.sql:36771;scripts/globals/additional_effect_profiles.lua,VZ_STATUS_AMMUNITION,scripts/globals/additional_effect_profiles.lua,IDENTITY=EVIDENCE_BACKED;PROC_LEVEL_STAT_ELEMENT_POWER_DURATION_RESIST=VERIFY_LIVE;DSTAT=NOT_APPLICABLE;TRIGGER_AMMO_PRESENTATION=FRAMEWORK_CORRECT_LEGACY_NUMERICS,successful ranged OnRangedAttack -> luautils::additionalEffectAttack -> xi.additionalEffect.attack,DEBUFF,STUN,10,SQL_MODIFIER_COMPATIBILITY; VERIFY_LIVE,5,STATUS_POWER_SQL_COMPATIBILITY; VERIFY_LIVE,LEGACY_A_RANK; VERIFY_LIVE,LEGACY_INT_ACCURACY; DSTAT_NOT_USED_BY_STATUS_HANDLER; VERIFY_LIVE,NOT_APPLICABLE,IMMUNITY=STATUS_HELPERS_FRAMEWORK_CORRECT;TRAIT_RESISTANCE=STATUS_HELPERS_FRAMEWORK_CORRECT;NULLIFICATION=STATUS_HELPERS_FRAMEWORK_CORRECT;PARTIAL_DURATION=MIN_HALF_COMPATIBILITY_VERIFY_LIVE;OVERWRITE=STATUS_CONTAINER_COMPATIBILITY_VERIFY_LIVE,STATUS_MAGIC_TIER; DURATION_SCALED_MIN_HALF; VERIFY_LIVE,CONFIGURED_NONE;EFFECTIVE_THUNDER;VERIFY_LIVE,WEAPON_DMGTYPE_1,10,5,STUN,STATUS_HELPERS; FRAMEWORK_CORRECT_LEGACY_NUMERICS,STATUS_HELPERS; FRAMEWORK_CORRECT_LEGACY_NUMERICS,NOT_APPLICABLE_TO_STATUS,ADD_EFFECT_STATUS_2; EFFECT_ID,SPARTAN_COOLDOWN_NOT_IMPLEMENTED_VERIFY_LIVE,BLOCKED_WHEN_ITEM_LEVEL_EXCEEDS_MAIN_LEVEL,GLOBAL_ADDITIONAL_EFFECT_PROFILE,YES,scripts/tests/systems/combat/item_additional_effects_status_ammunition.lua;scripts/tests/systems/combat/item_additional_effects_status_ammunition_profiles.lua,retail_parity/vanilla_zilart/artifacts/VZ-COMBAT-001-status-ammunition-evidence.md,HIGH_FRAMEWORK_LOW_RETAIL_NUMERICS,VERIFY_LIVE,"proc chance and level correction; magic accuracy, skill basis, and governing stat; action element and resistance tiers; power, duration, overwrite, and status-removal semantics; exact client presentation; Spartan target/source cooldown duration, ownership, weapon-skill eligibility, and unrelated-Stun interaction"
18161,arctic_wind,72,AMMO,THROWING,VANILLA_OR_ZILART,VZ-COMBAT-001 Phase A maintained audit-scope manifest,SQL_MODIFIERS,sql/item_mods.sql:36774;sql/item_mods.sql:36775;sql/item_mods.sql:36776;sql/item_mods.sql:36777;sql/item_mods.sql:36778,,,,melee HandleEnspell or ranged OnRangedAttack -> luautils::additionalEffectAttack -> xi.additionalEffect.attack,NM_SPECIFIC,ICE_DAMAGE,100,,,,N/A,N/A,,,NONE_OR_HANDLER_SPECIFIC,ICE,ELEMENTAL_LEGACY,180,,,HANDLER_SPECIFIC,HANDLER_SPECIFIC,HANDLER_SPECIFIC,FAMILY_DEFAULT_OR_SCRIPT_RETURN,NM_NAME_AND_REQUIRED_ITEM,BLOCKED_WHEN_ITEM_LEVEL_EXCEEDS_MAIN_LEVEL,GLOBAL_ADDITIONAL_EFFECT,YES,scripts/tests/systems/combat/item_additional_effects_nm.lua,,HIGH,SPECIAL_CASE_TEST_BACKED,item-specific retail numerics
18162,east_wind,72,AMMO,THROWING,VANILLA_OR_ZILART,VZ-COMBAT-001 Phase A maintained audit-scope manifest,SQL_MODIFIERS,sql/item_mods.sql:36781;sql/item_mods.sql:36782;sql/item_mods.sql:36783;sql/item_mods.sql:36784;sql/item_mods.sql:36785,,,,melee HandleEnspell or ranged OnRangedAttack -> luautils::additionalEffectAttack -> xi.additionalEffect.attack,NM_SPECIFIC,WIND_DAMAGE,100,,,,N/A,N/A,,,NONE_OR_HANDLER_SPECIFIC,WIND,ELEMENTAL_LEGACY,180,,,HANDLER_SPECIFIC,HANDLER_SPECIFIC,HANDLER_SPECIFIC,FAMILY_DEFAULT_OR_SCRIPT_RETURN,NM_NAME_AND_REQUIRED_ITEM,BLOCKED_WHEN_ITEM_LEVEL_EXCEEDS_MAIN_LEVEL,GLOBAL_ADDITIONAL_EFFECT,YES,scripts/tests/systems/combat/item_additional_effects_nm.lua,,HIGH,SPECIAL_CASE_TEST_BACKED,item-specific retail numerics
18163,zephyr,72,AMMO,THROWING,VANILLA_OR_ZILART,VZ-COMBAT-001 Phase A maintained audit-scope manifest,SQL_MODIFIERS,sql/item_mods.sql:36788;sql/item_mods.sql:36789;sql/item_mods.sql:36790;sql/item_mods.sql:36791;sql/item_mods.sql:36792,,,,melee HandleEnspell or ranged OnRangedAttack -> luautils::additionalEffectAttack -> xi.additionalEffect.attack,NM_SPECIFIC,WIND_DAMAGE,100,,,,N/A,N/A,,,NONE_OR_HANDLER_SPECIFIC,WIND,ELEMENTAL_LEGACY,180,,,HANDLER_SPECIFIC,HANDLER_SPECIFIC,HANDLER_SPECIFIC,FAMILY_DEFAULT_OR_SCRIPT_RETURN,NM_NAME_AND_REQUIRED_ITEM,BLOCKED_WHEN_ITEM_LEVEL_EXCEEDS_MAIN_LEVEL,GLOBAL_ADDITIONAL_EFFECT,YES,scripts/tests/systems/combat/item_additional_effects_nm.lua,,HIGH,SPECIAL_CASE_TEST_BACKED,item-specific retail numerics
18164,antarctic_wind,72,AMMO,THROWING,VANILLA_OR_ZILART,VZ-COMBAT-001 Phase A maintained audit-scope manifest,SQL_MODIFIERS,sql/item_mods.sql:36795;sql/item_mods.sql:36796;sql/item_mods.sql:36797;sql/item_mods.sql:36798;sql/item_mods.sql:36799,,,,melee HandleEnspell or ranged OnRangedAttack -> luautils::additionalEffectAttack -> xi.additionalEffect.attack,NM_SPECIFIC,ICE_DAMAGE,100,,,,N/A,N/A,,,NONE_OR_HANDLER_SPECIFIC,ICE,ELEMENTAL_LEGACY,180,,,HANDLER_SPECIFIC,HANDLER_SPECIFIC,HANDLER_SPECIFIC,FAMILY_DEFAULT_OR_SCRIPT_RETURN,NM_NAME_AND_REQUIRED_ITEM,BLOCKED_WHEN_ITEM_LEVEL_EXCEEDS_MAIN_LEVEL,GLOBAL_ADDITIONAL_EFFECT,YES,scripts/tests/systems/combat/item_additional_effects_nm.lua,,HIGH,SPECIAL_CASE_TEST_BACKED,item-specific retail numerics
18220,prominence_axe,8,MAIN,GREAT_AXE,ERA_UNRESOLVED,No introduction-era metadata exists in active repository item tables,SQL_MODIFIERS,sql/item_mods.sql:36922;sql/item_mods.sql:36923;sql/item_mods.sql:36924;sql/item_mods.sql:36925;sql/item_mods.sql:36926,,,,melee HandleEnspell or ranged OnRangedAttack -> luautils::additionalEffectAttack -> xi.additionalEffect.attack,DAMAGE,FIRE_DAMAGE,5,,,,LEGACY_ADDITIONAL_EFFECT_MAGIC_ACCURACY,NO_DSTAT_CONFIGURED,,,MAGICAL_DAMAGE_TIER_OR_LEGACY_HANDLER,FIRE,ELEMENTAL_LEGACY,10,,,HANDLER_SPECIFIC,DAMAGE_PROFILE_SINGLE_PASS,DAMAGE_PROFILE_SINGLE_PASS,FAMILY_DEFAULT_OR_SCRIPT_RETURN,NONE_RECORDED,BLOCKED_WHEN_ITEM_LEVEL_EXCEEDS_MAIN_LEVEL,GLOBAL_ADDITIONAL_EFFECT,YES,,,HIGH_FRAMEWORK_LOW_RETAIL_NUMERICS,ERA_UNRESOLVED,item-specific retail numerics
18270,mandau_75,75,MAIN|SUB,DAGGER,ERA_UNRESOLVED,No introduction-era metadata exists in active repository item tables,SQL_MODIFIERS,sql/item_mods.sql:37037;sql/item_mods.sql:37038;sql/item_mods.sql:37039;sql/item_mods.sql:37042;sql/item_mods.sql:37043;sql/item_mods.sql:37044,,,,melee HandleEnspell or ranged OnRangedAttack -> luautils::additionalEffectAttack -> xi.additionalEffect.attack,DEBUFF,POISON_OR_TP_DRAIN,10,,,,LEGACY_A_RANK,LEGACY_INT_DEFAULT,,,STATUS_MAGIC_TIER,,WEAPON_DMGTYPE_1,,30,POISON,STATUS_HELPERS,HANDLER_SPECIFIC,HANDLER_SPECIFIC,FAMILY_DEFAULT_OR_SCRIPT_RETURN,NONE_RECORDED,BLOCKED_WHEN_ITEM_LEVEL_EXCEEDS_MAIN_LEVEL,GLOBAL_ADDITIONAL_EFFECT,YES,,,HIGH_FRAMEWORK_LOW_RETAIL_NUMERICS,ERA_UNRESOLVED,item-specific retail numerics
18271,mandau_80,80,MAIN|SUB,DAGGER,ERA_UNRESOLVED,No introduction-era metadata exists in active repository item tables,SQL_MODIFIERS,sql/item_mods.sql:37050,,,,melee HandleEnspell or ranged OnRangedAttack -> luautils::additionalEffectAttack -> xi.additionalEffect.attack,DAMAGE,,,,,,LEGACY_ADDITIONAL_EFFECT_MAGIC_ACCURACY,NO_DSTAT_CONFIGURED,,,MAGICAL_DAMAGE_TIER_OR_LEGACY_HANDLER,,ELEMENTAL_LEGACY,,,,HANDLER_SPECIFIC,DAMAGE_PROFILE_SINGLE_PASS,DAMAGE_PROFILE_SINGLE_PASS,FAMILY_DEFAULT_OR_SCRIPT_RETURN,NONE_RECORDED,BLOCKED_WHEN_ITEM_LEVEL_EXCEEDS_MAIN_LEVEL,GLOBAL_ADDITIONAL_EFFECT,NO,,,HIGH,CONFIGURATION_ERROR,DAMAGE requires a valid nonzero element; DAMAGE requires positive ITEM_ADDEFFECT_DMG; invalid proc chance None; item-specific retail numerics
18276,excalibur_75,75,MAIN|SUB,SWORD,ERA_UNRESOLVED,No introduction-era metadata exists in active repository item tables,SQL_MODIFIERS+ITEM_SCRIPT,sql/item_mods.sql:37061;sql/item_mods.sql:37062;scripts/items/excalibur_75.lua,,,,melee HandleEnspell or ranged OnRangedAttack -> luautils::OnItemAdditionalEffect -> onItemAdditionalEffect,SCRIPTED,,,,,,N/A,N/A,,,NONE_OR_HANDLER_SPECIFIC,,WEAPON_DMGTYPE_2,,,,HANDLER_SPECIFIC,HANDLER_SPECIFIC,HANDLER_SPECIFIC,FAMILY_DEFAULT_OR_SCRIPT_RETURN,NONE_RECORDED,BLOCKED_WHEN_ITEM_LEVEL_EXCEEDS_MAIN_LEVEL,PER_ITEM_LUA,YES,,,HIGH_FRAMEWORK_LOW_RETAIL_NUMERICS,VERIFY_LIVE,item-specific retail numerics
18277,excalibur_80,80,MAIN|SUB,SWORD,ERA_UNRESOLVED,No introduction-era metadata exists in active repository item tables,SQL_MODIFIERS,sql/item_mods.sql:37070;sql/item_mods.sql:37071,,,,melee HandleEnspell or ranged OnRangedAttack -> luautils::OnItemAdditionalEffect -> onItemAdditionalEffect,SCRIPTED,,,,,,N/A,N/A,,,NONE_OR_HANDLER_SPECIFIC,,WEAPON_DMGTYPE_2,,,,HANDLER_SPECIFIC,HANDLER_SPECIFIC,HANDLER_SPECIFIC,FAMILY_DEFAULT_OR_SCRIPT_RETURN,NONE_RECORDED,BLOCKED_WHEN_ITEM_LEVEL_EXCEEDS_MAIN_LEVEL,PER_ITEM_LUA,NO,,,HIGH,CONFIGURATION_ERROR,ITEM_ADDEFFECT_SCRIPTED has no matching item script; item-specific retail numerics
18288,guttler_75,75,MAIN|SUB,AXE,ERA_UNRESOLVED,No introduction-era metadata exists in active repository item tables,SQL_MODIFIERS,sql/item_mods.sql:37101;sql/item_mods.sql:37102;sql/item_mods.sql:37103;sql/item_mods.sql:37106;sql/item_mods.sql:37107;sql/item_mods.sql:37108,,,,melee HandleEnspell or ranged OnRangedAttack -> luautils::additionalEffectAttack -> xi.additionalEffect.attack,DEBUFF,WIND_DAMAGE,10,,,,LEGACY_A_RANK,LEGACY_INT_DEFAULT,,,STATUS_MAGIC_TIER,,WEAPON_DMGTYPE_2,,60,PLAGUE,STATUS_HELPERS,HANDLER_SPECIFIC,HANDLER_SPECIFIC,FAMILY_DEFAULT_OR_SCRIPT_RETURN,NONE_RECORDED,BLOCKED_WHEN_ITEM_LEVEL_EXCEEDS_MAIN_LEVEL,GLOBAL_ADDITIONAL_EFFECT,YES,,,HIGH_FRAMEWORK_LOW_RETAIL_NUMERICS,ERA_UNRESOLVED,item-specific retail numerics
18289,guttler_80,80,MAIN|SUB,AXE,ERA_UNRESOLVED,No introduction-era metadata exists in active repository item tables,SQL_MODIFIERS,sql/item_mods.sql:37114,,,,melee HandleEnspell or ranged OnRangedAttack -> luautils::additionalEffectAttack -> xi.additionalEffect.attack,DAMAGE,,,,,,LEGACY_ADDITIONAL_EFFECT_MAGIC_ACCURACY,NO_DSTAT_CONFIGURED,,,MAGICAL_DAMAGE_TIER_OR_LEGACY_HANDLER,,ELEMENTAL_LEGACY,,,,HANDLER_SPECIFIC,DAMAGE_PROFILE_SINGLE_PASS,DAMAGE_PROFILE_SINGLE_PASS,FAMILY_DEFAULT_OR_SCRIPT_RETURN,NONE_RECORDED,BLOCKED_WHEN_ITEM_LEVEL_EXCEEDS_MAIN_LEVEL,GLOBAL_ADDITIONAL_EFFECT,NO,,,HIGH,CONFIGURATION_ERROR,DAMAGE requires a valid nonzero element; DAMAGE requires positive ITEM_ADDEFFECT_DMG; invalid proc chance None; item-specific retail numerics
18294,bravura_75,75,MAIN,GREAT_AXE,ERA_UNRESOLVED,No introduction-era metadata exists in active repository item tables,SQL_MODIFIERS,sql/item_mods.sql:37125;sql/item_mods.sql:37126;sql/item_mods.sql:37127;sql/item_mods.sql:37130;sql/item_mods.sql:37131;sql/item_mods.sql:37132,,,,melee HandleEnspell or ranged OnRangedAttack -> luautils::additionalEffectAttack -> xi.additionalEffect.attack,DEBUFF,DEFENSE_OR_EVASION_OR_ATTACK_DOWN_OR_SLOW,10,,,,LEGACY_A_RANK,LEGACY_INT_DEFAULT,,,STATUS_MAGIC_TIER,,WEAPON_DMGTYPE_2,,60,EVASION_DOWN,STATUS_HELPERS,HANDLER_SPECIFIC,HANDLER_SPECIFIC,FAMILY_DEFAULT_OR_SCRIPT_RETURN,NONE_RECORDED,BLOCKED_WHEN_ITEM_LEVEL_EXCEEDS_MAIN_LEVEL,GLOBAL_ADDITIONAL_EFFECT,YES,,,HIGH_FRAMEWORK_LOW_RETAIL_NUMERICS,ERA_UNRESOLVED,item-specific retail numerics
18295,bravura_80,80,MAIN,GREAT_AXE,ERA_UNRESOLVED,No introduction-era metadata exists in active repository item tables,SQL_MODIFIERS,sql/item_mods.sql:37138,,,,melee HandleEnspell or ranged OnRangedAttack -> luautils::additionalEffectAttack -> xi.additionalEffect.attack,DAMAGE,,,,,,LEGACY_ADDITIONAL_EFFECT_MAGIC_ACCURACY,NO_DSTAT_CONFIGURED,,,MAGICAL_DAMAGE_TIER_OR_LEGACY_HANDLER,,ELEMENTAL_LEGACY,,,,HANDLER_SPECIFIC,DAMAGE_PROFILE_SINGLE_PASS,DAMAGE_PROFILE_SINGLE_PASS,FAMILY_DEFAULT_OR_SCRIPT_RETURN,NONE_RECORDED,BLOCKED_WHEN_ITEM_LEVEL_EXCEEDS_MAIN_LEVEL,GLOBAL_ADDITIONAL_EFFECT,NO,,,HIGH,CONFIGURATION_ERROR,DAMAGE requires a valid nonzero element; DAMAGE requires positive ITEM_ADDEFFECT_DMG; invalid proc chance None; item-specific retail numerics
18300,gungnir_75,75,MAIN,POLEARM,ERA_UNRESOLVED,No introduction-era metadata exists in active repository item tables,SQL_MODIFIERS,sql/item_mods.sql:37149;sql/item_mods.sql:37150;sql/item_mods.sql:37151;sql/item_mods.sql:37154;sql/item_mods.sql:37155;sql/item_mods.sql:37156,,,,melee HandleEnspell or ranged OnRangedAttack -> luautils::additionalEffectAttack -> xi.additionalEffect.attack,DEBUFF,DEFENSE_OR_EVASION_OR_ATTACK_DOWN_OR_SLOW,10,,,,LEGACY_A_RANK,LEGACY_INT_DEFAULT,,,STATUS_MAGIC_TIER,,WEAPON_DMGTYPE_1,,60,DEFENSE_DOWN,STATUS_HELPERS,HANDLER_SPECIFIC,HANDLER_SPECIFIC,FAMILY_DEFAULT_OR_SCRIPT_RETURN,NONE_RECORDED,BLOCKED_WHEN_ITEM_LEVEL_EXCEEDS_MAIN_LEVEL,GLOBAL_ADDITIONAL_EFFECT,YES,,,HIGH_FRAMEWORK_LOW_RETAIL_NUMERICS,ERA_UNRESOLVED,item-specific retail numerics
18301,gungnir_80,80,MAIN,POLEARM,ERA_UNRESOLVED,No introduction-era metadata exists in active repository item tables,SQL_MODIFIERS,sql/item_mods.sql:37162,,,,melee HandleEnspell or ranged OnRangedAttack -> luautils::additionalEffectAttack -> xi.additionalEffect.attack,DAMAGE,,,,,,LEGACY_ADDITIONAL_EFFECT_MAGIC_ACCURACY,NO_DSTAT_CONFIGURED,,,MAGICAL_DAMAGE_TIER_OR_LEGACY_HANDLER,,ELEMENTAL_LEGACY,,,,HANDLER_SPECIFIC,DAMAGE_PROFILE_SINGLE_PASS,DAMAGE_PROFILE_SINGLE_PASS,FAMILY_DEFAULT_OR_SCRIPT_RETURN,NONE_RECORDED,BLOCKED_WHEN_ITEM_LEVEL_EXCEEDS_MAIN_LEVEL,GLOBAL_ADDITIONAL_EFFECT,NO,,,HIGH,CONFIGURATION_ERROR,DAMAGE requires a valid nonzero element; DAMAGE requires positive ITEM_ADDEFFECT_DMG; invalid proc chance None; item-specific retail numerics
18306,apocalypse_75,75,MAIN,SCYTHE,ERA_UNRESOLVED,No introduction-era metadata exists in active repository item tables,SQL_MODIFIERS,sql/item_mods.sql:37173;sql/item_mods.sql:37174;sql/item_mods.sql:37175;sql/item_mods.sql:37178;sql/item_mods.sql:37179;sql/item_mods.sql:37180,,,,melee HandleEnspell or ranged OnRangedAttack -> luautils::additionalEffectAttack -> xi.additionalEffect.attack,DEBUFF,BLIND,10,,,,LEGACY_A_RANK,LEGACY_INT_DEFAULT,,,STATUS_MAGIC_TIER,,WEAPON_DMGTYPE_2,,30,BLINDNESS,STATUS_HELPERS,HANDLER_SPECIFIC,HANDLER_SPECIFIC,FAMILY_DEFAULT_OR_SCRIPT_RETURN,NONE_RECORDED,BLOCKED_WHEN_ITEM_LEVEL_EXCEEDS_MAIN_LEVEL,GLOBAL_ADDITIONAL_EFFECT,YES,,,HIGH_FRAMEWORK_LOW_RETAIL_NUMERICS,ERA_UNRESOLVED,item-specific retail numerics
18307,apocalypse_80,80,MAIN,SCYTHE,ERA_UNRESOLVED,No introduction-era metadata exists in active repository item tables,SQL_MODIFIERS,sql/item_mods.sql:37186,,,,melee HandleEnspell or ranged OnRangedAttack -> luautils::additionalEffectAttack -> xi.additionalEffect.attack,DAMAGE,,,,,,LEGACY_ADDITIONAL_EFFECT_MAGIC_ACCURACY,NO_DSTAT_CONFIGURED,,,MAGICAL_DAMAGE_TIER_OR_LEGACY_HANDLER,,ELEMENTAL_LEGACY,,,,HANDLER_SPECIFIC,DAMAGE_PROFILE_SINGLE_PASS,DAMAGE_PROFILE_SINGLE_PASS,FAMILY_DEFAULT_OR_SCRIPT_RETURN,NONE_RECORDED,BLOCKED_WHEN_ITEM_LEVEL_EXCEEDS_MAIN_LEVEL,GLOBAL_ADDITIONAL_EFFECT,NO,,,HIGH,CONFIGURATION_ERROR,DAMAGE requires a valid nonzero element; DAMAGE requires positive ITEM_ADDEFFECT_DMG; invalid proc chance None; item-specific retail numerics
18312,kikoku_75,75,MAIN|SUB,KATANA,ERA_UNRESOLVED,No introduction-era metadata exists in active repository item tables,SQL_MODIFIERS,sql/item_mods.sql:37197;sql/item_mods.sql:37198;sql/item_mods.sql:37199;sql/item_mods.sql:37202;sql/item_mods.sql:37203;sql/item_mods.sql:37204,,,,melee HandleEnspell or ranged OnRangedAttack -> luautils::additionalEffectAttack -> xi.additionalEffect.attack,DEBUFF,PARALYSIS_OR_HPMPTP_DRAIN,10,,,,LEGACY_A_RANK,LEGACY_INT_DEFAULT,,,STATUS_MAGIC_TIER,,WEAPON_DMGTYPE_2,,30,PARALYSIS,STATUS_HELPERS,HANDLER_SPECIFIC,HANDLER_SPECIFIC,FAMILY_DEFAULT_OR_SCRIPT_RETURN,NONE_RECORDED,BLOCKED_WHEN_ITEM_LEVEL_EXCEEDS_MAIN_LEVEL,GLOBAL_ADDITIONAL_EFFECT,YES,,,HIGH_FRAMEWORK_LOW_RETAIL_NUMERICS,ERA_UNRESOLVED,item-specific retail numerics
18313,kikoku_80,80,MAIN|SUB,KATANA,ERA_UNRESOLVED,No introduction-era metadata exists in active repository item tables,SQL_MODIFIERS,sql/item_mods.sql:37210,,,,melee HandleEnspell or ranged OnRangedAttack -> luautils::additionalEffectAttack -> xi.additionalEffect.attack,DAMAGE,,,,,,LEGACY_ADDITIONAL_EFFECT_MAGIC_ACCURACY,NO_DSTAT_CONFIGURED,,,MAGICAL_DAMAGE_TIER_OR_LEGACY_HANDLER,,ELEMENTAL_LEGACY,,,,HANDLER_SPECIFIC,DAMAGE_PROFILE_SINGLE_PASS,DAMAGE_PROFILE_SINGLE_PASS,FAMILY_DEFAULT_OR_SCRIPT_RETURN,NONE_RECORDED,BLOCKED_WHEN_ITEM_LEVEL_EXCEEDS_MAIN_LEVEL,GLOBAL_ADDITIONAL_EFFECT,NO,,,HIGH,CONFIGURATION_ERROR,DAMAGE requires a valid nonzero element; DAMAGE requires positive ITEM_ADDEFFECT_DMG; invalid proc chance None; item-specific retail numerics
18318,amanomurakumo_75,75,MAIN,GREAT_KATANA,ERA_UNRESOLVED,No introduction-era metadata exists in active repository item tables,SQL_MODIFIERS,sql/item_mods.sql:37221;sql/item_mods.sql:37222;sql/item_mods.sql:37223;sql/item_mods.sql:37226;sql/item_mods.sql:37227;sql/item_mods.sql:37228,,,,melee HandleEnspell or ranged OnRangedAttack -> luautils::additionalEffectAttack -> xi.additionalEffect.attack,DEBUFF,DEFENSE_OR_EVASION_OR_ATTACK_DOWN_OR_SLOW,10,,,,LEGACY_A_RANK,LEGACY_INT_DEFAULT,,,STATUS_MAGIC_TIER,,WEAPON_DMGTYPE_2,,60,ATTACK_DOWN,STATUS_HELPERS,HANDLER_SPECIFIC,HANDLER_SPECIFIC,FAMILY_DEFAULT_OR_SCRIPT_RETURN,NONE_RECORDED,BLOCKED_WHEN_ITEM_LEVEL_EXCEEDS_MAIN_LEVEL,GLOBAL_ADDITIONAL_EFFECT,YES,,,HIGH_FRAMEWORK_LOW_RETAIL_NUMERICS,ERA_UNRESOLVED,item-specific retail numerics
18319,amanomurakumo_80,80,MAIN,GREAT_KATANA,ERA_UNRESOLVED,No introduction-era metadata exists in active repository item tables,SQL_MODIFIERS,sql/item_mods.sql:37234,,,,melee HandleEnspell or ranged OnRangedAttack -> luautils::additionalEffectAttack -> xi.additionalEffect.attack,DAMAGE,,,,,,LEGACY_ADDITIONAL_EFFECT_MAGIC_ACCURACY,NO_DSTAT_CONFIGURED,,,MAGICAL_DAMAGE_TIER_OR_LEGACY_HANDLER,,ELEMENTAL_LEGACY,,,,HANDLER_SPECIFIC,DAMAGE_PROFILE_SINGLE_PASS,DAMAGE_PROFILE_SINGLE_PASS,FAMILY_DEFAULT_OR_SCRIPT_RETURN,NONE_RECORDED,BLOCKED_WHEN_ITEM_LEVEL_EXCEEDS_MAIN_LEVEL,GLOBAL_ADDITIONAL_EFFECT,NO,,,HIGH,CONFIGURATION_ERROR,DAMAGE requires a valid nonzero element; DAMAGE requires positive ITEM_ADDEFFECT_DMG; invalid proc chance None; item-specific retail numerics
18324,mjollnir_75,75,MAIN|SUB,CLUB,ERA_UNRESOLVED,No introduction-era metadata exists in active repository item tables,SQL_MODIFIERS,sql/item_mods.sql:37245;sql/item_mods.sql:37246;sql/item_mods.sql:37247;sql/item_mods.sql:37248,,,,melee HandleEnspell or ranged OnRangedAttack -> luautils::additionalEffectAttack -> xi.additionalEffect.attack,MP_HEAL,DEFENSE_OR_EVASION_OR_ATTACK_DOWN_OR_SLOW,10,,,,N/A,N/A,,,NONE_OR_HANDLER_SPECIFIC,,WEAPON_DMGTYPE_3,16,,,HANDLER_SPECIFIC,HANDLER_SPECIFIC,HANDLER_SPECIFIC,FAMILY_DEFAULT_OR_SCRIPT_RETURN,NONE_RECORDED,BLOCKED_WHEN_ITEM_LEVEL_EXCEEDS_MAIN_LEVEL,GLOBAL_ADDITIONAL_EFFECT,YES,,,HIGH_FRAMEWORK_LOW_RETAIL_NUMERICS,ERA_UNRESOLVED,item-specific retail numerics
18325,mjollnir_80,80,MAIN|SUB,CLUB,ERA_UNRESOLVED,No introduction-era metadata exists in active repository item tables,SQL_MODIFIERS,sql/item_mods.sql:37256,,,,melee HandleEnspell or ranged OnRangedAttack -> luautils::additionalEffectAttack -> xi.additionalEffect.attack,DAMAGE,,,,,,LEGACY_ADDITIONAL_EFFECT_MAGIC_ACCURACY,NO_DSTAT_CONFIGURED,,,MAGICAL_DAMAGE_TIER_OR_LEGACY_HANDLER,,ELEMENTAL_LEGACY,,,,HANDLER_SPECIFIC,DAMAGE_PROFILE_SINGLE_PASS,DAMAGE_PROFILE_SINGLE_PASS,FAMILY_DEFAULT_OR_SCRIPT_RETURN,NONE_RECORDED,BLOCKED_WHEN_ITEM_LEVEL_EXCEEDS_MAIN_LEVEL,GLOBAL_ADDITIONAL_EFFECT,NO,,,HIGH,CONFIGURATION_ERROR,DAMAGE requires a valid nonzero element; DAMAGE requires positive ITEM_ADDEFFECT_DMG; invalid proc chance None; item-specific retail numerics
18330,claustrum_75,75,MAIN,STAFF,ERA_UNRESOLVED,No introduction-era metadata exists in active repository item tables,SQL_MODIFIERS,sql/item_mods.sql:37267;sql/item_mods.sql:37268;sql/item_mods.sql:37269,,,,melee HandleEnspell or ranged OnRangedAttack -> luautils::additionalEffectAttack -> xi.additionalEffect.attack,DISPEL,DARKNESS_DAMAGE_OR_HPMP_DRAIN,15,,,,N/A,N/A,,,NONE_OR_HANDLER_SPECIFIC,,WEAPON_DMGTYPE_3,,,,HANDLER_SPECIFIC,HANDLER_SPECIFIC,HANDLER_SPECIFIC,FAMILY_DEFAULT_OR_SCRIPT_RETURN,NONE_RECORDED,BLOCKED_WHEN_ITEM_LEVEL_EXCEEDS_MAIN_LEVEL,GLOBAL_ADDITIONAL_EFFECT,YES,,,HIGH_FRAMEWORK_LOW_RETAIL_NUMERICS,VERIFY_LIVE,item-specific retail numerics
18331,claustrum_80,80,MAIN,STAFF,ERA_UNRESOLVED,No introduction-era metadata exists in active repository item tables,SQL_MODIFIERS,sql/item_mods.sql:37277,,,,melee HandleEnspell or ranged OnRangedAttack -> luautils::additionalEffectAttack -> xi.additionalEffect.attack,DAMAGE,,,,,,LEGACY_ADDITIONAL_EFFECT_MAGIC_ACCURACY,NO_DSTAT_CONFIGURED,,,MAGICAL_DAMAGE_TIER_OR_LEGACY_HANDLER,,ELEMENTAL_LEGACY,,,,HANDLER_SPECIFIC,DAMAGE_PROFILE_SINGLE_PASS,DAMAGE_PROFILE_SINGLE_PASS,FAMILY_DEFAULT_OR_SCRIPT_RETURN,NONE_RECORDED,BLOCKED_WHEN_ITEM_LEVEL_EXCEEDS_MAIN_LEVEL,GLOBAL_ADDITIONAL_EFFECT,NO,,,HIGH,CONFIGURATION_ERROR,DAMAGE requires a valid nonzero element; DAMAGE requires positive ITEM_ADDEFFECT_DMG; invalid proc chance None; item-specific retail numerics
18355,hushed_baghnakhs,19,MAIN,HAND_TO_HAND,ERA_UNRESOLVED,No introduction-era metadata exists in active repository item tables,SQL_MODIFIERS,sql/item_mods.sql:37350;sql/item_mods.sql:37351;sql/item_mods.sql:37352;sql/item_mods.sql:37353;sql/item_mods.sql:37354;sql/item_mods.sql:37355,,,,melee HandleEnspell or ranged OnRangedAttack -> luautils::additionalEffectAttack -> xi.additionalEffect.attack,DEBUFF,SILENCE,10,,,,LEGACY_A_RANK,LEGACY_INT_DEFAULT,,,STATUS_MAGIC_TIER,,WEAPON_DMGTYPE_4,,30,SILENCE,STATUS_HELPERS,HANDLER_SPECIFIC,HANDLER_SPECIFIC,FAMILY_DEFAULT_OR_SCRIPT_RETURN,NONE_RECORDED,BLOCKED_WHEN_ITEM_LEVEL_EXCEEDS_MAIN_LEVEL,GLOBAL_ADDITIONAL_EFFECT,YES,,,HIGH_FRAMEWORK_LOW_RETAIL_NUMERICS,ERA_UNRESOLVED,item-specific retail numerics
18357,melt_claws,41,MAIN,HAND_TO_HAND,ERA_UNRESOLVED,No introduction-era metadata exists in active repository item tables,SQL_MODIFIERS,sql/item_mods.sql:37361;sql/item_mods.sql:37362;sql/item_mods.sql:37363;sql/item_mods.sql:37364;sql/item_mods.sql:37365;sql/item_mods.sql:37366,,,,melee HandleEnspell or ranged OnRangedAttack -> luautils::additionalEffectAttack -> xi.additionalEffect.attack,DEBUFF,DEFENSE_OR_EVASION_OR_ATTACK_DOWN_OR_SLOW,10,,,,LEGACY_A_RANK,LEGACY_INT_DEFAULT,,,STATUS_MAGIC_TIER,,WEAPON_DMGTYPE_4,,60,DEFENSE_DOWN,STATUS_HELPERS,HANDLER_SPECIFIC,HANDLER_SPECIFIC,FAMILY_DEFAULT_OR_SCRIPT_RETURN,NONE_RECORDED,BLOCKED_WHEN_ITEM_LEVEL_EXCEEDS_MAIN_LEVEL,GLOBAL_ADDITIONAL_EFFECT,YES,,,HIGH_FRAMEWORK_LOW_RETAIL_NUMERICS,ERA_UNRESOLVED,item-specific retail numerics
18359,boreas_cesti,30,MAIN,HAND_TO_HAND,ERA_UNRESOLVED,No introduction-era metadata exists in active repository item tables,SQL_MODIFIERS+ITEM_SCRIPT,sql/item_mods.sql:37369;scripts/items/boreas_cesti.lua,,,,melee HandleEnspell or ranged OnRangedAttack -> luautils::OnItemAdditionalEffect -> onItemAdditionalEffect,SCRIPTED,,,,,,N/A,N/A,,,NONE_OR_HANDLER_SPECIFIC,,WEAPON_DMGTYPE_4,,,,HANDLER_SPECIFIC,HANDLER_SPECIFIC,HANDLER_SPECIFIC,FAMILY_DEFAULT_OR_SCRIPT_RETURN,NONE_RECORDED,BLOCKED_WHEN_ITEM_LEVEL_EXCEEDS_MAIN_LEVEL,PER_ITEM_LUA,YES,,,HIGH_FRAMEWORK_LOW_RETAIL_NUMERICS,VERIFY_LIVE,item-specific retail numerics
18369,gust_sword_+1,41,MAIN,GREAT_SWORD,ERA_UNRESOLVED,No introduction-era metadata exists in active repository item tables,ITEM_SCRIPT,scripts/items/excalibur_85.lua,,,,NO_REACHABLE_RUNTIME_PATH,SCRIPTED,,,,,,N/A,N/A,,,NONE_OR_HANDLER_SPECIFIC,,WEAPON_DMGTYPE_2,,,,HANDLER_SPECIFIC,HANDLER_SPECIFIC,HANDLER_SPECIFIC,FAMILY_DEFAULT_OR_SCRIPT_RETURN,NONE_RECORDED,GetScaledItemModifier returns zero for unsupported synced mods,PER_ITEM_LUA_UNREACHABLE,NO,,,HIGH,CONFIGURATION_ERROR,item script exists without ITEM_ADDEFFECT_SCRIPTED; item-specific retail numerics
18379,vulcan_claymore,13,MAIN,GREAT_SWORD,ERA_UNRESOLVED,No introduction-era metadata exists in active repository item tables,SQL_MODIFIERS,sql/item_mods.sql:37412;sql/item_mods.sql:37413;sql/item_mods.sql:37414;sql/item_mods.sql:37415;sql/item_mods.sql:37416,,,,melee HandleEnspell or ranged OnRangedAttack -> luautils::additionalEffectAttack -> xi.additionalEffect.attack,DAMAGE,FIRE_DAMAGE,5,,,,LEGACY_ADDITIONAL_EFFECT_MAGIC_ACCURACY,NO_DSTAT_CONFIGURED,,,MAGICAL_DAMAGE_TIER_OR_LEGACY_HANDLER,FIRE,ELEMENTAL_LEGACY,10,,,HANDLER_SPECIFIC,DAMAGE_PROFILE_SINGLE_PASS,DAMAGE_PROFILE_SINGLE_PASS,FAMILY_DEFAULT_OR_SCRIPT_RETURN,NONE_RECORDED,BLOCKED_WHEN_ITEM_LEVEL_EXCEEDS_MAIN_LEVEL,GLOBAL_ADDITIONAL_EFFECT,YES,,,HIGH_FRAMEWORK_LOW_RETAIL_NUMERICS,ERA_UNRESOLVED,item-specific retail numerics
18381,prominence_sword,27,MAIN,GREAT_SWORD,ERA_UNRESOLVED,No introduction-era metadata exists in active repository item tables,SQL_MODIFIERS,sql/item_mods.sql:37422;sql/item_mods.sql:37423;sql/item_mods.sql:37424;sql/item_mods.sql:37425;sql/item_mods.sql:37426,,,,melee HandleEnspell or ranged OnRangedAttack -> luautils::additionalEffectAttack -> xi.additionalEffect.attack,DAMAGE,FIRE_DAMAGE,5,,,,LEGACY_ADDITIONAL_EFFECT_MAGIC_ACCURACY,NO_DSTAT_CONFIGURED,,,MAGICAL_DAMAGE_TIER_OR_LEGACY_HANDLER,FIRE,ELEMENTAL_LEGACY,10,,,HANDLER_SPECIFIC,DAMAGE_PROFILE_SINGLE_PASS,DAMAGE_PROFILE_SINGLE_PASS,FAMILY_DEFAULT_OR_SCRIPT_RETURN,NONE_RECORDED,BLOCKED_WHEN_ITEM_LEVEL_EXCEEDS_MAIN_LEVEL,GLOBAL_ADDITIONAL_EFFECT,YES,,,HIGH_FRAMEWORK_LOW_RETAIL_NUMERICS,ERA_UNRESOLVED,item-specific retail numerics
18385,algol,75,MAIN,GREAT_SWORD,ERA_UNRESOLVED,No introduction-era metadata exists in active repository item tables,SQL_MODIFIERS,sql/item_mods.sql:37431;sql/item_mods.sql:37432;sql/item_mods.sql:37433;sql/item_mods.sql:37434;sql/item_mods.sql:37435,,,,melee HandleEnspell or ranged OnRangedAttack -> luautils::additionalEffectAttack -> xi.additionalEffect.attack,DAMAGE,FIRE_DAMAGE,33,,,,LEGACY_ADDITIONAL_EFFECT_MAGIC_ACCURACY,NO_DSTAT_CONFIGURED,,,MAGICAL_DAMAGE_TIER_OR_LEGACY_HANDLER,FIRE,ELEMENTAL_LEGACY,33,,,HANDLER_SPECIFIC,DAMAGE_PROFILE_SINGLE_PASS,DAMAGE_PROFILE_SINGLE_PASS,FAMILY_DEFAULT_OR_SCRIPT_RETURN,NONE_RECORDED,BLOCKED_WHEN_ITEM_LEVEL_EXCEEDS_MAIN_LEVEL,GLOBAL_ADDITIONAL_EFFECT,YES,,,HIGH_FRAMEWORK_LOW_RETAIL_NUMERICS,ERA_UNRESOLVED,item-specific retail numerics
18392,sacred_maul,38,MAIN|SUB,CLUB,ERA_UNRESOLVED,No introduction-era metadata exists in active repository item tables,SQL_MODIFIERS,sql/item_mods.sql:37447;sql/item_mods.sql:37448;sql/item_mods.sql:37449;sql/item_mods.sql:37450;sql/item_mods.sql:37451,,,,melee HandleEnspell or ranged OnRangedAttack -> luautils::additionalEffectAttack -> xi.additionalEffect.attack,DAMAGE,LIGHT_DAMAGE,5,,,,LEGACY_ADDITIONAL_EFFECT_MAGIC_ACCURACY,NO_DSTAT_CONFIGURED,,,MAGICAL_DAMAGE_TIER_OR_LEGACY_HANDLER,LIGHT,ELEMENTAL_LEGACY,21,,,HANDLER_SPECIFIC,DAMAGE_PROFILE_SINGLE_PASS,DAMAGE_PROFILE_SINGLE_PASS,FAMILY_DEFAULT_OR_SCRIPT_RETURN,NONE_RECORDED,BLOCKED_WHEN_ITEM_LEVEL_EXCEEDS_MAIN_LEVEL,GLOBAL_ADDITIONAL_EFFECT,YES,,,HIGH_FRAMEWORK_LOW_RETAIL_NUMERICS,ERA_UNRESOLVED,item-specific retail numerics
18404,ramuhs_mace,72,MAIN|SUB,CLUB,ERA_UNRESOLVED,No introduction-era metadata exists in active repository item tables,SQL_MODIFIERS+SQL_LATENTS,sql/item_latents.sql:2855;sql/item_latents.sql:2856;sql/item_latents.sql:2857;sql/item_latents.sql:2858;sql/item_latents.sql:2859,,,,melee HandleEnspell or ranged OnRangedAttack -> luautils::additionalEffectAttack -> xi.additionalEffect.attack,DAMAGE,LIGHTNING_DAMAGE,50,,,,LEGACY_ADDITIONAL_EFFECT_MAGIC_ACCURACY,NO_DSTAT_CONFIGURED,,,MAGICAL_DAMAGE_TIER_OR_LEGACY_HANDLER,THUNDER,ELEMENTAL_LEGACY,60,,,HANDLER_SPECIFIC,DAMAGE_PROFILE_SINGLE_PASS,DAMAGE_PROFILE_SINGLE_PASS,FAMILY_DEFAULT_OR_SCRIPT_RETURN,NONE_RECORDED,BLOCKED_WHEN_ITEM_LEVEL_EXCEEDS_MAIN_LEVEL,GLOBAL_ADDITIONAL_EFFECT,YES,,,HIGH_FRAMEWORK_LOW_RETAIL_NUMERICS,ERA_UNRESOLVED,item-specific retail numerics
18410,melt_katana,46,MAIN|SUB,KATANA,ERA_UNRESOLVED,No introduction-era metadata exists in active repository item tables,SQL_MODIFIERS,sql/item_mods.sql:37499;sql/item_mods.sql:37500;sql/item_mods.sql:37501;sql/item_mods.sql:37502;sql/item_mods.sql:37503;sql/item_mods.sql:37504,,,,melee HandleEnspell or ranged OnRangedAttack -> luautils::additionalEffectAttack -> xi.additionalEffect.attack,DEBUFF,DEFENSE_OR_EVASION_OR_ATTACK_DOWN_OR_SLOW,10,,,,LEGACY_A_RANK,LEGACY_INT_DEFAULT,,,STATUS_MAGIC_TIER,,WEAPON_DMGTYPE_2,,60,DEFENSE_DOWN,STATUS_HELPERS,HANDLER_SPECIFIC,HANDLER_SPECIFIC,FAMILY_DEFAULT_OR_SCRIPT_RETURN,NONE_RECORDED,BLOCKED_WHEN_ITEM_LEVEL_EXCEEDS_MAIN_LEVEL,GLOBAL_ADDITIONAL_EFFECT,YES,,,HIGH_FRAMEWORK_LOW_RETAIL_NUMERICS,ERA_UNRESOLVED,item-specific retail numerics
18437,namikirimaru,73,MAIN,GREAT_KATANA,ERA_UNRESOLVED,No introduction-era metadata exists in active repository item tables,SQL_MODIFIERS,sql/item_mods.sql:37579;sql/item_mods.sql:37580;sql/item_mods.sql:37581,,,,melee HandleEnspell or ranged OnRangedAttack -> luautils::additionalEffectAttack -> xi.additionalEffect.attack,TP_DRAIN,,10,,,,LEGACY_ADDITIONAL_EFFECT_MAGIC_ACCURACY,NO_DSTAT_CONFIGURED,,,MAGICAL_DAMAGE_TIER_OR_LEGACY_HANDLER,,ELEMENTAL_LEGACY,10,,,UNDEAD_GUARD,HANDLER_SPECIFIC,HANDLER_SPECIFIC,FAMILY_DEFAULT_OR_SCRIPT_RETURN,NONE_RECORDED,BLOCKED_WHEN_ITEM_LEVEL_EXCEEDS_MAIN_LEVEL,GLOBAL_ADDITIONAL_EFFECT,YES,,,HIGH_FRAMEWORK_LOW_RETAIL_NUMERICS,VERIFY_LIVE,"drain accuracy, scaling, and element"
18451,mokusa,30,MAIN,GREAT_KATANA,ERA_UNRESOLVED,No introduction-era metadata exists in active repository item tables,SQL_MODIFIERS,sql/item_mods.sql:37622;sql/item_mods.sql:37623;sql/item_mods.sql:37624;sql/item_mods.sql:37625;sql/item_mods.sql:37626,,,,melee HandleEnspell or ranged OnRangedAttack -> luautils::additionalEffectAttack -> xi.additionalEffect.attack,DAMAGE,WIND_DAMAGE,5,,,,LEGACY_ADDITIONAL_EFFECT_MAGIC_ACCURACY,NO_DSTAT_CONFIGURED,,,MAGICAL_DAMAGE_TIER_OR_LEGACY_HANDLER,WIND,ELEMENTAL_LEGACY,19,,,HANDLER_SPECIFIC,DAMAGE_PROFILE_SINGLE_PASS,DAMAGE_PROFILE_SINGLE_PASS,FAMILY_DEFAULT_OR_SCRIPT_RETURN,NONE_RECORDED,BLOCKED_WHEN_ITEM_LEVEL_EXCEEDS_MAIN_LEVEL,GLOBAL_ADDITIONAL_EFFECT,YES,,,HIGH_FRAMEWORK_LOW_RETAIL_NUMERICS,ERA_UNRESOLVED,item-specific retail numerics
18503,mammut,21,MAIN,GREAT_AXE,ERA_UNRESOLVED,No introduction-era metadata exists in active repository item tables,SQL_MODIFIERS,sql/item_mods.sql:37771;sql/item_mods.sql:37772;sql/item_mods.sql:37773;sql/item_mods.sql:37774;sql/item_mods.sql:37775,,,,melee HandleEnspell or ranged OnRangedAttack -> luautils::additionalEffectAttack -> xi.additionalEffect.attack,DAMAGE,ICE_DAMAGE,10,,,,LEGACY_ADDITIONAL_EFFECT_MAGIC_ACCURACY,NO_DSTAT_CONFIGURED,,,MAGICAL_DAMAGE_TIER_OR_LEGACY_HANDLER,ICE,ELEMENTAL_LEGACY,15,,,HANDLER_SPECIFIC,DAMAGE_PROFILE_SINGLE_PASS,DAMAGE_PROFILE_SINGLE_PASS,FAMILY_DEFAULT_OR_SCRIPT_RETURN,NONE_RECORDED,BLOCKED_WHEN_ITEM_LEVEL_EXCEEDS_MAIN_LEVEL,GLOBAL_ADDITIONAL_EFFECT,YES,,,HIGH_FRAMEWORK_LOW_RETAIL_NUMERICS,ERA_UNRESOLVED,item-specific retail numerics
18551,twilight_scythe,90,MAIN,SCYTHE,ERA_UNRESOLVED,No introduction-era metadata exists in active repository item tables,SQL_MODIFIERS,sql/item_mods.sql:37903;sql/item_mods.sql:37904;sql/item_mods.sql:37905;sql/item_mods.sql:37906,,,,melee HandleEnspell or ranged OnRangedAttack -> luautils::additionalEffectAttack -> xi.additionalEffect.attack,DEATH,BLIND,10,,,,N/A,N/A,,,NONE_OR_HANDLER_SPECIFIC,,WEAPON_DMGTYPE_2,,,EFFECT_19,HANDLER_SPECIFIC,HANDLER_SPECIFIC,HANDLER_SPECIFIC,FAMILY_DEFAULT_OR_SCRIPT_RETURN,NONE_RECORDED,BLOCKED_WHEN_ITEM_LEVEL_EXCEEDS_MAIN_LEVEL,GLOBAL_ADDITIONAL_EFFECT,YES,,,HIGH_FRAMEWORK_LOW_RETAIL_NUMERICS,VERIFY_LIVE,Death accuracy and resistance formula
18566,crepuscular_scythe,99,MAIN,SCYTHE,ERA_UNRESOLVED,No introduction-era metadata exists in active repository item tables,SQL_MODIFIERS,sql/item_mods.sql:37969;sql/item_mods.sql:37970;sql/item_mods.sql:37971;sql/item_mods.sql:37972,,,,melee HandleEnspell or ranged OnRangedAttack -> luautils::additionalEffectAttack -> xi.additionalEffect.attack,DEATH,BLIND,10,,,,N/A,N/A,,,NONE_OR_HANDLER_SPECIFIC,,WEAPON_DMGTYPE_2,,,EFFECT_19,HANDLER_SPECIFIC,HANDLER_SPECIFIC,HANDLER_SPECIFIC,FAMILY_DEFAULT_OR_SCRIPT_RETURN,NONE_RECORDED,BLOCKED_WHEN_ITEM_LEVEL_EXCEEDS_MAIN_LEVEL,GLOBAL_ADDITIONAL_EFFECT,YES,,,HIGH_FRAMEWORK_LOW_RETAIL_NUMERICS,VERIFY_LIVE,Death accuracy and resistance formula
18581,carbuncles_pole,72,MAIN,STAFF,ERA_UNRESOLVED,No introduction-era metadata exists in active repository item tables,SQL_MODIFIERS+SQL_LATENTS,sql/item_latents.sql:2922;sql/item_latents.sql:2923;sql/item_latents.sql:2924;sql/item_latents.sql:2925;sql/item_latents.sql:2926,,,,melee HandleEnspell or ranged OnRangedAttack -> luautils::additionalEffectAttack -> xi.additionalEffect.attack,DAMAGE,LIGHT_DAMAGE,60,,,,LEGACY_ADDITIONAL_EFFECT_MAGIC_ACCURACY,NO_DSTAT_CONFIGURED,,,MAGICAL_DAMAGE_TIER_OR_LEGACY_HANDLER,LIGHT,ELEMENTAL_LEGACY,80,,,HANDLER_SPECIFIC,DAMAGE_PROFILE_SINGLE_PASS,DAMAGE_PROFILE_SINGLE_PASS,FAMILY_DEFAULT_OR_SCRIPT_RETURN,NONE_RECORDED,BLOCKED_WHEN_ITEM_LEVEL_EXCEEDS_MAIN_LEVEL,GLOBAL_ADDITIONAL_EFFECT,YES,,,HIGH_FRAMEWORK_LOW_RETAIL_NUMERICS,ERA_UNRESOLVED,item-specific retail numerics
18599,pestle,15,MAIN,STAFF,ERA_UNRESOLVED,No introduction-era metadata exists in active repository item tables,SQL_MODIFIERS,sql/item_mods.sql:38076;sql/item_mods.sql:38077;sql/item_mods.sql:38078;sql/item_mods.sql:38079;sql/item_mods.sql:38080,,,,melee HandleEnspell or ranged OnRangedAttack -> luautils::additionalEffectAttack -> xi.additionalEffect.attack,MP_DRAIN,MP_OR_TP_DRAIN,10,,,,LEGACY_ADDITIONAL_EFFECT_MAGIC_ACCURACY,NO_DSTAT_CONFIGURED,,,MAGICAL_DAMAGE_TIER_OR_LEGACY_HANDLER,DARK,ELEMENTAL_LEGACY,8,,,UNDEAD_GUARD,HANDLER_SPECIFIC,HANDLER_SPECIFIC,FAMILY_DEFAULT_OR_SCRIPT_RETURN,NONE_RECORDED,BLOCKED_WHEN_ITEM_LEVEL_EXCEEDS_MAIN_LEVEL,GLOBAL_ADDITIONAL_EFFECT,YES,,,HIGH_FRAMEWORK_LOW_RETAIL_NUMERICS,VERIFY_LIVE,"drain accuracy, scaling, and element"
18638,mandau_85,85,MAIN|SUB,DAGGER,ERA_UNRESOLVED,No introduction-era metadata exists in active repository item tables,SQL_MODIFIERS,sql/item_mods.sql:38265,,,,melee HandleEnspell or ranged OnRangedAttack -> luautils::additionalEffectAttack -> xi.additionalEffect.attack,DAMAGE,,,,,,LEGACY_ADDITIONAL_EFFECT_MAGIC_ACCURACY,NO_DSTAT_CONFIGURED,,,MAGICAL_DAMAGE_TIER_OR_LEGACY_HANDLER,,ELEMENTAL_LEGACY,,,,HANDLER_SPECIFIC,DAMAGE_PROFILE_SINGLE_PASS,DAMAGE_PROFILE_SINGLE_PASS,FAMILY_DEFAULT_OR_SCRIPT_RETURN,NONE_RECORDED,BLOCKED_WHEN_ITEM_LEVEL_EXCEEDS_MAIN_LEVEL,GLOBAL_ADDITIONAL_EFFECT,NO,,,HIGH,CONFIGURATION_ERROR,DAMAGE requires a valid nonzero element; DAMAGE requires positive ITEM_ADDEFFECT_DMG; invalid proc chance None; item-specific retail numerics
18639,excalibur_85,85,MAIN|SUB,SWORD,ERA_UNRESOLVED,No introduction-era metadata exists in active repository item tables,SQL_MODIFIERS+ITEM_SCRIPT,sql/item_mods.sql:38273;sql/item_mods.sql:38274;scripts/items/excalibur_80.lua,,,,melee HandleEnspell or ranged OnRangedAttack -> luautils::OnItemAdditionalEffect -> onItemAdditionalEffect,SCRIPTED,,,,,,N/A,N/A,,,NONE_OR_HANDLER_SPECIFIC,,WEAPON_DMGTYPE_2,,,,HANDLER_SPECIFIC,HANDLER_SPECIFIC,HANDLER_SPECIFIC,FAMILY_DEFAULT_OR_SCRIPT_RETURN,NONE_RECORDED,BLOCKED_WHEN_ITEM_LEVEL_EXCEEDS_MAIN_LEVEL,PER_ITEM_LUA,YES,,,HIGH_FRAMEWORK_LOW_RETAIL_NUMERICS,VERIFY_LIVE,item-specific retail numerics
18641,guttler_85,85,MAIN|SUB,AXE,ERA_UNRESOLVED,No introduction-era metadata exists in active repository item tables,SQL_MODIFIERS,sql/item_mods.sql:38290,,,,melee HandleEnspell or ranged OnRangedAttack -> luautils::additionalEffectAttack -> xi.additionalEffect.attack,DAMAGE,,,,,,LEGACY_ADDITIONAL_EFFECT_MAGIC_ACCURACY,NO_DSTAT_CONFIGURED,,,MAGICAL_DAMAGE_TIER_OR_LEGACY_HANDLER,,ELEMENTAL_LEGACY,,,,HANDLER_SPECIFIC,DAMAGE_PROFILE_SINGLE_PASS,DAMAGE_PROFILE_SINGLE_PASS,FAMILY_DEFAULT_OR_SCRIPT_RETURN,NONE_RECORDED,BLOCKED_WHEN_ITEM_LEVEL_EXCEEDS_MAIN_LEVEL,GLOBAL_ADDITIONAL_EFFECT,NO,,,HIGH,CONFIGURATION_ERROR,DAMAGE requires a valid nonzero element; DAMAGE requires positive ITEM_ADDEFFECT_DMG; invalid proc chance None; item-specific retail numerics
18642,bravura_85,85,MAIN,GREAT_AXE,ERA_UNRESOLVED,No introduction-era metadata exists in active repository item tables,SQL_MODIFIERS,sql/item_mods.sql:38298,,,,melee HandleEnspell or ranged OnRangedAttack -> luautils::additionalEffectAttack -> xi.additionalEffect.attack,DAMAGE,,,,,,LEGACY_ADDITIONAL_EFFECT_MAGIC_ACCURACY,NO_DSTAT_CONFIGURED,,,MAGICAL_DAMAGE_TIER_OR_LEGACY_HANDLER,,ELEMENTAL_LEGACY,,,,HANDLER_SPECIFIC,DAMAGE_PROFILE_SINGLE_PASS,DAMAGE_PROFILE_SINGLE_PASS,FAMILY_DEFAULT_OR_SCRIPT_RETURN,NONE_RECORDED,BLOCKED_WHEN_ITEM_LEVEL_EXCEEDS_MAIN_LEVEL,GLOBAL_ADDITIONAL_EFFECT,NO,,,HIGH,CONFIGURATION_ERROR,DAMAGE requires a valid nonzero element; DAMAGE requires positive ITEM_ADDEFFECT_DMG; invalid proc chance None; item-specific retail numerics
18643,gungnir_85,85,MAIN,POLEARM,ERA_UNRESOLVED,No introduction-era metadata exists in active repository item tables,SQL_MODIFIERS,sql/item_mods.sql:38306,,,,melee HandleEnspell or ranged OnRangedAttack -> luautils::additionalEffectAttack -> xi.additionalEffect.attack,DAMAGE,,,,,,LEGACY_ADDITIONAL_EFFECT_MAGIC_ACCURACY,NO_DSTAT_CONFIGURED,,,MAGICAL_DAMAGE_TIER_OR_LEGACY_HANDLER,,ELEMENTAL_LEGACY,,,,HANDLER_SPECIFIC,DAMAGE_PROFILE_SINGLE_PASS,DAMAGE_PROFILE_SINGLE_PASS,FAMILY_DEFAULT_OR_SCRIPT_RETURN,NONE_RECORDED,BLOCKED_WHEN_ITEM_LEVEL_EXCEEDS_MAIN_LEVEL,GLOBAL_ADDITIONAL_EFFECT,NO,,,HIGH,CONFIGURATION_ERROR,DAMAGE requires a valid nonzero element; DAMAGE requires positive ITEM_ADDEFFECT_DMG; invalid proc chance None; item-specific retail numerics
18644,apocalypse_85,85,MAIN,SCYTHE,ERA_UNRESOLVED,No introduction-era metadata exists in active repository item tables,SQL_MODIFIERS,sql/item_mods.sql:38314,,,,melee HandleEnspell or ranged OnRangedAttack -> luautils::additionalEffectAttack -> xi.additionalEffect.attack,DAMAGE,,,,,,LEGACY_ADDITIONAL_EFFECT_MAGIC_ACCURACY,NO_DSTAT_CONFIGURED,,,MAGICAL_DAMAGE_TIER_OR_LEGACY_HANDLER,,ELEMENTAL_LEGACY,,,,HANDLER_SPECIFIC,DAMAGE_PROFILE_SINGLE_PASS,DAMAGE_PROFILE_SINGLE_PASS,FAMILY_DEFAULT_OR_SCRIPT_RETURN,NONE_RECORDED,BLOCKED_WHEN_ITEM_LEVEL_EXCEEDS_MAIN_LEVEL,GLOBAL_ADDITIONAL_EFFECT,NO,,,HIGH,CONFIGURATION_ERROR,DAMAGE requires a valid nonzero element; DAMAGE requires positive ITEM_ADDEFFECT_DMG; invalid proc chance None; item-specific retail numerics
18645,kikoku_85,85,MAIN|SUB,KATANA,ERA_UNRESOLVED,No introduction-era metadata exists in active repository item tables,SQL_MODIFIERS,sql/item_mods.sql:38322,,,,melee HandleEnspell or ranged OnRangedAttack -> luautils::additionalEffectAttack -> xi.additionalEffect.attack,DAMAGE,,,,,,LEGACY_ADDITIONAL_EFFECT_MAGIC_ACCURACY,NO_DSTAT_CONFIGURED,,,MAGICAL_DAMAGE_TIER_OR_LEGACY_HANDLER,,ELEMENTAL_LEGACY,,,,HANDLER_SPECIFIC,DAMAGE_PROFILE_SINGLE_PASS,DAMAGE_PROFILE_SINGLE_PASS,FAMILY_DEFAULT_OR_SCRIPT_RETURN,NONE_RECORDED,BLOCKED_WHEN_ITEM_LEVEL_EXCEEDS_MAIN_LEVEL,GLOBAL_ADDITIONAL_EFFECT,NO,,,HIGH,CONFIGURATION_ERROR,DAMAGE requires a valid nonzero element; DAMAGE requires positive ITEM_ADDEFFECT_DMG; invalid proc chance None; item-specific retail numerics
18646,amanomurakumo_85,85,MAIN,GREAT_KATANA,ERA_UNRESOLVED,No introduction-era metadata exists in active repository item tables,SQL_MODIFIERS,sql/item_mods.sql:38330,,,,melee HandleEnspell or ranged OnRangedAttack -> luautils::additionalEffectAttack -> xi.additionalEffect.attack,DAMAGE,,,,,,LEGACY_ADDITIONAL_EFFECT_MAGIC_ACCURACY,NO_DSTAT_CONFIGURED,,,MAGICAL_DAMAGE_TIER_OR_LEGACY_HANDLER,,ELEMENTAL_LEGACY,,,,HANDLER_SPECIFIC,DAMAGE_PROFILE_SINGLE_PASS,DAMAGE_PROFILE_SINGLE_PASS,FAMILY_DEFAULT_OR_SCRIPT_RETURN,NONE_RECORDED,BLOCKED_WHEN_ITEM_LEVEL_EXCEEDS_MAIN_LEVEL,GLOBAL_ADDITIONAL_EFFECT,NO,,,HIGH,CONFIGURATION_ERROR,DAMAGE requires a valid nonzero element; DAMAGE requires positive ITEM_ADDEFFECT_DMG; invalid proc chance None; item-specific retail numerics
18647,mjollnir_85,85,MAIN|SUB,CLUB,ERA_UNRESOLVED,No introduction-era metadata exists in active repository item tables,SQL_MODIFIERS,sql/item_mods.sql:38338,,,,melee HandleEnspell or ranged OnRangedAttack -> luautils::additionalEffectAttack -> xi.additionalEffect.attack,DAMAGE,,,,,,LEGACY_ADDITIONAL_EFFECT_MAGIC_ACCURACY,NO_DSTAT_CONFIGURED,,,MAGICAL_DAMAGE_TIER_OR_LEGACY_HANDLER,,ELEMENTAL_LEGACY,,,,HANDLER_SPECIFIC,DAMAGE_PROFILE_SINGLE_PASS,DAMAGE_PROFILE_SINGLE_PASS,FAMILY_DEFAULT_OR_SCRIPT_RETURN,NONE_RECORDED,BLOCKED_WHEN_ITEM_LEVEL_EXCEEDS_MAIN_LEVEL,GLOBAL_ADDITIONAL_EFFECT,NO,,,HIGH,CONFIGURATION_ERROR,DAMAGE requires a valid nonzero element; DAMAGE requires positive ITEM_ADDEFFECT_DMG; invalid proc chance None; item-specific retail numerics
18648,claustrum_85,85,MAIN,STAFF,ERA_UNRESOLVED,No introduction-era metadata exists in active repository item tables,SQL_MODIFIERS,sql/item_mods.sql:38346,,,,melee HandleEnspell or ranged OnRangedAttack -> luautils::additionalEffectAttack -> xi.additionalEffect.attack,DAMAGE,,,,,,LEGACY_ADDITIONAL_EFFECT_MAGIC_ACCURACY,NO_DSTAT_CONFIGURED,,,MAGICAL_DAMAGE_TIER_OR_LEGACY_HANDLER,,ELEMENTAL_LEGACY,,,,HANDLER_SPECIFIC,DAMAGE_PROFILE_SINGLE_PASS,DAMAGE_PROFILE_SINGLE_PASS,FAMILY_DEFAULT_OR_SCRIPT_RETURN,NONE_RECORDED,BLOCKED_WHEN_ITEM_LEVEL_EXCEEDS_MAIN_LEVEL,GLOBAL_ADDITIONAL_EFFECT,NO,,,HIGH,CONFIGURATION_ERROR,DAMAGE requires a valid nonzero element; DAMAGE requires positive ITEM_ADDEFFECT_DMG; invalid proc chance None; item-specific retail numerics
18652,mandau_90,90,MAIN|SUB,DAGGER,ERA_UNRESOLVED,No introduction-era metadata exists in active repository item tables,SQL_MODIFIERS,sql/item_mods.sql:38379,,,,melee HandleEnspell or ranged OnRangedAttack -> luautils::additionalEffectAttack -> xi.additionalEffect.attack,DAMAGE,,,,,,LEGACY_ADDITIONAL_EFFECT_MAGIC_ACCURACY,NO_DSTAT_CONFIGURED,,,MAGICAL_DAMAGE_TIER_OR_LEGACY_HANDLER,,ELEMENTAL_LEGACY,,,,HANDLER_SPECIFIC,DAMAGE_PROFILE_SINGLE_PASS,DAMAGE_PROFILE_SINGLE_PASS,FAMILY_DEFAULT_OR_SCRIPT_RETURN,NONE_RECORDED,BLOCKED_WHEN_ITEM_LEVEL_EXCEEDS_MAIN_LEVEL,GLOBAL_ADDITIONAL_EFFECT,NO,,,HIGH,CONFIGURATION_ERROR,DAMAGE requires a valid nonzero element; DAMAGE requires positive ITEM_ADDEFFECT_DMG; invalid proc chance None; item-specific retail numerics
18653,excalibur_90,90,MAIN|SUB,SWORD,ERA_UNRESOLVED,No introduction-era metadata exists in active repository item tables,SQL_MODIFIERS+ITEM_SCRIPT,sql/item_mods.sql:38388;sql/item_mods.sql:38389;scripts/items/excalibur_90.lua,,,,melee HandleEnspell or ranged OnRangedAttack -> luautils::OnItemAdditionalEffect -> onItemAdditionalEffect,SCRIPTED,,,,,,N/A,N/A,,,NONE_OR_HANDLER_SPECIFIC,,WEAPON_DMGTYPE_2,,,,HANDLER_SPECIFIC,HANDLER_SPECIFIC,HANDLER_SPECIFIC,FAMILY_DEFAULT_OR_SCRIPT_RETURN,NONE_RECORDED,BLOCKED_WHEN_ITEM_LEVEL_EXCEEDS_MAIN_LEVEL,PER_ITEM_LUA,YES,,,HIGH_FRAMEWORK_LOW_RETAIL_NUMERICS,VERIFY_LIVE,item-specific retail numerics
18655,guttler_90,90,MAIN|SUB,AXE,ERA_UNRESOLVED,No introduction-era metadata exists in active repository item tables,SQL_MODIFIERS,sql/item_mods.sql:38407,,,,melee HandleEnspell or ranged OnRangedAttack -> luautils::additionalEffectAttack -> xi.additionalEffect.attack,DAMAGE,,,,,,LEGACY_ADDITIONAL_EFFECT_MAGIC_ACCURACY,NO_DSTAT_CONFIGURED,,,MAGICAL_DAMAGE_TIER_OR_LEGACY_HANDLER,,ELEMENTAL_LEGACY,,,,HANDLER_SPECIFIC,DAMAGE_PROFILE_SINGLE_PASS,DAMAGE_PROFILE_SINGLE_PASS,FAMILY_DEFAULT_OR_SCRIPT_RETURN,NONE_RECORDED,BLOCKED_WHEN_ITEM_LEVEL_EXCEEDS_MAIN_LEVEL,GLOBAL_ADDITIONAL_EFFECT,NO,,,HIGH,CONFIGURATION_ERROR,DAMAGE requires a valid nonzero element; DAMAGE requires positive ITEM_ADDEFFECT_DMG; invalid proc chance None; item-specific retail numerics
18656,bravura_90,90,MAIN,GREAT_AXE,ERA_UNRESOLVED,No introduction-era metadata exists in active repository item tables,SQL_MODIFIERS,sql/item_mods.sql:38416,,,,melee HandleEnspell or ranged OnRangedAttack -> luautils::additionalEffectAttack -> xi.additionalEffect.attack,DAMAGE,,,,,,LEGACY_ADDITIONAL_EFFECT_MAGIC_ACCURACY,NO_DSTAT_CONFIGURED,,,MAGICAL_DAMAGE_TIER_OR_LEGACY_HANDLER,,ELEMENTAL_LEGACY,,,,HANDLER_SPECIFIC,DAMAGE_PROFILE_SINGLE_PASS,DAMAGE_PROFILE_SINGLE_PASS,FAMILY_DEFAULT_OR_SCRIPT_RETURN,NONE_RECORDED,BLOCKED_WHEN_ITEM_LEVEL_EXCEEDS_MAIN_LEVEL,GLOBAL_ADDITIONAL_EFFECT,NO,,,HIGH,CONFIGURATION_ERROR,DAMAGE requires a valid nonzero element; DAMAGE requires positive ITEM_ADDEFFECT_DMG; invalid proc chance None; item-specific retail numerics
18657,gungnir_90,90,MAIN,POLEARM,ERA_UNRESOLVED,No introduction-era metadata exists in active repository item tables,SQL_MODIFIERS,sql/item_mods.sql:38425,,,,melee HandleEnspell or ranged OnRangedAttack -> luautils::additionalEffectAttack -> xi.additionalEffect.attack,DAMAGE,,,,,,LEGACY_ADDITIONAL_EFFECT_MAGIC_ACCURACY,NO_DSTAT_CONFIGURED,,,MAGICAL_DAMAGE_TIER_OR_LEGACY_HANDLER,,ELEMENTAL_LEGACY,,,,HANDLER_SPECIFIC,DAMAGE_PROFILE_SINGLE_PASS,DAMAGE_PROFILE_SINGLE_PASS,FAMILY_DEFAULT_OR_SCRIPT_RETURN,NONE_RECORDED,BLOCKED_WHEN_ITEM_LEVEL_EXCEEDS_MAIN_LEVEL,GLOBAL_ADDITIONAL_EFFECT,NO,,,HIGH,CONFIGURATION_ERROR,DAMAGE requires a valid nonzero element; DAMAGE requires positive ITEM_ADDEFFECT_DMG; invalid proc chance None; item-specific retail numerics
18658,apocalypse_90,90,MAIN,SCYTHE,ERA_UNRESOLVED,No introduction-era metadata exists in active repository item tables,SQL_MODIFIERS,sql/item_mods.sql:38434,,,,melee HandleEnspell or ranged OnRangedAttack -> luautils::additionalEffectAttack -> xi.additionalEffect.attack,DAMAGE,,,,,,LEGACY_ADDITIONAL_EFFECT_MAGIC_ACCURACY,NO_DSTAT_CONFIGURED,,,MAGICAL_DAMAGE_TIER_OR_LEGACY_HANDLER,,ELEMENTAL_LEGACY,,,,HANDLER_SPECIFIC,DAMAGE_PROFILE_SINGLE_PASS,DAMAGE_PROFILE_SINGLE_PASS,FAMILY_DEFAULT_OR_SCRIPT_RETURN,NONE_RECORDED,BLOCKED_WHEN_ITEM_LEVEL_EXCEEDS_MAIN_LEVEL,GLOBAL_ADDITIONAL_EFFECT,NO,,,HIGH,CONFIGURATION_ERROR,DAMAGE requires a valid nonzero element; DAMAGE requires positive ITEM_ADDEFFECT_DMG; invalid proc chance None; item-specific retail numerics
18659,kikoku_90,90,MAIN|SUB,KATANA,ERA_UNRESOLVED,No introduction-era metadata exists in active repository item tables,SQL_MODIFIERS,sql/item_mods.sql:38443,,,,melee HandleEnspell or ranged OnRangedAttack -> luautils::additionalEffectAttack -> xi.additionalEffect.attack,DAMAGE,,,,,,LEGACY_ADDITIONAL_EFFECT_MAGIC_ACCURACY,NO_DSTAT_CONFIGURED,,,MAGICAL_DAMAGE_TIER_OR_LEGACY_HANDLER,,ELEMENTAL_LEGACY,,,,HANDLER_SPECIFIC,DAMAGE_PROFILE_SINGLE_PASS,DAMAGE_PROFILE_SINGLE_PASS,FAMILY_DEFAULT_OR_SCRIPT_RETURN,NONE_RECORDED,BLOCKED_WHEN_ITEM_LEVEL_EXCEEDS_MAIN_LEVEL,GLOBAL_ADDITIONAL_EFFECT,NO,,,HIGH,CONFIGURATION_ERROR,DAMAGE requires a valid nonzero element; DAMAGE requires positive ITEM_ADDEFFECT_DMG; invalid proc chance None; item-specific retail numerics
18660,amanomurakumo_90,90,MAIN,GREAT_KATANA,ERA_UNRESOLVED,No introduction-era metadata exists in active repository item tables,SQL_MODIFIERS,sql/item_mods.sql:38452,,,,melee HandleEnspell or ranged OnRangedAttack -> luautils::additionalEffectAttack -> xi.additionalEffect.attack,DAMAGE,,,,,,LEGACY_ADDITIONAL_EFFECT_MAGIC_ACCURACY,NO_DSTAT_CONFIGURED,,,MAGICAL_DAMAGE_TIER_OR_LEGACY_HANDLER,,ELEMENTAL_LEGACY,,,,HANDLER_SPECIFIC,DAMAGE_PROFILE_SINGLE_PASS,DAMAGE_PROFILE_SINGLE_PASS,FAMILY_DEFAULT_OR_SCRIPT_RETURN,NONE_RECORDED,BLOCKED_WHEN_ITEM_LEVEL_EXCEEDS_MAIN_LEVEL,GLOBAL_ADDITIONAL_EFFECT,NO,,,HIGH,CONFIGURATION_ERROR,DAMAGE requires a valid nonzero element; DAMAGE requires positive ITEM_ADDEFFECT_DMG; invalid proc chance None; item-specific retail numerics
18661,mjollnir_90,90,MAIN|SUB,CLUB,ERA_UNRESOLVED,No introduction-era metadata exists in active repository item tables,SQL_MODIFIERS,sql/item_mods.sql:38461,,,,melee HandleEnspell or ranged OnRangedAttack -> luautils::additionalEffectAttack -> xi.additionalEffect.attack,DAMAGE,,,,,,LEGACY_ADDITIONAL_EFFECT_MAGIC_ACCURACY,NO_DSTAT_CONFIGURED,,,MAGICAL_DAMAGE_TIER_OR_LEGACY_HANDLER,,ELEMENTAL_LEGACY,,,,HANDLER_SPECIFIC,DAMAGE_PROFILE_SINGLE_PASS,DAMAGE_PROFILE_SINGLE_PASS,FAMILY_DEFAULT_OR_SCRIPT_RETURN,NONE_RECORDED,BLOCKED_WHEN_ITEM_LEVEL_EXCEEDS_MAIN_LEVEL,GLOBAL_ADDITIONAL_EFFECT,NO,,,HIGH,CONFIGURATION_ERROR,DAMAGE requires a valid nonzero element; DAMAGE requires positive ITEM_ADDEFFECT_DMG; invalid proc chance None; item-specific retail numerics
18662,claustrum_90,90,MAIN,STAFF,ERA_UNRESOLVED,No introduction-era metadata exists in active repository item tables,SQL_MODIFIERS,sql/item_mods.sql:38470,,,,melee HandleEnspell or ranged OnRangedAttack -> luautils::additionalEffectAttack -> xi.additionalEffect.attack,DAMAGE,,,,,,LEGACY_ADDITIONAL_EFFECT_MAGIC_ACCURACY,NO_DSTAT_CONFIGURED,,,MAGICAL_DAMAGE_TIER_OR_LEGACY_HANDLER,,ELEMENTAL_LEGACY,,,,HANDLER_SPECIFIC,DAMAGE_PROFILE_SINGLE_PASS,DAMAGE_PROFILE_SINGLE_PASS,FAMILY_DEFAULT_OR_SCRIPT_RETURN,NONE_RECORDED,BLOCKED_WHEN_ITEM_LEVEL_EXCEEDS_MAIN_LEVEL,GLOBAL_ADDITIONAL_EFFECT,NO,,,HIGH,CONFIGURATION_ERROR,DAMAGE requires a valid nonzero element; DAMAGE requires positive ITEM_ADDEFFECT_DMG; invalid proc chance None; item-specific retail numerics
18666,mandau_95,95,MAIN|SUB,DAGGER,ERA_UNRESOLVED,No introduction-era metadata exists in active repository item tables,SQL_MODIFIERS,sql/item_mods.sql:38506,,,,melee HandleEnspell or ranged OnRangedAttack -> luautils::additionalEffectAttack -> xi.additionalEffect.attack,DAMAGE,,,,,,LEGACY_ADDITIONAL_EFFECT_MAGIC_ACCURACY,NO_DSTAT_CONFIGURED,,,MAGICAL_DAMAGE_TIER_OR_LEGACY_HANDLER,,ELEMENTAL_LEGACY,,,,HANDLER_SPECIFIC,DAMAGE_PROFILE_SINGLE_PASS,DAMAGE_PROFILE_SINGLE_PASS,FAMILY_DEFAULT_OR_SCRIPT_RETURN,NONE_RECORDED,BLOCKED_WHEN_ITEM_LEVEL_EXCEEDS_MAIN_LEVEL,GLOBAL_ADDITIONAL_EFFECT,NO,,,HIGH,CONFIGURATION_ERROR,DAMAGE requires a valid nonzero element; DAMAGE requires positive ITEM_ADDEFFECT_DMG; invalid proc chance None; item-specific retail numerics
18667,excalibur_95,95,MAIN|SUB,SWORD,ERA_UNRESOLVED,No introduction-era metadata exists in active repository item tables,SQL_MODIFIERS+ITEM_SCRIPT,sql/item_mods.sql:38515;sql/item_mods.sql:38516;scripts/items/excalibur_95.lua,,,,melee HandleEnspell or ranged OnRangedAttack -> luautils::OnItemAdditionalEffect -> onItemAdditionalEffect,SCRIPTED,,,,,,N/A,N/A,,,NONE_OR_HANDLER_SPECIFIC,,WEAPON_DMGTYPE_2,,,,HANDLER_SPECIFIC,HANDLER_SPECIFIC,HANDLER_SPECIFIC,FAMILY_DEFAULT_OR_SCRIPT_RETURN,NONE_RECORDED,BLOCKED_WHEN_ITEM_LEVEL_EXCEEDS_MAIN_LEVEL,PER_ITEM_LUA,YES,,,HIGH_FRAMEWORK_LOW_RETAIL_NUMERICS,VERIFY_LIVE,item-specific retail numerics
18669,guttler_95,95,MAIN|SUB,AXE,ERA_UNRESOLVED,No introduction-era metadata exists in active repository item tables,SQL_MODIFIERS,sql/item_mods.sql:38534,,,,melee HandleEnspell or ranged OnRangedAttack -> luautils::additionalEffectAttack -> xi.additionalEffect.attack,DAMAGE,,,,,,LEGACY_ADDITIONAL_EFFECT_MAGIC_ACCURACY,NO_DSTAT_CONFIGURED,,,MAGICAL_DAMAGE_TIER_OR_LEGACY_HANDLER,,ELEMENTAL_LEGACY,,,,HANDLER_SPECIFIC,DAMAGE_PROFILE_SINGLE_PASS,DAMAGE_PROFILE_SINGLE_PASS,FAMILY_DEFAULT_OR_SCRIPT_RETURN,NONE_RECORDED,BLOCKED_WHEN_ITEM_LEVEL_EXCEEDS_MAIN_LEVEL,GLOBAL_ADDITIONAL_EFFECT,NO,,,HIGH,CONFIGURATION_ERROR,DAMAGE requires a valid nonzero element; DAMAGE requires positive ITEM_ADDEFFECT_DMG; invalid proc chance None; item-specific retail numerics
18670,bravura_95,95,MAIN,GREAT_AXE,ERA_UNRESOLVED,No introduction-era metadata exists in active repository item tables,SQL_MODIFIERS,sql/item_mods.sql:38543,,,,melee HandleEnspell or ranged OnRangedAttack -> luautils::additionalEffectAttack -> xi.additionalEffect.attack,DAMAGE,,,,,,LEGACY_ADDITIONAL_EFFECT_MAGIC_ACCURACY,NO_DSTAT_CONFIGURED,,,MAGICAL_DAMAGE_TIER_OR_LEGACY_HANDLER,,ELEMENTAL_LEGACY,,,,HANDLER_SPECIFIC,DAMAGE_PROFILE_SINGLE_PASS,DAMAGE_PROFILE_SINGLE_PASS,FAMILY_DEFAULT_OR_SCRIPT_RETURN,NONE_RECORDED,BLOCKED_WHEN_ITEM_LEVEL_EXCEEDS_MAIN_LEVEL,GLOBAL_ADDITIONAL_EFFECT,NO,,,HIGH,CONFIGURATION_ERROR,DAMAGE requires a valid nonzero element; DAMAGE requires positive ITEM_ADDEFFECT_DMG; invalid proc chance None; item-specific retail numerics
18671,gungnir_95,95,MAIN,POLEARM,ERA_UNRESOLVED,No introduction-era metadata exists in active repository item tables,SQL_MODIFIERS,sql/item_mods.sql:38552,,,,melee HandleEnspell or ranged OnRangedAttack -> luautils::additionalEffectAttack -> xi.additionalEffect.attack,DAMAGE,,,,,,LEGACY_ADDITIONAL_EFFECT_MAGIC_ACCURACY,NO_DSTAT_CONFIGURED,,,MAGICAL_DAMAGE_TIER_OR_LEGACY_HANDLER,,ELEMENTAL_LEGACY,,,,HANDLER_SPECIFIC,DAMAGE_PROFILE_SINGLE_PASS,DAMAGE_PROFILE_SINGLE_PASS,FAMILY_DEFAULT_OR_SCRIPT_RETURN,NONE_RECORDED,BLOCKED_WHEN_ITEM_LEVEL_EXCEEDS_MAIN_LEVEL,GLOBAL_ADDITIONAL_EFFECT,NO,,,HIGH,CONFIGURATION_ERROR,DAMAGE requires a valid nonzero element; DAMAGE requires positive ITEM_ADDEFFECT_DMG; invalid proc chance None; item-specific retail numerics
18672,apocalypse_95,95,MAIN,SCYTHE,ERA_UNRESOLVED,No introduction-era metadata exists in active repository item tables,SQL_MODIFIERS,sql/item_mods.sql:38561,,,,melee HandleEnspell or ranged OnRangedAttack -> luautils::additionalEffectAttack -> xi.additionalEffect.attack,DAMAGE,,,,,,LEGACY_ADDITIONAL_EFFECT_MAGIC_ACCURACY,NO_DSTAT_CONFIGURED,,,MAGICAL_DAMAGE_TIER_OR_LEGACY_HANDLER,,ELEMENTAL_LEGACY,,,,HANDLER_SPECIFIC,DAMAGE_PROFILE_SINGLE_PASS,DAMAGE_PROFILE_SINGLE_PASS,FAMILY_DEFAULT_OR_SCRIPT_RETURN,NONE_RECORDED,BLOCKED_WHEN_ITEM_LEVEL_EXCEEDS_MAIN_LEVEL,GLOBAL_ADDITIONAL_EFFECT,NO,,,HIGH,CONFIGURATION_ERROR,DAMAGE requires a valid nonzero element; DAMAGE requires positive ITEM_ADDEFFECT_DMG; invalid proc chance None; item-specific retail numerics
18673,kikoku_95,95,MAIN|SUB,KATANA,ERA_UNRESOLVED,No introduction-era metadata exists in active repository item tables,SQL_MODIFIERS,sql/item_mods.sql:38570,,,,melee HandleEnspell or ranged OnRangedAttack -> luautils::additionalEffectAttack -> xi.additionalEffect.attack,DAMAGE,,,,,,LEGACY_ADDITIONAL_EFFECT_MAGIC_ACCURACY,NO_DSTAT_CONFIGURED,,,MAGICAL_DAMAGE_TIER_OR_LEGACY_HANDLER,,ELEMENTAL_LEGACY,,,,HANDLER_SPECIFIC,DAMAGE_PROFILE_SINGLE_PASS,DAMAGE_PROFILE_SINGLE_PASS,FAMILY_DEFAULT_OR_SCRIPT_RETURN,NONE_RECORDED,BLOCKED_WHEN_ITEM_LEVEL_EXCEEDS_MAIN_LEVEL,GLOBAL_ADDITIONAL_EFFECT,NO,,,HIGH,CONFIGURATION_ERROR,DAMAGE requires a valid nonzero element; DAMAGE requires positive ITEM_ADDEFFECT_DMG; invalid proc chance None; item-specific retail numerics
18674,amanomurakumo_95,95,MAIN,GREAT_KATANA,ERA_UNRESOLVED,No introduction-era metadata exists in active repository item tables,SQL_MODIFIERS,sql/item_mods.sql:38579,,,,melee HandleEnspell or ranged OnRangedAttack -> luautils::additionalEffectAttack -> xi.additionalEffect.attack,DAMAGE,,,,,,LEGACY_ADDITIONAL_EFFECT_MAGIC_ACCURACY,NO_DSTAT_CONFIGURED,,,MAGICAL_DAMAGE_TIER_OR_LEGACY_HANDLER,,ELEMENTAL_LEGACY,,,,HANDLER_SPECIFIC,DAMAGE_PROFILE_SINGLE_PASS,DAMAGE_PROFILE_SINGLE_PASS,FAMILY_DEFAULT_OR_SCRIPT_RETURN,NONE_RECORDED,BLOCKED_WHEN_ITEM_LEVEL_EXCEEDS_MAIN_LEVEL,GLOBAL_ADDITIONAL_EFFECT,NO,,,HIGH,CONFIGURATION_ERROR,DAMAGE requires a valid nonzero element; DAMAGE requires positive ITEM_ADDEFFECT_DMG; invalid proc chance None; item-specific retail numerics
18675,mjollnir_95,95,MAIN|SUB,CLUB,ERA_UNRESOLVED,No introduction-era metadata exists in active repository item tables,SQL_MODIFIERS,sql/item_mods.sql:38588,,,,melee HandleEnspell or ranged OnRangedAttack -> luautils::additionalEffectAttack -> xi.additionalEffect.attack,DAMAGE,,,,,,LEGACY_ADDITIONAL_EFFECT_MAGIC_ACCURACY,NO_DSTAT_CONFIGURED,,,MAGICAL_DAMAGE_TIER_OR_LEGACY_HANDLER,,ELEMENTAL_LEGACY,,,,HANDLER_SPECIFIC,DAMAGE_PROFILE_SINGLE_PASS,DAMAGE_PROFILE_SINGLE_PASS,FAMILY_DEFAULT_OR_SCRIPT_RETURN,NONE_RECORDED,BLOCKED_WHEN_ITEM_LEVEL_EXCEEDS_MAIN_LEVEL,GLOBAL_ADDITIONAL_EFFECT,NO,,,HIGH,CONFIGURATION_ERROR,DAMAGE requires a valid nonzero element; DAMAGE requires positive ITEM_ADDEFFECT_DMG; invalid proc chance None; item-specific retail numerics
18676,claustrum_95,95,MAIN,STAFF,ERA_UNRESOLVED,No introduction-era metadata exists in active repository item tables,SQL_MODIFIERS,sql/item_mods.sql:38597,,,,melee HandleEnspell or ranged OnRangedAttack -> luautils::additionalEffectAttack -> xi.additionalEffect.attack,DAMAGE,,,,,,LEGACY_ADDITIONAL_EFFECT_MAGIC_ACCURACY,NO_DSTAT_CONFIGURED,,,MAGICAL_DAMAGE_TIER_OR_LEGACY_HANDLER,,ELEMENTAL_LEGACY,,,,HANDLER_SPECIFIC,DAMAGE_PROFILE_SINGLE_PASS,DAMAGE_PROFILE_SINGLE_PASS,FAMILY_DEFAULT_OR_SCRIPT_RETURN,NONE_RECORDED,BLOCKED_WHEN_ITEM_LEVEL_EXCEEDS_MAIN_LEVEL,GLOBAL_ADDITIONAL_EFFECT,NO,,,HIGH,CONFIGURATION_ERROR,DAMAGE requires a valid nonzero element; DAMAGE requires positive ITEM_ADDEFFECT_DMG; invalid proc chance None; item-specific retail numerics
18696,paralysis_arrow,70,AMMO,ARCHERY,ERA_UNRESOLVED,No introduction-era metadata exists in active repository item tables,SQL_MODIFIERS,sql/item_mods.sql:38640,,,,melee HandleEnspell or ranged OnRangedAttack -> luautils::additionalEffectAttack -> xi.additionalEffect.attack,DAMAGE,,,,,,LEGACY_ADDITIONAL_EFFECT_MAGIC_ACCURACY,NO_DSTAT_CONFIGURED,,,MAGICAL_DAMAGE_TIER_OR_LEGACY_HANDLER,,ELEMENTAL_LEGACY,,,,HANDLER_SPECIFIC,DAMAGE_PROFILE_SINGLE_PASS,DAMAGE_PROFILE_SINGLE_PASS,FAMILY_DEFAULT_OR_SCRIPT_RETURN,NONE_RECORDED,BLOCKED_WHEN_ITEM_LEVEL_EXCEEDS_MAIN_LEVEL,GLOBAL_ADDITIONAL_EFFECT,NO,,,HIGH,CONFIGURATION_ERROR,DAMAGE requires a valid nonzero element; DAMAGE requires positive ITEM_ADDEFFECT_DMG; invalid proc chance None; item-specific retail numerics
18698,water_arrow,55,AMMO,ARCHERY,ERA_UNRESOLVED,No introduction-era metadata exists in active repository item tables,SQL_MODIFIERS+ITEM_SCRIPT,sql/item_mods.sql:38643;scripts/items/water_arrow.lua,,,,melee HandleEnspell or ranged OnRangedAttack -> luautils::OnItemAdditionalEffect -> onItemAdditionalEffect,SCRIPTED,,,,,,N/A,N/A,,,NONE_OR_HANDLER_SPECIFIC,,WEAPON_DMGTYPE_1,,,,HANDLER_SPECIFIC,HANDLER_SPECIFIC,HANDLER_SPECIFIC,FAMILY_DEFAULT_OR_SCRIPT_RETURN,NONE_RECORDED,BLOCKED_WHEN_ITEM_LEVEL_EXCEEDS_MAIN_LEVEL,PER_ITEM_LUA,YES,,,HIGH_FRAMEWORK_LOW_RETAIL_NUMERICS,VERIFY_LIVE,item-specific retail numerics
18699,earth_arrow,55,AMMO,ARCHERY,ERA_UNRESOLVED,No introduction-era metadata exists in active repository item tables,SQL_MODIFIERS+ITEM_SCRIPT,sql/item_mods.sql:38646;scripts/items/earth_arrow.lua,,,,melee HandleEnspell or ranged OnRangedAttack -> luautils::OnItemAdditionalEffect -> onItemAdditionalEffect,SCRIPTED,,,,,,N/A,N/A,,,NONE_OR_HANDLER_SPECIFIC,,WEAPON_DMGTYPE_1,,,,HANDLER_SPECIFIC,HANDLER_SPECIFIC,HANDLER_SPECIFIC,FAMILY_DEFAULT_OR_SCRIPT_RETURN,NONE_RECORDED,BLOCKED_WHEN_ITEM_LEVEL_EXCEEDS_MAIN_LEVEL,PER_ITEM_LUA,YES,,,HIGH_FRAMEWORK_LOW_RETAIL_NUMERICS,VERIFY_LIVE,item-specific retail numerics
18700,wind_arrow,55,AMMO,ARCHERY,ERA_UNRESOLVED,No introduction-era metadata exists in active repository item tables,SQL_MODIFIERS+ITEM_SCRIPT,sql/item_mods.sql:38649;scripts/items/wind_arrow.lua,,,,melee HandleEnspell or ranged OnRangedAttack -> luautils::OnItemAdditionalEffect -> onItemAdditionalEffect,SCRIPTED,,,,,,N/A,N/A,,,NONE_OR_HANDLER_SPECIFIC,,WEAPON_DMGTYPE_1,,,,HANDLER_SPECIFIC,HANDLER_SPECIFIC,HANDLER_SPECIFIC,FAMILY_DEFAULT_OR_SCRIPT_RETURN,NONE_RECORDED,BLOCKED_WHEN_ITEM_LEVEL_EXCEEDS_MAIN_LEVEL,PER_ITEM_LUA,YES,,,HIGH_FRAMEWORK_LOW_RETAIL_NUMERICS,VERIFY_LIVE,item-specific retail numerics
18708,snakeeye,75,RANGED,THROWING,ERA_UNRESOLVED,No introduction-era metadata exists in active repository item tables,SQL_MODIFIERS,sql/item_mods.sql:38681;sql/item_mods.sql:38682;sql/item_mods.sql:38683;sql/item_mods.sql:38684;sql/item_mods.sql:38685;sql/item_mods.sql:38686,,,,melee HandleEnspell or ranged OnRangedAttack -> luautils::additionalEffectAttack -> xi.additionalEffect.attack,DEBUFF,POISON_OR_TP_DRAIN,100,,,,LEGACY_A_RANK,LEGACY_INT_DEFAULT,,,STATUS_MAGIC_TIER,,WEAPON_DMGTYPE_1,,30,POISON,STATUS_HELPERS,HANDLER_SPECIFIC,HANDLER_SPECIFIC,FAMILY_DEFAULT_OR_SCRIPT_RETURN,NONE_RECORDED,BLOCKED_WHEN_ITEM_LEVEL_EXCEEDS_MAIN_LEVEL,GLOBAL_ADDITIONAL_EFFECT,YES,,,HIGH_FRAMEWORK_LOW_RETAIL_NUMERICS,ERA_UNRESOLVED,item-specific retail numerics
18709,snakeeye_+1,75,RANGED,THROWING,ERA_UNRESOLVED,No introduction-era metadata exists in active repository item tables,SQL_MODIFIERS,sql/item_mods.sql:38690;sql/item_mods.sql:38691;sql/item_mods.sql:38692;sql/item_mods.sql:38693;sql/item_mods.sql:38694;sql/item_mods.sql:38695,,,,melee HandleEnspell or ranged OnRangedAttack -> luautils::additionalEffectAttack -> xi.additionalEffect.attack,DEBUFF,POISON_OR_TP_DRAIN,100,,,,LEGACY_A_RANK,LEGACY_INT_DEFAULT,,,STATUS_MAGIC_TIER,,WEAPON_DMGTYPE_1,,30,POISON,STATUS_HELPERS,HANDLER_SPECIFIC,HANDLER_SPECIFIC,FAMILY_DEFAULT_OR_SCRIPT_RETURN,NONE_RECORDED,BLOCKED_WHEN_ITEM_LEVEL_EXCEEDS_MAIN_LEVEL,GLOBAL_ADDITIONAL_EFFECT,YES,,,HIGH_FRAMEWORK_LOW_RETAIL_NUMERICS,ERA_UNRESOLVED,item-specific retail numerics
18738,temple_knights_arrow,60,AMMO,ARCHERY,ERA_UNRESOLVED,No introduction-era metadata exists in active repository item tables,SQL_MODIFIERS+ITEM_SCRIPT,sql/item_mods.sql:38742;scripts/items/temple_knights_arrow.lua,,,,melee HandleEnspell or ranged OnRangedAttack -> luautils::OnItemAdditionalEffect -> onItemAdditionalEffect,SCRIPTED,,,,,,N/A,N/A,,,NONE_OR_HANDLER_SPECIFIC,,WEAPON_DMGTYPE_1,,,,HANDLER_SPECIFIC,HANDLER_SPECIFIC,HANDLER_SPECIFIC,FAMILY_DEFAULT_OR_SCRIPT_RETURN,NONE_RECORDED,BLOCKED_WHEN_ITEM_LEVEL_EXCEEDS_MAIN_LEVEL,PER_ITEM_LUA,YES,,,HIGH_FRAMEWORK_LOW_RETAIL_NUMERICS,VERIFY_LIVE,item-specific retail numerics
18762,custodes,25,MAIN,HAND_TO_HAND,ERA_UNRESOLVED,No introduction-era metadata exists in active repository item tables,SQL_MODIFIERS,sql/item_mods.sql:38828,,,,melee HandleEnspell or ranged OnRangedAttack -> luautils::additionalEffectAttack -> xi.additionalEffect.attack,DAMAGE,,,,,,LEGACY_ADDITIONAL_EFFECT_MAGIC_ACCURACY,NO_DSTAT_CONFIGURED,,,MAGICAL_DAMAGE_TIER_OR_LEGACY_HANDLER,,ELEMENTAL_LEGACY,,,,HANDLER_SPECIFIC,DAMAGE_PROFILE_SINGLE_PASS,DAMAGE_PROFILE_SINGLE_PASS,FAMILY_DEFAULT_OR_SCRIPT_RETURN,NONE_RECORDED,BLOCKED_WHEN_ITEM_LEVEL_EXCEEDS_MAIN_LEVEL,GLOBAL_ADDITIONAL_EFFECT,NO,,,HIGH,CONFIGURATION_ERROR,DAMAGE requires a valid nonzero element; DAMAGE requires positive ITEM_ADDEFFECT_DMG; invalid proc chance None; item-specific retail numerics
18784,metasoma_katars,88,MAIN,HAND_TO_HAND,ERA_UNRESOLVED,No introduction-era metadata exists in active repository item tables,SQL_MODIFIERS,sql/item_mods.sql:38879,,,,melee HandleEnspell or ranged OnRangedAttack -> luautils::additionalEffectAttack -> xi.additionalEffect.attack,DAMAGE,,,,,,LEGACY_ADDITIONAL_EFFECT_MAGIC_ACCURACY,NO_DSTAT_CONFIGURED,,,MAGICAL_DAMAGE_TIER_OR_LEGACY_HANDLER,,ELEMENTAL_LEGACY,,,,HANDLER_SPECIFIC,DAMAGE_PROFILE_SINGLE_PASS,DAMAGE_PROFILE_SINGLE_PASS,FAMILY_DEFAULT_OR_SCRIPT_RETURN,NONE_RECORDED,BLOCKED_WHEN_ITEM_LEVEL_EXCEEDS_MAIN_LEVEL,GLOBAL_ADDITIONAL_EFFECT,NO,,,HIGH,CONFIGURATION_ERROR,DAMAGE requires a valid nonzero element; DAMAGE requires positive ITEM_ADDEFFECT_DMG; invalid proc chance None; item-specific retail numerics
18785,grotesque_cesti,92,MAIN,HAND_TO_HAND,ERA_UNRESOLVED,No introduction-era metadata exists in active repository item tables,SQL_MODIFIERS,sql/item_mods.sql:38883,,,,melee HandleEnspell or ranged OnRangedAttack -> luautils::additionalEffectAttack -> xi.additionalEffect.attack,DAMAGE,,,,,,LEGACY_ADDITIONAL_EFFECT_MAGIC_ACCURACY,NO_DSTAT_CONFIGURED,,,MAGICAL_DAMAGE_TIER_OR_LEGACY_HANDLER,,ELEMENTAL_LEGACY,,,,HANDLER_SPECIFIC,DAMAGE_PROFILE_SINGLE_PASS,DAMAGE_PROFILE_SINGLE_PASS,FAMILY_DEFAULT_OR_SCRIPT_RETURN,NONE_RECORDED,BLOCKED_WHEN_ITEM_LEVEL_EXCEEDS_MAIN_LEVEL,GLOBAL_ADDITIONAL_EFFECT,NO,,,HIGH,CONFIGURATION_ERROR,DAMAGE requires a valid nonzero element; DAMAGE requires positive ITEM_ADDEFFECT_DMG; invalid proc chance None; item-specific retail numerics
18810,cadushi_grip,87,SUB,SKILL_0,ERA_UNRESOLVED,No introduction-era metadata exists in active repository item tables,SQL_MODIFIERS,sql/item_mods.sql:38958,,,,melee HandleEnspell or ranged OnRangedAttack -> luautils::additionalEffectAttack -> xi.additionalEffect.attack,DAMAGE,,,,,,LEGACY_ADDITIONAL_EFFECT_MAGIC_ACCURACY,NO_DSTAT_CONFIGURED,,,MAGICAL_DAMAGE_TIER_OR_LEGACY_HANDLER,,ELEMENTAL_LEGACY,,,,HANDLER_SPECIFIC,DAMAGE_PROFILE_SINGLE_PASS,DAMAGE_PROFILE_SINGLE_PASS,FAMILY_DEFAULT_OR_SCRIPT_RETURN,NONE_RECORDED,BLOCKED_WHEN_ITEM_LEVEL_EXCEEDS_MAIN_LEVEL,GLOBAL_ADDITIONAL_EFFECT,NO,,,HIGH,CONFIGURATION_ERROR,DAMAGE requires a valid nonzero element; DAMAGE requires positive ITEM_ADDEFFECT_DMG; invalid proc chance None; item-specific retail numerics
18853,spirit_maul,38,MAIN|SUB,CLUB,ERA_UNRESOLVED,No introduction-era metadata exists in active repository item tables,SQL_MODIFIERS,sql/item_mods.sql:39096;sql/item_mods.sql:39097;sql/item_mods.sql:39098;sql/item_mods.sql:39099;sql/item_mods.sql:39100,,,,melee HandleEnspell or ranged OnRangedAttack -> luautils::additionalEffectAttack -> xi.additionalEffect.attack,DAMAGE,LIGHT_DAMAGE,5,,,,LEGACY_ADDITIONAL_EFFECT_MAGIC_ACCURACY,NO_DSTAT_CONFIGURED,,,MAGICAL_DAMAGE_TIER_OR_LEGACY_HANDLER,LIGHT,ELEMENTAL_LEGACY,21,,,HANDLER_SPECIFIC,DAMAGE_PROFILE_SINGLE_PASS,DAMAGE_PROFILE_SINGLE_PASS,FAMILY_DEFAULT_OR_SCRIPT_RETURN,NONE_RECORDED,BLOCKED_WHEN_ITEM_LEVEL_EXCEEDS_MAIN_LEVEL,GLOBAL_ADDITIONAL_EFFECT,YES,,,HIGH_FRAMEWORK_LOW_RETAIL_NUMERICS,ERA_UNRESOLVED,item-specific retail numerics
18856,deae_gratia,74,MAIN|SUB,CLUB,ERA_UNRESOLVED,No introduction-era metadata exists in active repository item tables,SQL_MODIFIERS,sql/item_mods.sql:39113;sql/item_mods.sql:39114;sql/item_mods.sql:39115;sql/item_mods.sql:39116;sql/item_mods.sql:39117,,,,melee HandleEnspell or ranged OnRangedAttack -> luautils::additionalEffectAttack -> xi.additionalEffect.attack,HP_DRAIN,HP_DRAIN,5,,,,LEGACY_ADDITIONAL_EFFECT_MAGIC_ACCURACY,NO_DSTAT_CONFIGURED,,,MAGICAL_DAMAGE_TIER_OR_LEGACY_HANDLER,DARK,ELEMENTAL_LEGACY,14,,,UNDEAD_GUARD,HANDLER_SPECIFIC,HANDLER_SPECIFIC,FAMILY_DEFAULT_OR_SCRIPT_RETURN,NONE_RECORDED,BLOCKED_WHEN_ITEM_LEVEL_EXCEEDS_MAIN_LEVEL,GLOBAL_ADDITIONAL_EFFECT,YES,,,HIGH_FRAMEWORK_LOW_RETAIL_NUMERICS,VERIFY_LIVE,"drain accuracy, scaling, and element"
18953,beluga,40,MAIN,SCYTHE,ERA_UNRESOLVED,No introduction-era metadata exists in active repository item tables,SQL_MODIFIERS,sql/item_mods.sql:39365;sql/item_mods.sql:39366;sql/item_mods.sql:39367;sql/item_mods.sql:39368;sql/item_mods.sql:39369,,,,melee HandleEnspell or ranged OnRangedAttack -> luautils::additionalEffectAttack -> xi.additionalEffect.attack,DAMAGE,WATER_DAMAGE,10,,,,LEGACY_ADDITIONAL_EFFECT_MAGIC_ACCURACY,NO_DSTAT_CONFIGURED,,,MAGICAL_DAMAGE_TIER_OR_LEGACY_HANDLER,WATER,ELEMENTAL_LEGACY,21,,,HANDLER_SPECIFIC,DAMAGE_PROFILE_SINGLE_PASS,DAMAGE_PROFILE_SINGLE_PASS,FAMILY_DEFAULT_OR_SCRIPT_RETURN,NONE_RECORDED,BLOCKED_WHEN_ITEM_LEVEL_EXCEEDS_MAIN_LEVEL,GLOBAL_ADDITIONAL_EFFECT,YES,,,HIGH_FRAMEWORK_LOW_RETAIL_NUMERICS,ERA_UNRESOLVED,item-specific retail numerics
19006,tizona_75,75,MAIN|SUB,SWORD,ERA_UNRESOLVED,No introduction-era metadata exists in active repository item tables,SQL_MODIFIERS,sql/item_mods.sql:39495,,,,melee HandleEnspell or ranged OnRangedAttack -> luautils::additionalEffectAttack -> xi.additionalEffect.attack,DAMAGE,,,,,,LEGACY_ADDITIONAL_EFFECT_MAGIC_ACCURACY,NO_DSTAT_CONFIGURED,,,MAGICAL_DAMAGE_TIER_OR_LEGACY_HANDLER,,ELEMENTAL_LEGACY,,,,HANDLER_SPECIFIC,DAMAGE_PROFILE_SINGLE_PASS,DAMAGE_PROFILE_SINGLE_PASS,FAMILY_DEFAULT_OR_SCRIPT_RETURN,NONE_RECORDED,BLOCKED_WHEN_ITEM_LEVEL_EXCEEDS_MAIN_LEVEL,GLOBAL_ADDITIONAL_EFFECT,NO,,,HIGH,CONFIGURATION_ERROR,DAMAGE requires a valid nonzero element; DAMAGE requires positive ITEM_ADDEFFECT_DMG; invalid proc chance None; item-specific retail numerics
19019,platinum_grip,65,SUB,SKILL_0,ERA_UNRESOLVED,No introduction-era metadata exists in active repository item tables,SQL_MODIFIERS,sql/item_mods.sql:39556;sql/item_mods.sql:39557;sql/item_mods.sql:39558;sql/item_mods.sql:39559;sql/item_mods.sql:39560;sql/item_mods.sql:39561,,,,melee HandleEnspell or ranged OnRangedAttack -> luautils::additionalEffectAttack -> xi.additionalEffect.attack,DEBUFF,STUN,10,,,,LEGACY_A_RANK,LEGACY_INT_DEFAULT,,,STATUS_MAGIC_TIER,,WEAPON_DMGTYPE_1,,5,STUN,STATUS_HELPERS,HANDLER_SPECIFIC,HANDLER_SPECIFIC,FAMILY_DEFAULT_OR_SCRIPT_RETURN,NONE_RECORDED,BLOCKED_WHEN_ITEM_LEVEL_EXCEEDS_MAIN_LEVEL,GLOBAL_ADDITIONAL_EFFECT,YES,,,HIGH_FRAMEWORK_LOW_RETAIL_NUMERICS,ERA_UNRESOLVED,item-specific retail numerics
19020,platinum_grip_+1,65,SUB,SKILL_0,ERA_UNRESOLVED,No introduction-era metadata exists in active repository item tables,SQL_MODIFIERS,sql/item_mods.sql:39565;sql/item_mods.sql:39566;sql/item_mods.sql:39567;sql/item_mods.sql:39568;sql/item_mods.sql:39569;sql/item_mods.sql:39570,,,,melee HandleEnspell or ranged OnRangedAttack -> luautils::additionalEffectAttack -> xi.additionalEffect.attack,DEBUFF,STUN,10,,,,LEGACY_A_RANK,LEGACY_INT_DEFAULT,,,STATUS_MAGIC_TIER,,WEAPON_DMGTYPE_1,,5,STUN,STATUS_HELPERS,HANDLER_SPECIFIC,HANDLER_SPECIFIC,FAMILY_DEFAULT_OR_SCRIPT_RETURN,NONE_RECORDED,BLOCKED_WHEN_ITEM_LEVEL_EXCEEDS_MAIN_LEVEL,GLOBAL_ADDITIONAL_EFFECT,YES,,,HIGH_FRAMEWORK_LOW_RETAIL_NUMERICS,ERA_UNRESOLVED,item-specific retail numerics
19075,tizona_80,80,MAIN|SUB,SWORD,ERA_UNRESOLVED,No introduction-era metadata exists in active repository item tables,SQL_MODIFIERS,sql/item_mods.sql:39802,,,,melee HandleEnspell or ranged OnRangedAttack -> luautils::additionalEffectAttack -> xi.additionalEffect.attack,DAMAGE,,,,,,LEGACY_ADDITIONAL_EFFECT_MAGIC_ACCURACY,NO_DSTAT_CONFIGURED,,,MAGICAL_DAMAGE_TIER_OR_LEGACY_HANDLER,,ELEMENTAL_LEGACY,,,,HANDLER_SPECIFIC,DAMAGE_PROFILE_SINGLE_PASS,DAMAGE_PROFILE_SINGLE_PASS,FAMILY_DEFAULT_OR_SCRIPT_RETURN,NONE_RECORDED,BLOCKED_WHEN_ITEM_LEVEL_EXCEEDS_MAIN_LEVEL,GLOBAL_ADDITIONAL_EFFECT,NO,,,HIGH,CONFIGURATION_ERROR,DAMAGE requires a valid nonzero element; DAMAGE requires positive ITEM_ADDEFFECT_DMG; invalid proc chance None; item-specific retail numerics
19095,tizona_85,85,MAIN|SUB,SWORD,ERA_UNRESOLVED,No introduction-era metadata exists in active repository item tables,SQL_MODIFIERS,sql/item_mods.sql:39923,,,,melee HandleEnspell or ranged OnRangedAttack -> luautils::additionalEffectAttack -> xi.additionalEffect.attack,DAMAGE,,,,,,LEGACY_ADDITIONAL_EFFECT_MAGIC_ACCURACY,NO_DSTAT_CONFIGURED,,,MAGICAL_DAMAGE_TIER_OR_LEGACY_HANDLER,,ELEMENTAL_LEGACY,,,,HANDLER_SPECIFIC,DAMAGE_PROFILE_SINGLE_PASS,DAMAGE_PROFILE_SINGLE_PASS,FAMILY_DEFAULT_OR_SCRIPT_RETURN,NONE_RECORDED,BLOCKED_WHEN_ITEM_LEVEL_EXCEEDS_MAIN_LEVEL,GLOBAL_ADDITIONAL_EFFECT,NO,,,HIGH,CONFIGURATION_ERROR,DAMAGE requires a valid nonzero element; DAMAGE requires positive ITEM_ADDEFFECT_DMG; invalid proc chance None; item-specific retail numerics
19132,twilight_knife,90,MAIN|SUB,DAGGER,ERA_UNRESOLVED,No introduction-era metadata exists in active repository item tables,SQL_MODIFIERS,sql/item_mods.sql:40022,,,,melee HandleEnspell or ranged OnRangedAttack -> luautils::additionalEffectAttack -> xi.additionalEffect.attack,DAMAGE,,,,,,LEGACY_ADDITIONAL_EFFECT_MAGIC_ACCURACY,NO_DSTAT_CONFIGURED,,,MAGICAL_DAMAGE_TIER_OR_LEGACY_HANDLER,,ELEMENTAL_LEGACY,,,,HANDLER_SPECIFIC,DAMAGE_PROFILE_SINGLE_PASS,DAMAGE_PROFILE_SINGLE_PASS,FAMILY_DEFAULT_OR_SCRIPT_RETURN,NONE_RECORDED,BLOCKED_WHEN_ITEM_LEVEL_EXCEEDS_MAIN_LEVEL,GLOBAL_ADDITIONAL_EFFECT,NO,,,HIGH,CONFIGURATION_ERROR,DAMAGE requires a valid nonzero element; DAMAGE requires positive ITEM_ADDEFFECT_DMG; invalid proc chance None; item-specific retail numerics
19140,mantodea_harpe,87,MAIN|SUB,DAGGER,ERA_UNRESOLVED,No introduction-era metadata exists in active repository item tables,SQL_MODIFIERS,sql/item_mods.sql:40047,,,,melee HandleEnspell or ranged OnRangedAttack -> luautils::additionalEffectAttack -> xi.additionalEffect.attack,DAMAGE,,,,,,LEGACY_ADDITIONAL_EFFECT_MAGIC_ACCURACY,NO_DSTAT_CONFIGURED,,,MAGICAL_DAMAGE_TIER_OR_LEGACY_HANDLER,,ELEMENTAL_LEGACY,,,,HANDLER_SPECIFIC,DAMAGE_PROFILE_SINGLE_PASS,DAMAGE_PROFILE_SINGLE_PASS,FAMILY_DEFAULT_OR_SCRIPT_RETURN,NONE_RECORDED,BLOCKED_WHEN_ITEM_LEVEL_EXCEEDS_MAIN_LEVEL,GLOBAL_ADDITIONAL_EFFECT,NO,,,HIGH,CONFIGURATION_ERROR,DAMAGE requires a valid nonzero element; DAMAGE requires positive ITEM_ADDEFFECT_DMG; invalid proc chance None; item-specific retail numerics
19160,estramacon,15,MAIN,GREAT_SWORD,ERA_UNRESOLVED,No introduction-era metadata exists in active repository item tables,SQL_MODIFIERS,sql/item_mods.sql:40105;sql/item_mods.sql:40106;sql/item_mods.sql:40107,,,,melee HandleEnspell or ranged OnRangedAttack -> luautils::additionalEffectAttack -> xi.additionalEffect.attack,TP_DRAIN,,5,,,,LEGACY_ADDITIONAL_EFFECT_MAGIC_ACCURACY,NO_DSTAT_CONFIGURED,,,MAGICAL_DAMAGE_TIER_OR_LEGACY_HANDLER,,ELEMENTAL_LEGACY,2,,,UNDEAD_GUARD,HANDLER_SPECIFIC,HANDLER_SPECIFIC,FAMILY_DEFAULT_OR_SCRIPT_RETURN,NONE_RECORDED,BLOCKED_WHEN_ITEM_LEVEL_EXCEEDS_MAIN_LEVEL,GLOBAL_ADDITIONAL_EFFECT,YES,,,HIGH_FRAMEWORK_LOW_RETAIL_NUMERICS,VERIFY_LIVE,"drain accuracy, scaling, and element"
19163,nightfall,75,MAIN,GREAT_SWORD,ERA_UNRESOLVED,No introduction-era metadata exists in active repository item tables,SQL_MODIFIERS,sql/item_mods.sql:40111;sql/item_mods.sql:40112;sql/item_mods.sql:40113;sql/item_mods.sql:40114;sql/item_mods.sql:40115;sql/item_mods.sql:40116,,,,melee HandleEnspell or ranged OnRangedAttack -> luautils::additionalEffectAttack -> xi.additionalEffect.attack,DEBUFF,STUN,5,,,,LEGACY_A_RANK,LEGACY_INT_DEFAULT,,,STATUS_MAGIC_TIER,,WEAPON_DMGTYPE_2,,10,EFFECT_28,STATUS_HELPERS,HANDLER_SPECIFIC,HANDLER_SPECIFIC,FAMILY_DEFAULT_OR_SCRIPT_RETURN,NONE_RECORDED,BLOCKED_WHEN_ITEM_LEVEL_EXCEEDS_MAIN_LEVEL,GLOBAL_ADDITIONAL_EFFECT,YES,,,HIGH_FRAMEWORK_LOW_RETAIL_NUMERICS,ERA_UNRESOLVED,item-specific retail numerics
19196,darkling_bolt,76,AMMO,MARKSMANSHIP,ERA_UNRESOLVED,No introduction-era metadata exists in active repository item tables,SQL_MODIFIERS+ITEM_SCRIPT,sql/item_mods.sql:40187;scripts/items/darkling_bolt.lua,,,,melee HandleEnspell or ranged OnRangedAttack -> luautils::OnItemAdditionalEffect -> onItemAdditionalEffect,SCRIPTED,,,,,,N/A,N/A,,,NONE_OR_HANDLER_SPECIFIC,,WEAPON_DMGTYPE_1,,,,HANDLER_SPECIFIC,HANDLER_SPECIFIC,HANDLER_SPECIFIC,FAMILY_DEFAULT_OR_SCRIPT_RETURN,NONE_RECORDED,BLOCKED_WHEN_ITEM_LEVEL_EXCEEDS_MAIN_LEVEL,PER_ITEM_LUA,YES,,,HIGH_FRAMEWORK_LOW_RETAIL_NUMERICS,VERIFY_LIVE,item-specific retail numerics
19210,pinch_of_stygian_ash,71,AMMO,THROWING,ERA_UNRESOLVED,No introduction-era metadata exists in active repository item tables,SQL_MODIFIERS,sql/item_mods.sql:40216;sql/item_mods.sql:40217;sql/item_mods.sql:40218;sql/item_mods.sql:40219;sql/item_mods.sql:40220,,,,melee HandleEnspell or ranged OnRangedAttack -> luautils::additionalEffectAttack -> xi.additionalEffect.attack,NM_SPECIFIC,NONE,100,,,,N/A,N/A,,,NONE_OR_HANDLER_SPECIFIC,NONE,ELEMENTAL_LEGACY,0,,,HANDLER_SPECIFIC,HANDLER_SPECIFIC,HANDLER_SPECIFIC,FAMILY_DEFAULT_OR_SCRIPT_RETURN,NM_NAME_AND_REQUIRED_ITEM,BLOCKED_WHEN_ITEM_LEVEL_EXCEEDS_MAIN_LEVEL,GLOBAL_ADDITIONAL_EFFECT,YES,,,HIGH_FRAMEWORK_LOW_RETAIL_NUMERICS,ERA_UNRESOLVED,item-specific retail numerics
19261,jinx_discus,83,RANGED,THROWING,ERA_UNRESOLVED,No introduction-era metadata exists in active repository item tables,SQL_MODIFIERS,sql/item_mods.sql:40373,,,,melee HandleEnspell or ranged OnRangedAttack -> luautils::additionalEffectAttack -> xi.additionalEffect.attack,DAMAGE,,,,,,LEGACY_ADDITIONAL_EFFECT_MAGIC_ACCURACY,NO_DSTAT_CONFIGURED,,,MAGICAL_DAMAGE_TIER_OR_LEGACY_HANDLER,,ELEMENTAL_LEGACY,,,,HANDLER_SPECIFIC,DAMAGE_PROFILE_SINGLE_PASS,DAMAGE_PROFILE_SINGLE_PASS,FAMILY_DEFAULT_OR_SCRIPT_RETURN,NONE_RECORDED,BLOCKED_WHEN_ITEM_LEVEL_EXCEEDS_MAIN_LEVEL,GLOBAL_ADDITIONAL_EFFECT,NO,,,HIGH,CONFIGURATION_ERROR,DAMAGE requires a valid nonzero element; DAMAGE requires positive ITEM_ADDEFFECT_DMG; invalid proc chance None; item-specific retail numerics
19296,ban,93,MAIN|SUB,KATANA,ERA_UNRESOLVED,No introduction-era metadata exists in active repository item tables,SQL_MODIFIERS,sql/item_mods.sql:40476,,,,melee HandleEnspell or ranged OnRangedAttack -> luautils::additionalEffectAttack -> xi.additionalEffect.attack,DAMAGE,,,,,,LEGACY_ADDITIONAL_EFFECT_MAGIC_ACCURACY,NO_DSTAT_CONFIGURED,,,MAGICAL_DAMAGE_TIER_OR_LEGACY_HANDLER,,ELEMENTAL_LEGACY,,,,HANDLER_SPECIFIC,DAMAGE_PROFILE_SINGLE_PASS,DAMAGE_PROFILE_SINGLE_PASS,FAMILY_DEFAULT_OR_SCRIPT_RETURN,NONE_RECORDED,BLOCKED_WHEN_ITEM_LEVEL_EXCEEDS_MAIN_LEVEL,GLOBAL_ADDITIONAL_EFFECT,NO,,,HIGH,CONFIGURATION_ERROR,DAMAGE requires a valid nonzero element; DAMAGE requires positive ITEM_ADDEFFECT_DMG; invalid proc chance None; item-specific retail numerics
19315,erebuss_lance,81,MAIN,POLEARM,ERA_UNRESOLVED,No introduction-era metadata exists in active repository item tables,SQL_MODIFIERS,sql/item_mods.sql:40510,,,,melee HandleEnspell or ranged OnRangedAttack -> luautils::additionalEffectAttack -> xi.additionalEffect.attack,DAMAGE,,,,,,LEGACY_ADDITIONAL_EFFECT_MAGIC_ACCURACY,NO_DSTAT_CONFIGURED,,,MAGICAL_DAMAGE_TIER_OR_LEGACY_HANDLER,,ELEMENTAL_LEGACY,,,,HANDLER_SPECIFIC,DAMAGE_PROFILE_SINGLE_PASS,DAMAGE_PROFILE_SINGLE_PASS,FAMILY_DEFAULT_OR_SCRIPT_RETURN,NONE_RECORDED,BLOCKED_WHEN_ITEM_LEVEL_EXCEEDS_MAIN_LEVEL,GLOBAL_ADDITIONAL_EFFECT,NO,,,HIGH,CONFIGURATION_ERROR,DAMAGE requires a valid nonzero element; DAMAGE requires positive ITEM_ADDEFFECT_DMG; invalid proc chance None; item-specific retail numerics
19316,fetter_lance,81,MAIN,POLEARM,ERA_UNRESOLVED,No introduction-era metadata exists in active repository item tables,SQL_MODIFIERS,sql/item_mods.sql:40514,,,,melee HandleEnspell or ranged OnRangedAttack -> luautils::additionalEffectAttack -> xi.additionalEffect.attack,DAMAGE,,,,,,LEGACY_ADDITIONAL_EFFECT_MAGIC_ACCURACY,NO_DSTAT_CONFIGURED,,,MAGICAL_DAMAGE_TIER_OR_LEGACY_HANDLER,,ELEMENTAL_LEGACY,,,,HANDLER_SPECIFIC,DAMAGE_PROFILE_SINGLE_PASS,DAMAGE_PROFILE_SINGLE_PASS,FAMILY_DEFAULT_OR_SCRIPT_RETURN,NONE_RECORDED,BLOCKED_WHEN_ITEM_LEVEL_EXCEEDS_MAIN_LEVEL,GLOBAL_ADDITIONAL_EFFECT,NO,,,HIGH,CONFIGURATION_ERROR,DAMAGE requires a valid nonzero element; DAMAGE requires positive ITEM_ADDEFFECT_DMG; invalid proc chance None; item-specific retail numerics
19627,tizona_90,90,MAIN|SUB,SWORD,ERA_UNRESOLVED,No introduction-era metadata exists in active repository item tables,SQL_MODIFIERS,sql/item_mods.sql:40783,,,,melee HandleEnspell or ranged OnRangedAttack -> luautils::additionalEffectAttack -> xi.additionalEffect.attack,DAMAGE,,,,,,LEGACY_ADDITIONAL_EFFECT_MAGIC_ACCURACY,NO_DSTAT_CONFIGURED,,,MAGICAL_DAMAGE_TIER_OR_LEGACY_HANDLER,,ELEMENTAL_LEGACY,,,,HANDLER_SPECIFIC,DAMAGE_PROFILE_SINGLE_PASS,DAMAGE_PROFILE_SINGLE_PASS,FAMILY_DEFAULT_OR_SCRIPT_RETURN,NONE_RECORDED,BLOCKED_WHEN_ITEM_LEVEL_EXCEEDS_MAIN_LEVEL,GLOBAL_ADDITIONAL_EFFECT,NO,,,HIGH,CONFIGURATION_ERROR,DAMAGE requires a valid nonzero element; DAMAGE requires positive ITEM_ADDEFFECT_DMG; invalid proc chance None; item-specific retail numerics
19725,tizona_95,95,MAIN|SUB,SWORD,ERA_UNRESOLVED,No introduction-era metadata exists in active repository item tables,SQL_MODIFIERS,sql/item_mods.sql:41000,,,,melee HandleEnspell or ranged OnRangedAttack -> luautils::additionalEffectAttack -> xi.additionalEffect.attack,DAMAGE,,,,,,LEGACY_ADDITIONAL_EFFECT_MAGIC_ACCURACY,NO_DSTAT_CONFIGURED,,,MAGICAL_DAMAGE_TIER_OR_LEGACY_HANDLER,,ELEMENTAL_LEGACY,,,,HANDLER_SPECIFIC,DAMAGE_PROFILE_SINGLE_PASS,DAMAGE_PROFILE_SINGLE_PASS,FAMILY_DEFAULT_OR_SCRIPT_RETURN,NONE_RECORDED,BLOCKED_WHEN_ITEM_LEVEL_EXCEEDS_MAIN_LEVEL,GLOBAL_ADDITIONAL_EFFECT,NO,,,HIGH,CONFIGURATION_ERROR,DAMAGE requires a valid nonzero element; DAMAGE requires positive ITEM_ADDEFFECT_DMG; invalid proc chance None; item-specific retail numerics
19747,mandau_99,99,MAIN|SUB,DAGGER,ERA_UNRESOLVED,No introduction-era metadata exists in active repository item tables,SQL_MODIFIERS,sql/item_mods.sql:41107,,,,melee HandleEnspell or ranged OnRangedAttack -> luautils::additionalEffectAttack -> xi.additionalEffect.attack,DAMAGE,,,,,,LEGACY_ADDITIONAL_EFFECT_MAGIC_ACCURACY,NO_DSTAT_CONFIGURED,,,MAGICAL_DAMAGE_TIER_OR_LEGACY_HANDLER,,ELEMENTAL_LEGACY,,,,HANDLER_SPECIFIC,DAMAGE_PROFILE_SINGLE_PASS,DAMAGE_PROFILE_SINGLE_PASS,FAMILY_DEFAULT_OR_SCRIPT_RETURN,NONE_RECORDED,BLOCKED_WHEN_ITEM_LEVEL_EXCEEDS_MAIN_LEVEL,GLOBAL_ADDITIONAL_EFFECT,NO,,,HIGH,CONFIGURATION_ERROR,DAMAGE requires a valid nonzero element; DAMAGE requires positive ITEM_ADDEFFECT_DMG; invalid proc chance None; item-specific retail numerics
19748,excalibur_99,99,MAIN|SUB,SWORD,ERA_UNRESOLVED,No introduction-era metadata exists in active repository item tables,SQL_MODIFIERS+ITEM_SCRIPT,sql/item_mods.sql:41116;sql/item_mods.sql:41117;scripts/items/excalibur_99.lua,,,,melee HandleEnspell or ranged OnRangedAttack -> luautils::OnItemAdditionalEffect -> onItemAdditionalEffect,SCRIPTED,,,,,,N/A,N/A,,,NONE_OR_HANDLER_SPECIFIC,,WEAPON_DMGTYPE_2,,,,HANDLER_SPECIFIC,HANDLER_SPECIFIC,HANDLER_SPECIFIC,FAMILY_DEFAULT_OR_SCRIPT_RETURN,NONE_RECORDED,BLOCKED_WHEN_ITEM_LEVEL_EXCEEDS_MAIN_LEVEL,PER_ITEM_LUA,YES,,,HIGH_FRAMEWORK_LOW_RETAIL_NUMERICS,VERIFY_LIVE,item-specific retail numerics
19750,guttler_99,99,MAIN|SUB,AXE,ERA_UNRESOLVED,No introduction-era metadata exists in active repository item tables,SQL_MODIFIERS,sql/item_mods.sql:41135,,,,melee HandleEnspell or ranged OnRangedAttack -> luautils::additionalEffectAttack -> xi.additionalEffect.attack,DAMAGE,,,,,,LEGACY_ADDITIONAL_EFFECT_MAGIC_ACCURACY,NO_DSTAT_CONFIGURED,,,MAGICAL_DAMAGE_TIER_OR_LEGACY_HANDLER,,ELEMENTAL_LEGACY,,,,HANDLER_SPECIFIC,DAMAGE_PROFILE_SINGLE_PASS,DAMAGE_PROFILE_SINGLE_PASS,FAMILY_DEFAULT_OR_SCRIPT_RETURN,NONE_RECORDED,BLOCKED_WHEN_ITEM_LEVEL_EXCEEDS_MAIN_LEVEL,GLOBAL_ADDITIONAL_EFFECT,NO,,,HIGH,CONFIGURATION_ERROR,DAMAGE requires a valid nonzero element; DAMAGE requires positive ITEM_ADDEFFECT_DMG; invalid proc chance None; item-specific retail numerics
19751,bravura_99,99,MAIN,GREAT_AXE,ERA_UNRESOLVED,No introduction-era metadata exists in active repository item tables,SQL_MODIFIERS,sql/item_mods.sql:41144,,,,melee HandleEnspell or ranged OnRangedAttack -> luautils::additionalEffectAttack -> xi.additionalEffect.attack,DAMAGE,,,,,,LEGACY_ADDITIONAL_EFFECT_MAGIC_ACCURACY,NO_DSTAT_CONFIGURED,,,MAGICAL_DAMAGE_TIER_OR_LEGACY_HANDLER,,ELEMENTAL_LEGACY,,,,HANDLER_SPECIFIC,DAMAGE_PROFILE_SINGLE_PASS,DAMAGE_PROFILE_SINGLE_PASS,FAMILY_DEFAULT_OR_SCRIPT_RETURN,NONE_RECORDED,BLOCKED_WHEN_ITEM_LEVEL_EXCEEDS_MAIN_LEVEL,GLOBAL_ADDITIONAL_EFFECT,NO,,,HIGH,CONFIGURATION_ERROR,DAMAGE requires a valid nonzero element; DAMAGE requires positive ITEM_ADDEFFECT_DMG; invalid proc chance None; item-specific retail numerics
19752,gungnir_99,99,MAIN,POLEARM,ERA_UNRESOLVED,No introduction-era metadata exists in active repository item tables,SQL_MODIFIERS,sql/item_mods.sql:41153,,,,melee HandleEnspell or ranged OnRangedAttack -> luautils::additionalEffectAttack -> xi.additionalEffect.attack,DAMAGE,,,,,,LEGACY_ADDITIONAL_EFFECT_MAGIC_ACCURACY,NO_DSTAT_CONFIGURED,,,MAGICAL_DAMAGE_TIER_OR_LEGACY_HANDLER,,ELEMENTAL_LEGACY,,,,HANDLER_SPECIFIC,DAMAGE_PROFILE_SINGLE_PASS,DAMAGE_PROFILE_SINGLE_PASS,FAMILY_DEFAULT_OR_SCRIPT_RETURN,NONE_RECORDED,BLOCKED_WHEN_ITEM_LEVEL_EXCEEDS_MAIN_LEVEL,GLOBAL_ADDITIONAL_EFFECT,NO,,,HIGH,CONFIGURATION_ERROR,DAMAGE requires a valid nonzero element; DAMAGE requires positive ITEM_ADDEFFECT_DMG; invalid proc chance None; item-specific retail numerics
19753,apocalypse_99,99,MAIN,SCYTHE,ERA_UNRESOLVED,No introduction-era metadata exists in active repository item tables,SQL_MODIFIERS,sql/item_mods.sql:41162,,,,melee HandleEnspell or ranged OnRangedAttack -> luautils::additionalEffectAttack -> xi.additionalEffect.attack,DAMAGE,,,,,,LEGACY_ADDITIONAL_EFFECT_MAGIC_ACCURACY,NO_DSTAT_CONFIGURED,,,MAGICAL_DAMAGE_TIER_OR_LEGACY_HANDLER,,ELEMENTAL_LEGACY,,,,HANDLER_SPECIFIC,DAMAGE_PROFILE_SINGLE_PASS,DAMAGE_PROFILE_SINGLE_PASS,FAMILY_DEFAULT_OR_SCRIPT_RETURN,NONE_RECORDED,BLOCKED_WHEN_ITEM_LEVEL_EXCEEDS_MAIN_LEVEL,GLOBAL_ADDITIONAL_EFFECT,NO,,,HIGH,CONFIGURATION_ERROR,DAMAGE requires a valid nonzero element; DAMAGE requires positive ITEM_ADDEFFECT_DMG; invalid proc chance None; item-specific retail numerics
19754,kikoku_99,99,MAIN|SUB,KATANA,ERA_UNRESOLVED,No introduction-era metadata exists in active repository item tables,SQL_MODIFIERS,sql/item_mods.sql:41171,,,,melee HandleEnspell or ranged OnRangedAttack -> luautils::additionalEffectAttack -> xi.additionalEffect.attack,DAMAGE,,,,,,LEGACY_ADDITIONAL_EFFECT_MAGIC_ACCURACY,NO_DSTAT_CONFIGURED,,,MAGICAL_DAMAGE_TIER_OR_LEGACY_HANDLER,,ELEMENTAL_LEGACY,,,,HANDLER_SPECIFIC,DAMAGE_PROFILE_SINGLE_PASS,DAMAGE_PROFILE_SINGLE_PASS,FAMILY_DEFAULT_OR_SCRIPT_RETURN,NONE_RECORDED,BLOCKED_WHEN_ITEM_LEVEL_EXCEEDS_MAIN_LEVEL,GLOBAL_ADDITIONAL_EFFECT,NO,,,HIGH,CONFIGURATION_ERROR,DAMAGE requires a valid nonzero element; DAMAGE requires positive ITEM_ADDEFFECT_DMG; invalid proc chance None; item-specific retail numerics
19755,amanomurakumo_99,99,MAIN,GREAT_KATANA,ERA_UNRESOLVED,No introduction-era metadata exists in active repository item tables,SQL_MODIFIERS,sql/item_mods.sql:41180,,,,melee HandleEnspell or ranged OnRangedAttack -> luautils::additionalEffectAttack -> xi.additionalEffect.attack,DAMAGE,,,,,,LEGACY_ADDITIONAL_EFFECT_MAGIC_ACCURACY,NO_DSTAT_CONFIGURED,,,MAGICAL_DAMAGE_TIER_OR_LEGACY_HANDLER,,ELEMENTAL_LEGACY,,,,HANDLER_SPECIFIC,DAMAGE_PROFILE_SINGLE_PASS,DAMAGE_PROFILE_SINGLE_PASS,FAMILY_DEFAULT_OR_SCRIPT_RETURN,NONE_RECORDED,BLOCKED_WHEN_ITEM_LEVEL_EXCEEDS_MAIN_LEVEL,GLOBAL_ADDITIONAL_EFFECT,NO,,,HIGH,CONFIGURATION_ERROR,DAMAGE requires a valid nonzero element; DAMAGE requires positive ITEM_ADDEFFECT_DMG; invalid proc chance None; item-specific retail numerics
19756,mjollnir_99,99,MAIN|SUB,CLUB,ERA_UNRESOLVED,No introduction-era metadata exists in active repository item tables,SQL_MODIFIERS,sql/item_mods.sql:41189,,,,melee HandleEnspell or ranged OnRangedAttack -> luautils::additionalEffectAttack -> xi.additionalEffect.attack,DAMAGE,,,,,,LEGACY_ADDITIONAL_EFFECT_MAGIC_ACCURACY,NO_DSTAT_CONFIGURED,,,MAGICAL_DAMAGE_TIER_OR_LEGACY_HANDLER,,ELEMENTAL_LEGACY,,,,HANDLER_SPECIFIC,DAMAGE_PROFILE_SINGLE_PASS,DAMAGE_PROFILE_SINGLE_PASS,FAMILY_DEFAULT_OR_SCRIPT_RETURN,NONE_RECORDED,BLOCKED_WHEN_ITEM_LEVEL_EXCEEDS_MAIN_LEVEL,GLOBAL_ADDITIONAL_EFFECT,NO,,,HIGH,CONFIGURATION_ERROR,DAMAGE requires a valid nonzero element; DAMAGE requires positive ITEM_ADDEFFECT_DMG; invalid proc chance None; item-specific retail numerics
19757,claustrum_99,99,MAIN,STAFF,ERA_UNRESOLVED,No introduction-era metadata exists in active repository item tables,SQL_MODIFIERS,sql/item_mods.sql:41198,,,,melee HandleEnspell or ranged OnRangedAttack -> luautils::additionalEffectAttack -> xi.additionalEffect.attack,DAMAGE,,,,,,LEGACY_ADDITIONAL_EFFECT_MAGIC_ACCURACY,NO_DSTAT_CONFIGURED,,,MAGICAL_DAMAGE_TIER_OR_LEGACY_HANDLER,,ELEMENTAL_LEGACY,,,,HANDLER_SPECIFIC,DAMAGE_PROFILE_SINGLE_PASS,DAMAGE_PROFILE_SINGLE_PASS,FAMILY_DEFAULT_OR_SCRIPT_RETURN,NONE_RECORDED,BLOCKED_WHEN_ITEM_LEVEL_EXCEEDS_MAIN_LEVEL,GLOBAL_ADDITIONAL_EFFECT,NO,,,HIGH,CONFIGURATION_ERROR,DAMAGE requires a valid nonzero element; DAMAGE requires positive ITEM_ADDEFFECT_DMG; invalid proc chance None; item-specific retail numerics
19795,ereptor_lance,99,MAIN,POLEARM,ERA_UNRESOLVED,No introduction-era metadata exists in active repository item tables,SQL_MODIFIERS,sql/item_mods.sql:41361;sql/item_mods.sql:41362;sql/item_mods.sql:41363,,,,melee HandleEnspell or ranged OnRangedAttack -> luautils::additionalEffectAttack -> xi.additionalEffect.attack,TP_DRAIN,,8,,,,LEGACY_ADDITIONAL_EFFECT_MAGIC_ACCURACY,NO_DSTAT_CONFIGURED,,,MAGICAL_DAMAGE_TIER_OR_LEGACY_HANDLER,,ELEMENTAL_LEGACY,2,,,UNDEAD_GUARD,HANDLER_SPECIFIC,HANDLER_SPECIFIC,FAMILY_DEFAULT_OR_SCRIPT_RETURN,NONE_RECORDED,BLOCKED_WHEN_ITEM_LEVEL_EXCEEDS_MAIN_LEVEL,GLOBAL_ADDITIONAL_EFFECT,YES,,,HIGH_FRAMEWORK_LOW_RETAIL_NUMERICS,VERIFY_LIVE,"drain accuracy, scaling, and element"
19796,rosschinder,97,MAIN,POLEARM,ERA_UNRESOLVED,No introduction-era metadata exists in active repository item tables,SQL_MODIFIERS,sql/item_mods.sql:41368;sql/item_mods.sql:41369;sql/item_mods.sql:41370,,,,melee HandleEnspell or ranged OnRangedAttack -> luautils::additionalEffectAttack -> xi.additionalEffect.attack,DEBUFF,,,,,,LEGACY_A_RANK,LEGACY_INT_DEFAULT,,,STATUS_MAGIC_TIER,,WEAPON_DMGTYPE_1,,30,PARALYSIS,STATUS_HELPERS,HANDLER_SPECIFIC,HANDLER_SPECIFIC,FAMILY_DEFAULT_OR_SCRIPT_RETURN,NONE_RECORDED,BLOCKED_WHEN_ITEM_LEVEL_EXCEEDS_MAIN_LEVEL,GLOBAL_ADDITIONAL_EFFECT,NO,,,HIGH,CONFIGURATION_ERROR,invalid proc chance None; item-specific retail numerics
19797,rosschinder_+1,97,MAIN,POLEARM,ERA_UNRESOLVED,No introduction-era metadata exists in active repository item tables,SQL_MODIFIERS,sql/item_mods.sql:41375;sql/item_mods.sql:41376;sql/item_mods.sql:41377,,,,melee HandleEnspell or ranged OnRangedAttack -> luautils::additionalEffectAttack -> xi.additionalEffect.attack,DEBUFF,,,,,,LEGACY_A_RANK,LEGACY_INT_DEFAULT,,,STATUS_MAGIC_TIER,,WEAPON_DMGTYPE_1,,30,PARALYSIS,STATUS_HELPERS,HANDLER_SPECIFIC,HANDLER_SPECIFIC,FAMILY_DEFAULT_OR_SCRIPT_RETURN,NONE_RECORDED,BLOCKED_WHEN_ITEM_LEVEL_EXCEEDS_MAIN_LEVEL,GLOBAL_ADDITIONAL_EFFECT,NO,,,HIGH,CONFIGURATION_ERROR,invalid proc chance None; item-specific retail numerics
19834,tizona_99,99,MAIN|SUB,SWORD,ERA_UNRESOLVED,No introduction-era metadata exists in active repository item tables,SQL_MODIFIERS,sql/item_mods.sql:41579,,,,melee HandleEnspell or ranged OnRangedAttack -> luautils::additionalEffectAttack -> xi.additionalEffect.attack,DAMAGE,,,,,,LEGACY_ADDITIONAL_EFFECT_MAGIC_ACCURACY,NO_DSTAT_CONFIGURED,,,MAGICAL_DAMAGE_TIER_OR_LEGACY_HANDLER,,ELEMENTAL_LEGACY,,,,HANDLER_SPECIFIC,DAMAGE_PROFILE_SINGLE_PASS,DAMAGE_PROFILE_SINGLE_PASS,FAMILY_DEFAULT_OR_SCRIPT_RETURN,NONE_RECORDED,BLOCKED_WHEN_ITEM_LEVEL_EXCEEDS_MAIN_LEVEL,GLOBAL_ADDITIONAL_EFFECT,NO,,,HIGH,CONFIGURATION_ERROR,DAMAGE requires a valid nonzero element; DAMAGE requires positive ITEM_ADDEFFECT_DMG; invalid proc chance None; item-specific retail numerics
19840,mandau_99_ii,99,MAIN|SUB,DAGGER,ERA_UNRESOLVED,No introduction-era metadata exists in active repository item tables,SQL_MODIFIERS,sql/item_mods.sql:41624,,,,melee HandleEnspell or ranged OnRangedAttack -> luautils::additionalEffectAttack -> xi.additionalEffect.attack,DAMAGE,,,,,,LEGACY_ADDITIONAL_EFFECT_MAGIC_ACCURACY,NO_DSTAT_CONFIGURED,,,MAGICAL_DAMAGE_TIER_OR_LEGACY_HANDLER,,ELEMENTAL_LEGACY,,,,HANDLER_SPECIFIC,DAMAGE_PROFILE_SINGLE_PASS,DAMAGE_PROFILE_SINGLE_PASS,FAMILY_DEFAULT_OR_SCRIPT_RETURN,NONE_RECORDED,BLOCKED_WHEN_ITEM_LEVEL_EXCEEDS_MAIN_LEVEL,GLOBAL_ADDITIONAL_EFFECT,NO,,,HIGH,CONFIGURATION_ERROR,DAMAGE requires a valid nonzero element; DAMAGE requires positive ITEM_ADDEFFECT_DMG; invalid proc chance None; item-specific retail numerics
19841,excalibur_99_ii,99,MAIN|SUB,SWORD,ERA_UNRESOLVED,No introduction-era metadata exists in active repository item tables,SQL_MODIFIERS+ITEM_SCRIPT,sql/item_mods.sql:41633;sql/item_mods.sql:41634;scripts/items/excalibur_99_ii.lua,,,,melee HandleEnspell or ranged OnRangedAttack -> luautils::OnItemAdditionalEffect -> onItemAdditionalEffect,SCRIPTED,,,,,,N/A,N/A,,,NONE_OR_HANDLER_SPECIFIC,,WEAPON_DMGTYPE_2,,,,HANDLER_SPECIFIC,HANDLER_SPECIFIC,HANDLER_SPECIFIC,FAMILY_DEFAULT_OR_SCRIPT_RETURN,NONE_RECORDED,BLOCKED_WHEN_ITEM_LEVEL_EXCEEDS_MAIN_LEVEL,PER_ITEM_LUA,YES,,,HIGH_FRAMEWORK_LOW_RETAIL_NUMERICS,VERIFY_LIVE,item-specific retail numerics
19843,guttler_99_ii,99,MAIN|SUB,AXE,ERA_UNRESOLVED,No introduction-era metadata exists in active repository item tables,SQL_MODIFIERS,sql/item_mods.sql:41652,,,,melee HandleEnspell or ranged OnRangedAttack -> luautils::additionalEffectAttack -> xi.additionalEffect.attack,DAMAGE,,,,,,LEGACY_ADDITIONAL_EFFECT_MAGIC_ACCURACY,NO_DSTAT_CONFIGURED,,,MAGICAL_DAMAGE_TIER_OR_LEGACY_HANDLER,,ELEMENTAL_LEGACY,,,,HANDLER_SPECIFIC,DAMAGE_PROFILE_SINGLE_PASS,DAMAGE_PROFILE_SINGLE_PASS,FAMILY_DEFAULT_OR_SCRIPT_RETURN,NONE_RECORDED,BLOCKED_WHEN_ITEM_LEVEL_EXCEEDS_MAIN_LEVEL,GLOBAL_ADDITIONAL_EFFECT,NO,,,HIGH,CONFIGURATION_ERROR,DAMAGE requires a valid nonzero element; DAMAGE requires positive ITEM_ADDEFFECT_DMG; invalid proc chance None; item-specific retail numerics
19844,bravura_99_ii,99,MAIN,GREAT_AXE,ERA_UNRESOLVED,No introduction-era metadata exists in active repository item tables,SQL_MODIFIERS,sql/item_mods.sql:41661,,,,melee HandleEnspell or ranged OnRangedAttack -> luautils::additionalEffectAttack -> xi.additionalEffect.attack,DAMAGE,,,,,,LEGACY_ADDITIONAL_EFFECT_MAGIC_ACCURACY,NO_DSTAT_CONFIGURED,,,MAGICAL_DAMAGE_TIER_OR_LEGACY_HANDLER,,ELEMENTAL_LEGACY,,,,HANDLER_SPECIFIC,DAMAGE_PROFILE_SINGLE_PASS,DAMAGE_PROFILE_SINGLE_PASS,FAMILY_DEFAULT_OR_SCRIPT_RETURN,NONE_RECORDED,BLOCKED_WHEN_ITEM_LEVEL_EXCEEDS_MAIN_LEVEL,GLOBAL_ADDITIONAL_EFFECT,NO,,,HIGH,CONFIGURATION_ERROR,DAMAGE requires a valid nonzero element; DAMAGE requires positive ITEM_ADDEFFECT_DMG; invalid proc chance None; item-specific retail numerics
19845,gungnir_99_ii,99,MAIN,POLEARM,ERA_UNRESOLVED,No introduction-era metadata exists in active repository item tables,SQL_MODIFIERS,sql/item_mods.sql:41670,,,,melee HandleEnspell or ranged OnRangedAttack -> luautils::additionalEffectAttack -> xi.additionalEffect.attack,DAMAGE,,,,,,LEGACY_ADDITIONAL_EFFECT_MAGIC_ACCURACY,NO_DSTAT_CONFIGURED,,,MAGICAL_DAMAGE_TIER_OR_LEGACY_HANDLER,,ELEMENTAL_LEGACY,,,,HANDLER_SPECIFIC,DAMAGE_PROFILE_SINGLE_PASS,DAMAGE_PROFILE_SINGLE_PASS,FAMILY_DEFAULT_OR_SCRIPT_RETURN,NONE_RECORDED,BLOCKED_WHEN_ITEM_LEVEL_EXCEEDS_MAIN_LEVEL,GLOBAL_ADDITIONAL_EFFECT,NO,,,HIGH,CONFIGURATION_ERROR,DAMAGE requires a valid nonzero element; DAMAGE requires positive ITEM_ADDEFFECT_DMG; invalid proc chance None; item-specific retail numerics
19846,apocalypse_99_ii,99,MAIN,SCYTHE,ERA_UNRESOLVED,No introduction-era metadata exists in active repository item tables,SQL_MODIFIERS,sql/item_mods.sql:41679,,,,melee HandleEnspell or ranged OnRangedAttack -> luautils::additionalEffectAttack -> xi.additionalEffect.attack,DAMAGE,,,,,,LEGACY_ADDITIONAL_EFFECT_MAGIC_ACCURACY,NO_DSTAT_CONFIGURED,,,MAGICAL_DAMAGE_TIER_OR_LEGACY_HANDLER,,ELEMENTAL_LEGACY,,,,HANDLER_SPECIFIC,DAMAGE_PROFILE_SINGLE_PASS,DAMAGE_PROFILE_SINGLE_PASS,FAMILY_DEFAULT_OR_SCRIPT_RETURN,NONE_RECORDED,BLOCKED_WHEN_ITEM_LEVEL_EXCEEDS_MAIN_LEVEL,GLOBAL_ADDITIONAL_EFFECT,NO,,,HIGH,CONFIGURATION_ERROR,DAMAGE requires a valid nonzero element; DAMAGE requires positive ITEM_ADDEFFECT_DMG; invalid proc chance None; item-specific retail numerics
19847,kikoku_99_ii,99,MAIN|SUB,KATANA,ERA_UNRESOLVED,No introduction-era metadata exists in active repository item tables,SQL_MODIFIERS,sql/item_mods.sql:41688,,,,melee HandleEnspell or ranged OnRangedAttack -> luautils::additionalEffectAttack -> xi.additionalEffect.attack,DAMAGE,,,,,,LEGACY_ADDITIONAL_EFFECT_MAGIC_ACCURACY,NO_DSTAT_CONFIGURED,,,MAGICAL_DAMAGE_TIER_OR_LEGACY_HANDLER,,ELEMENTAL_LEGACY,,,,HANDLER_SPECIFIC,DAMAGE_PROFILE_SINGLE_PASS,DAMAGE_PROFILE_SINGLE_PASS,FAMILY_DEFAULT_OR_SCRIPT_RETURN,NONE_RECORDED,BLOCKED_WHEN_ITEM_LEVEL_EXCEEDS_MAIN_LEVEL,GLOBAL_ADDITIONAL_EFFECT,NO,,,HIGH,CONFIGURATION_ERROR,DAMAGE requires a valid nonzero element; DAMAGE requires positive ITEM_ADDEFFECT_DMG; invalid proc chance None; item-specific retail numerics
19848,amanomurakumo_99_ii,99,MAIN,GREAT_KATANA,ERA_UNRESOLVED,No introduction-era metadata exists in active repository item tables,SQL_MODIFIERS,sql/item_mods.sql:41697,,,,melee HandleEnspell or ranged OnRangedAttack -> luautils::additionalEffectAttack -> xi.additionalEffect.attack,DAMAGE,,,,,,LEGACY_ADDITIONAL_EFFECT_MAGIC_ACCURACY,NO_DSTAT_CONFIGURED,,,MAGICAL_DAMAGE_TIER_OR_LEGACY_HANDLER,,ELEMENTAL_LEGACY,,,,HANDLER_SPECIFIC,DAMAGE_PROFILE_SINGLE_PASS,DAMAGE_PROFILE_SINGLE_PASS,FAMILY_DEFAULT_OR_SCRIPT_RETURN,NONE_RECORDED,BLOCKED_WHEN_ITEM_LEVEL_EXCEEDS_MAIN_LEVEL,GLOBAL_ADDITIONAL_EFFECT,NO,,,HIGH,CONFIGURATION_ERROR,DAMAGE requires a valid nonzero element; DAMAGE requires positive ITEM_ADDEFFECT_DMG; invalid proc chance None; item-specific retail numerics
19849,mjollnir_99_ii,99,MAIN|SUB,CLUB,ERA_UNRESOLVED,No introduction-era metadata exists in active repository item tables,SQL_MODIFIERS,sql/item_mods.sql:41706,,,,melee HandleEnspell or ranged OnRangedAttack -> luautils::additionalEffectAttack -> xi.additionalEffect.attack,DAMAGE,,,,,,LEGACY_ADDITIONAL_EFFECT_MAGIC_ACCURACY,NO_DSTAT_CONFIGURED,,,MAGICAL_DAMAGE_TIER_OR_LEGACY_HANDLER,,ELEMENTAL_LEGACY,,,,HANDLER_SPECIFIC,DAMAGE_PROFILE_SINGLE_PASS,DAMAGE_PROFILE_SINGLE_PASS,FAMILY_DEFAULT_OR_SCRIPT_RETURN,NONE_RECORDED,BLOCKED_WHEN_ITEM_LEVEL_EXCEEDS_MAIN_LEVEL,GLOBAL_ADDITIONAL_EFFECT,NO,,,HIGH,CONFIGURATION_ERROR,DAMAGE requires a valid nonzero element; DAMAGE requires positive ITEM_ADDEFFECT_DMG; invalid proc chance None; item-specific retail numerics
19850,claustrum_99_ii,99,MAIN,STAFF,ERA_UNRESOLVED,No introduction-era metadata exists in active repository item tables,SQL_MODIFIERS,sql/item_mods.sql:41715,,,,melee HandleEnspell or ranged OnRangedAttack -> luautils::additionalEffectAttack -> xi.additionalEffect.attack,DAMAGE,,,,,,LEGACY_ADDITIONAL_EFFECT_MAGIC_ACCURACY,NO_DSTAT_CONFIGURED,,,MAGICAL_DAMAGE_TIER_OR_LEGACY_HANDLER,,ELEMENTAL_LEGACY,,,,HANDLER_SPECIFIC,DAMAGE_PROFILE_SINGLE_PASS,DAMAGE_PROFILE_SINGLE_PASS,FAMILY_DEFAULT_OR_SCRIPT_RETURN,NONE_RECORDED,BLOCKED_WHEN_ITEM_LEVEL_EXCEEDS_MAIN_LEVEL,GLOBAL_ADDITIONAL_EFFECT,NO,,,HIGH,CONFIGURATION_ERROR,DAMAGE requires a valid nonzero element; DAMAGE requires positive ITEM_ADDEFFECT_DMG; invalid proc chance None; item-specific retail numerics
19963,tizona_99_ii,99,MAIN|SUB,SWORD,ERA_UNRESOLVED,No introduction-era metadata exists in active repository item tables,SQL_MODIFIERS,sql/item_mods.sql:41926,,,,melee HandleEnspell or ranged OnRangedAttack -> luautils::additionalEffectAttack -> xi.additionalEffect.attack,DAMAGE,,,,,,LEGACY_ADDITIONAL_EFFECT_MAGIC_ACCURACY,NO_DSTAT_CONFIGURED,,,MAGICAL_DAMAGE_TIER_OR_LEGACY_HANDLER,,ELEMENTAL_LEGACY,,,,HANDLER_SPECIFIC,DAMAGE_PROFILE_SINGLE_PASS,DAMAGE_PROFILE_SINGLE_PASS,FAMILY_DEFAULT_OR_SCRIPT_RETURN,NONE_RECORDED,BLOCKED_WHEN_ITEM_LEVEL_EXCEEDS_MAIN_LEVEL,GLOBAL_ADDITIONAL_EFFECT,NO,,,HIGH,CONFIGURATION_ERROR,DAMAGE requires a valid nonzero element; DAMAGE requires positive ITEM_ADDEFFECT_DMG; invalid proc chance None; item-specific retail numerics
20555,mandau_119,99,MAIN|SUB,DAGGER,ERA_UNRESOLVED,No introduction-era metadata exists in active repository item tables,SQL_MODIFIERS,sql/item_mods.sql:42225,,,,melee HandleEnspell or ranged OnRangedAttack -> luautils::additionalEffectAttack -> xi.additionalEffect.attack,DAMAGE,,,,,,LEGACY_ADDITIONAL_EFFECT_MAGIC_ACCURACY,NO_DSTAT_CONFIGURED,,,MAGICAL_DAMAGE_TIER_OR_LEGACY_HANDLER,,ELEMENTAL_LEGACY,,,,HANDLER_SPECIFIC,DAMAGE_PROFILE_SINGLE_PASS,DAMAGE_PROFILE_SINGLE_PASS,FAMILY_DEFAULT_OR_SCRIPT_RETURN,NONE_RECORDED,BLOCKED_WHEN_ITEM_LEVEL_EXCEEDS_MAIN_LEVEL,GLOBAL_ADDITIONAL_EFFECT,NO,,,HIGH,CONFIGURATION_ERROR,DAMAGE requires a valid nonzero element; DAMAGE requires positive ITEM_ADDEFFECT_DMG; invalid proc chance None; item-specific retail numerics
20556,mandau_119_ii,99,MAIN|SUB,DAGGER,ERA_UNRESOLVED,No introduction-era metadata exists in active repository item tables,SQL_MODIFIERS,sql/item_mods.sql:42234,,,,melee HandleEnspell or ranged OnRangedAttack -> luautils::additionalEffectAttack -> xi.additionalEffect.attack,DAMAGE,,,,,,LEGACY_ADDITIONAL_EFFECT_MAGIC_ACCURACY,NO_DSTAT_CONFIGURED,,,MAGICAL_DAMAGE_TIER_OR_LEGACY_HANDLER,,ELEMENTAL_LEGACY,,,,HANDLER_SPECIFIC,DAMAGE_PROFILE_SINGLE_PASS,DAMAGE_PROFILE_SINGLE_PASS,FAMILY_DEFAULT_OR_SCRIPT_RETURN,NONE_RECORDED,BLOCKED_WHEN_ITEM_LEVEL_EXCEEDS_MAIN_LEVEL,GLOBAL_ADDITIONAL_EFFECT,NO,,,HIGH,CONFIGURATION_ERROR,DAMAGE requires a valid nonzero element; DAMAGE requires positive ITEM_ADDEFFECT_DMG; invalid proc chance None; item-specific retail numerics
20568,wind_knife_+1,1,MAIN|SUB,DAGGER,ERA_UNRESOLVED,No introduction-era metadata exists in active repository item tables,SQL_MODIFIERS,sql/item_mods.sql:42292;sql/item_mods.sql:42293;sql/item_mods.sql:42294;sql/item_mods.sql:42295;sql/item_mods.sql:42296,,,,melee HandleEnspell or ranged OnRangedAttack -> luautils::additionalEffectAttack -> xi.additionalEffect.attack,DAMAGE,WIND_DAMAGE,80,,,,LEGACY_ADDITIONAL_EFFECT_MAGIC_ACCURACY,NO_DSTAT_CONFIGURED,,,MAGICAL_DAMAGE_TIER_OR_LEGACY_HANDLER,WIND,ELEMENTAL_LEGACY,2,,,HANDLER_SPECIFIC,DAMAGE_PROFILE_SINGLE_PASS,DAMAGE_PROFILE_SINGLE_PASS,FAMILY_DEFAULT_OR_SCRIPT_RETURN,NONE_RECORDED,BLOCKED_WHEN_ITEM_LEVEL_EXCEEDS_MAIN_LEVEL,GLOBAL_ADDITIONAL_EFFECT,YES,,,HIGH_FRAMEWORK_LOW_RETAIL_NUMERICS,ERA_UNRESOLVED,item-specific retail numerics
20583,mandau_119_iii,99,MAIN|SUB,DAGGER,ERA_UNRESOLVED,No introduction-era metadata exists in active repository item tables,SQL_MODIFIERS,sql/item_mods.sql:42302,,,,melee HandleEnspell or ranged OnRangedAttack -> luautils::additionalEffectAttack -> xi.additionalEffect.attack,DAMAGE,,,,,,LEGACY_ADDITIONAL_EFFECT_MAGIC_ACCURACY,NO_DSTAT_CONFIGURED,,,MAGICAL_DAMAGE_TIER_OR_LEGACY_HANDLER,,ELEMENTAL_LEGACY,,,,HANDLER_SPECIFIC,DAMAGE_PROFILE_SINGLE_PASS,DAMAGE_PROFILE_SINGLE_PASS,FAMILY_DEFAULT_OR_SCRIPT_RETURN,NONE_RECORDED,BLOCKED_WHEN_ITEM_LEVEL_EXCEEDS_MAIN_LEVEL,GLOBAL_ADDITIONAL_EFFECT,NO,,,HIGH,CONFIGURATION_ERROR,DAMAGE requires a valid nonzero element; DAMAGE requires positive ITEM_ADDEFFECT_DMG; invalid proc chance None; item-specific retail numerics
20609,jugo_kukri_+1,99,MAIN|SUB,DAGGER,ERA_UNRESOLVED,No introduction-era metadata exists in active repository item tables,SQL_MODIFIERS,sql/item_mods.sql:42366,,,,melee HandleEnspell or ranged OnRangedAttack -> luautils::additionalEffectAttack -> xi.additionalEffect.attack,DAMAGE,,,,,,LEGACY_ADDITIONAL_EFFECT_MAGIC_ACCURACY,NO_DSTAT_CONFIGURED,,,MAGICAL_DAMAGE_TIER_OR_LEGACY_HANDLER,,ELEMENTAL_LEGACY,,,,HANDLER_SPECIFIC,DAMAGE_PROFILE_SINGLE_PASS,DAMAGE_PROFILE_SINGLE_PASS,FAMILY_DEFAULT_OR_SCRIPT_RETURN,NONE_RECORDED,BLOCKED_WHEN_ITEM_LEVEL_EXCEEDS_MAIN_LEVEL,GLOBAL_ADDITIONAL_EFFECT,NO,,,HIGH,CONFIGURATION_ERROR,DAMAGE requires a valid nonzero element; DAMAGE requires positive ITEM_ADDEFFECT_DMG; invalid proc chance None; item-specific retail numerics
20611,sangarius,99,MAIN|SUB,SWORD,ERA_UNRESOLVED,No introduction-era metadata exists in active repository item tables,SQL_MODIFIERS,sql/item_mods.sql:42380,,,,melee HandleEnspell or ranged OnRangedAttack -> luautils::additionalEffectAttack -> xi.additionalEffect.attack,HP_DRAIN,,,,,,LEGACY_ADDITIONAL_EFFECT_MAGIC_ACCURACY,NO_DSTAT_CONFIGURED,,,MAGICAL_DAMAGE_TIER_OR_LEGACY_HANDLER,,ELEMENTAL_LEGACY,,,,UNDEAD_GUARD,HANDLER_SPECIFIC,HANDLER_SPECIFIC,FAMILY_DEFAULT_OR_SCRIPT_RETURN,NONE_RECORDED,BLOCKED_WHEN_ITEM_LEVEL_EXCEEDS_MAIN_LEVEL,GLOBAL_ADDITIONAL_EFFECT,NO,,,HIGH,CONFIGURATION_ERROR,"HP_DRAIN requires positive potency; drain accuracy, scaling, and element; invalid proc chance None"
20612,sangarius_+1,99,MAIN|SUB,SWORD,ERA_UNRESOLVED,No introduction-era metadata exists in active repository item tables,SQL_MODIFIERS,sql/item_mods.sql:42386,,,,melee HandleEnspell or ranged OnRangedAttack -> luautils::additionalEffectAttack -> xi.additionalEffect.attack,HP_DRAIN,,,,,,LEGACY_ADDITIONAL_EFFECT_MAGIC_ACCURACY,NO_DSTAT_CONFIGURED,,,MAGICAL_DAMAGE_TIER_OR_LEGACY_HANDLER,,ELEMENTAL_LEGACY,,,,UNDEAD_GUARD,HANDLER_SPECIFIC,HANDLER_SPECIFIC,FAMILY_DEFAULT_OR_SCRIPT_RETURN,NONE_RECORDED,BLOCKED_WHEN_ITEM_LEVEL_EXCEEDS_MAIN_LEVEL,GLOBAL_ADDITIONAL_EFFECT,NO,,,HIGH,CONFIGURATION_ERROR,"HP_DRAIN requires positive potency; drain accuracy, scaling, and element; invalid proc chance None"
20640,nitric_baselard,99,MAIN|SUB,DAGGER,ERA_UNRESOLVED,No introduction-era metadata exists in active repository item tables,SQL_MODIFIERS,sql/item_mods.sql:42494;sql/item_mods.sql:42495;sql/item_mods.sql:42496;sql/item_mods.sql:42497,,,,melee HandleEnspell or ranged OnRangedAttack -> luautils::additionalEffectAttack -> xi.additionalEffect.attack,DEBUFF,,,,,,LEGACY_A_RANK,LEGACY_INT_DEFAULT,,,STATUS_MAGIC_TIER,,WEAPON_DMGTYPE_1,,180,SLEEP_I,STATUS_HELPERS,HANDLER_SPECIFIC,HANDLER_SPECIFIC,FAMILY_DEFAULT_OR_SCRIPT_RETURN,NONE_RECORDED,BLOCKED_WHEN_ITEM_LEVEL_EXCEEDS_MAIN_LEVEL,GLOBAL_ADDITIONAL_EFFECT,NO,,,HIGH,CONFIGURATION_ERROR,invalid proc chance None; item-specific retail numerics
20645,excalibur_119,99,MAIN|SUB,SWORD,ERA_UNRESOLVED,No introduction-era metadata exists in active repository item tables,SQL_MODIFIERS+ITEM_SCRIPT,sql/item_mods.sql:42526;sql/item_mods.sql:42527;scripts/items/excalibur_119.lua,,,,melee HandleEnspell or ranged OnRangedAttack -> luautils::OnItemAdditionalEffect -> onItemAdditionalEffect,SCRIPTED,,,,,,N/A,N/A,,,NONE_OR_HANDLER_SPECIFIC,,WEAPON_DMGTYPE_2,,,,HANDLER_SPECIFIC,HANDLER_SPECIFIC,HANDLER_SPECIFIC,FAMILY_DEFAULT_OR_SCRIPT_RETURN,NONE_RECORDED,BLOCKED_WHEN_ITEM_LEVEL_EXCEEDS_MAIN_LEVEL,PER_ITEM_LUA,YES,,,HIGH_FRAMEWORK_LOW_RETAIL_NUMERICS,VERIFY_LIVE,item-specific retail numerics
20646,excalibur_119_ii,99,MAIN|SUB,SWORD,ERA_UNRESOLVED,No introduction-era metadata exists in active repository item tables,SQL_MODIFIERS+ITEM_SCRIPT,sql/item_mods.sql:42536;sql/item_mods.sql:42537;scripts/items/excalibur_119_ii.lua,,,,melee HandleEnspell or ranged OnRangedAttack -> luautils::OnItemAdditionalEffect -> onItemAdditionalEffect,SCRIPTED,,,,,,N/A,N/A,,,NONE_OR_HANDLER_SPECIFIC,,WEAPON_DMGTYPE_2,,,,HANDLER_SPECIFIC,HANDLER_SPECIFIC,HANDLER_SPECIFIC,FAMILY_DEFAULT_OR_SCRIPT_RETURN,NONE_RECORDED,BLOCKED_WHEN_ITEM_LEVEL_EXCEEDS_MAIN_LEVEL,PER_ITEM_LUA,YES,,,HIGH_FRAMEWORK_LOW_RETAIL_NUMERICS,VERIFY_LIVE,item-specific retail numerics
20651,tizona_119,99,MAIN|SUB,SWORD,ERA_UNRESOLVED,No introduction-era metadata exists in active repository item tables,SQL_MODIFIERS,sql/item_mods.sql:42576,,,,melee HandleEnspell or ranged OnRangedAttack -> luautils::additionalEffectAttack -> xi.additionalEffect.attack,DAMAGE,,,,,,LEGACY_ADDITIONAL_EFFECT_MAGIC_ACCURACY,NO_DSTAT_CONFIGURED,,,MAGICAL_DAMAGE_TIER_OR_LEGACY_HANDLER,,ELEMENTAL_LEGACY,,,,HANDLER_SPECIFIC,DAMAGE_PROFILE_SINGLE_PASS,DAMAGE_PROFILE_SINGLE_PASS,FAMILY_DEFAULT_OR_SCRIPT_RETURN,NONE_RECORDED,BLOCKED_WHEN_ITEM_LEVEL_EXCEEDS_MAIN_LEVEL,GLOBAL_ADDITIONAL_EFFECT,NO,,,HIGH,CONFIGURATION_ERROR,DAMAGE requires a valid nonzero element; DAMAGE requires positive ITEM_ADDEFFECT_DMG; invalid proc chance None; item-specific retail numerics
20652,tizona_119_ii,99,MAIN|SUB,SWORD,ERA_UNRESOLVED,No introduction-era metadata exists in active repository item tables,SQL_MODIFIERS,sql/item_mods.sql:42583,,,,melee HandleEnspell or ranged OnRangedAttack -> luautils::additionalEffectAttack -> xi.additionalEffect.attack,DAMAGE,,,,,,LEGACY_ADDITIONAL_EFFECT_MAGIC_ACCURACY,NO_DSTAT_CONFIGURED,,,MAGICAL_DAMAGE_TIER_OR_LEGACY_HANDLER,,ELEMENTAL_LEGACY,,,,HANDLER_SPECIFIC,DAMAGE_PROFILE_SINGLE_PASS,DAMAGE_PROFILE_SINGLE_PASS,FAMILY_DEFAULT_OR_SCRIPT_RETURN,NONE_RECORDED,BLOCKED_WHEN_ITEM_LEVEL_EXCEEDS_MAIN_LEVEL,GLOBAL_ADDITIONAL_EFFECT,NO,,,HIGH,CONFIGURATION_ERROR,DAMAGE requires a valid nonzero element; DAMAGE requires positive ITEM_ADDEFFECT_DMG; invalid proc chance None; item-specific retail numerics
20672,ice_brand,99,MAIN|SUB,SWORD,ERA_UNRESOLVED,No introduction-era metadata exists in active repository item tables,SQL_MODIFIERS,sql/item_mods.sql:42602;sql/item_mods.sql:42604;sql/item_mods.sql:42605;sql/item_mods.sql:42606,,,,melee HandleEnspell or ranged OnRangedAttack -> luautils::additionalEffectAttack -> xi.additionalEffect.attack,DAMAGE,ICE_DAMAGE,,,,,LEGACY_ADDITIONAL_EFFECT_MAGIC_ACCURACY,NO_DSTAT_CONFIGURED,,,MAGICAL_DAMAGE_TIER_OR_LEGACY_HANDLER,ICE,ELEMENTAL_LEGACY,20,,,HANDLER_SPECIFIC,DAMAGE_PROFILE_SINGLE_PASS,DAMAGE_PROFILE_SINGLE_PASS,FAMILY_DEFAULT_OR_SCRIPT_RETURN,NONE_RECORDED,BLOCKED_WHEN_ITEM_LEVEL_EXCEEDS_MAIN_LEVEL,GLOBAL_ADDITIONAL_EFFECT,NO,,,HIGH,CONFIGURATION_ERROR,invalid proc chance None; item-specific retail numerics
20673,flametongue,99,MAIN|SUB,SWORD,ERA_UNRESOLVED,No introduction-era metadata exists in active repository item tables,SQL_MODIFIERS,sql/item_mods.sql:42613;sql/item_mods.sql:42615;sql/item_mods.sql:42616;sql/item_mods.sql:42617,,,,melee HandleEnspell or ranged OnRangedAttack -> luautils::additionalEffectAttack -> xi.additionalEffect.attack,DAMAGE,FIRE_DAMAGE,,,,,LEGACY_ADDITIONAL_EFFECT_MAGIC_ACCURACY,NO_DSTAT_CONFIGURED,,,MAGICAL_DAMAGE_TIER_OR_LEGACY_HANDLER,FIRE,ELEMENTAL_LEGACY,20,,,HANDLER_SPECIFIC,DAMAGE_PROFILE_SINGLE_PASS,DAMAGE_PROFILE_SINGLE_PASS,FAMILY_DEFAULT_OR_SCRIPT_RETURN,NONE_RECORDED,BLOCKED_WHEN_ITEM_LEVEL_EXCEEDS_MAIN_LEVEL,GLOBAL_ADDITIONAL_EFFECT,NO,,,HIGH,CONFIGURATION_ERROR,invalid proc chance None; item-specific retail numerics
20685,excalibur_119_iii,99,MAIN|SUB,SWORD,ERA_UNRESOLVED,No introduction-era metadata exists in active repository item tables,SQL_MODIFIERS+ITEM_SCRIPT,sql/item_mods.sql:42637;sql/item_mods.sql:42638;scripts/items/excalibur_119_iii.lua,,,,melee HandleEnspell or ranged OnRangedAttack -> luautils::OnItemAdditionalEffect -> onItemAdditionalEffect,SCRIPTED,,,,,,N/A,N/A,,,NONE_OR_HANDLER_SPECIFIC,,WEAPON_DMGTYPE_2,,,,HANDLER_SPECIFIC,HANDLER_SPECIFIC,HANDLER_SPECIFIC,FAMILY_DEFAULT_OR_SCRIPT_RETURN,NONE_RECORDED,BLOCKED_WHEN_ITEM_LEVEL_EXCEEDS_MAIN_LEVEL,PER_ITEM_LUA,YES,,,HIGH_FRAMEWORK_LOW_RETAIL_NUMERICS,VERIFY_LIVE,item-specific retail numerics
20688,tizona_119_iii,99,MAIN|SUB,SWORD,ERA_UNRESOLVED,No introduction-era metadata exists in active repository item tables,SQL_MODIFIERS,sql/item_mods.sql:42663,,,,melee HandleEnspell or ranged OnRangedAttack -> luautils::additionalEffectAttack -> xi.additionalEffect.attack,DAMAGE,,,,,,LEGACY_ADDITIONAL_EFFECT_MAGIC_ACCURACY,NO_DSTAT_CONFIGURED,,,MAGICAL_DAMAGE_TIER_OR_LEGACY_HANDLER,,ELEMENTAL_LEGACY,,,,HANDLER_SPECIFIC,DAMAGE_PROFILE_SINGLE_PASS,DAMAGE_PROFILE_SINGLE_PASS,FAMILY_DEFAULT_OR_SCRIPT_RETURN,NONE_RECORDED,BLOCKED_WHEN_ITEM_LEVEL_EXCEEDS_MAIN_LEVEL,GLOBAL_ADDITIONAL_EFFECT,NO,,,HIGH,CONFIGURATION_ERROR,DAMAGE requires a valid nonzero element; DAMAGE requires positive ITEM_ADDEFFECT_DMG; invalid proc chance None; item-specific retail numerics
20706,vampirism,99,MAIN|SUB,SWORD,LATER_EXPANSION,The official 2015-08-05 update introduced Sinister Reign; Japanese item history dates Vampirism to that update,SQL_MODIFIERS+COMBINED_RESOURCE_DRAIN_PROFILE,sql/item_mods.sql:42715;sql/item_mods.sql:42716;sql/item_mods.sql:42717;sql/item_mods.sql:42718;scripts/globals/additional_effect_profiles.lua,VZ_COMBINED_RESOURCE_DRAIN,scripts/globals/additional_effect_profiles.lua,IDENTITY_AND_ERA=EVIDENCE_BACKED;APPLICATION_AND_OUTCOME_OWNERSHIP=FRAMEWORK_CORRECT_LEGACY_NUMERICS;NUMERICS_BRANCH_SELECTION_MULTIPLIERS_PRESENTATION=VERIFY_LIVE,successful melee swing -> HandleEnspell item selection -> luautils::additionalEffectAttack -> xi.additionalEffect.attack -> executeCombinedResourceDrain -> executeResourceDrainTransfer,HPMPTP_DRAIN,MP_DRAIN,100,FIXED_PERCENT_SQL_COMPATIBILITY; VERIFY_LIVE,0_SQL_COMPATIBILITY; VERIFY_LIVE,FIXED_20_SQL_COMPATIBILITY; VERIFY_LIVE,NO_EXPLICIT_SKILL_LEGACY_DAMAGE_RESISTANCE; VERIFY_LIVE,NO_GOVERNING_STAT_OR_DSTAT_COMPATIBILITY; VERIFY_LIVE,DISABLED_COMPATIBILITY; VERIFY_LIVE,BRANCH_SELECTION=UNIFORM_SINGLE_NO_RETRY_COMPATIBILITY_VERIFY_LIVE;GENERAL_MAGIC_DAMAGE=ENABLED_VERIFY_LIVE;ELEMENTAL_SDT=ENABLED_VERIFY_LIVE;STAFF=ENABLED_VERIFY_LIVE;AFFINITY=ENABLED_VERIFY_LIVE;DAY_WEATHER=ENABLED_VERIFY_LIVE;PHALANX=ENABLED_VERIFY_LIVE;ONE_FOR_ALL=ENABLED_VERIFY_LIVE;STONESKIN=ENABLED_VERIFY_LIVE;NULLIFICATION=ENABLED_NO_RETRY_VERIFY_LIVE;ABSORPTION=NEGATIVE_CLAMPED_TO_ZERO_NO_RETRY_VERIFY_LIVE,LEGACY_MAGICAL_DAMAGE_TIERS_AND_FLOOR; SELECTED_BRANCH_NO_RETRY; VERIFY_LIVE,CONFIGURED_NONE;EFFECTIVE_DARK_COMPATIBILITY;VERIFY_LIVE,DARK_MAGICAL_COMPATIBILITY; VERIFY_LIVE,FIXED_20_SQL_COMPATIBILITY; VERIFY_LIVE,NOT_APPLICABLE,NOT_APPLICABLE,DEAD_AND_UNDEAD_GUARD_BEFORE_AMOUNT_CALCULATION;SELECTED_BRANCH_NO_RETRY; VERIFY_LIVE,SCOPED_CALCULATOR_SINGLE_PASS; SELECTED_BRANCH_NO_RETRY; VERIFY_LIVE,NEGATIVE_RESULT_CLAMPED_TO_ZERO; SELECTED_BRANCH_NO_RETRY; VERIFY_LIVE,SELECTED_RESOURCE_HP_MP_TP_DRAIN_MESSAGE; ACTUAL_TARGET_RESOURCE_REMOVED,NONE_RECORDED,BLOCKED_WHEN_ITEM_LEVEL_EXCEEDS_MAIN_LEVEL,GLOBAL_COMBINED_RESOURCE_DRAIN_PROFILE,YES,scripts/tests/systems/combat/item_additional_effects_combined_resource_drains.lua;scripts/tests/systems/combat/item_additional_effects_combined_resource_drain_profiles.lua,retail_parity/vanilla_zilart/artifacts/VZ-COMBAT-001-combined-resource-drains-evidence.md,HIGH_FRAMEWORK_LOW_RETAIL_NUMERICS,VERIFY_LIVE,"HP_OR_MP_OR_TP uniform branch distribution, ordering, and retry/fallback; proc chance and level correction; fixed versus random per-resource amount and scaling; skill, accuracy, stat, dSTAT, and Dark element; resistance, nullification, absorption, undead, empty-resource, and defensive behavior; main/off-hand, multi-attack, Enspell priority, resource caps, and exact resource-specific presentation"
20790,guttler_119,99,MAIN|SUB,AXE,ERA_UNRESOLVED,No introduction-era metadata exists in active repository item tables,SQL_MODIFIERS,sql/item_mods.sql:42911,,,,melee HandleEnspell or ranged OnRangedAttack -> luautils::additionalEffectAttack -> xi.additionalEffect.attack,DAMAGE,,,,,,LEGACY_ADDITIONAL_EFFECT_MAGIC_ACCURACY,NO_DSTAT_CONFIGURED,,,MAGICAL_DAMAGE_TIER_OR_LEGACY_HANDLER,,ELEMENTAL_LEGACY,,,,HANDLER_SPECIFIC,DAMAGE_PROFILE_SINGLE_PASS,DAMAGE_PROFILE_SINGLE_PASS,FAMILY_DEFAULT_OR_SCRIPT_RETURN,NONE_RECORDED,BLOCKED_WHEN_ITEM_LEVEL_EXCEEDS_MAIN_LEVEL,GLOBAL_ADDITIONAL_EFFECT,NO,,,HIGH,CONFIGURATION_ERROR,DAMAGE requires a valid nonzero element; DAMAGE requires positive ITEM_ADDEFFECT_DMG; invalid proc chance None; item-specific retail numerics
20791,guttler_119_ii,99,MAIN|SUB,AXE,ERA_UNRESOLVED,No introduction-era metadata exists in active repository item tables,SQL_MODIFIERS,sql/item_mods.sql:42920,,,,melee HandleEnspell or ranged OnRangedAttack -> luautils::additionalEffectAttack -> xi.additionalEffect.attack,DAMAGE,,,,,,LEGACY_ADDITIONAL_EFFECT_MAGIC_ACCURACY,NO_DSTAT_CONFIGURED,,,MAGICAL_DAMAGE_TIER_OR_LEGACY_HANDLER,,ELEMENTAL_LEGACY,,,,HANDLER_SPECIFIC,DAMAGE_PROFILE_SINGLE_PASS,DAMAGE_PROFILE_SINGLE_PASS,FAMILY_DEFAULT_OR_SCRIPT_RETURN,NONE_RECORDED,BLOCKED_WHEN_ITEM_LEVEL_EXCEEDS_MAIN_LEVEL,GLOBAL_ADDITIONAL_EFFECT,NO,,,HIGH,CONFIGURATION_ERROR,DAMAGE requires a valid nonzero element; DAMAGE requires positive ITEM_ADDEFFECT_DMG; invalid proc chance None; item-specific retail numerics
20835,bravura_119,99,MAIN,GREAT_AXE,ERA_UNRESOLVED,No introduction-era metadata exists in active repository item tables,SQL_MODIFIERS,sql/item_mods.sql:43011,,,,melee HandleEnspell or ranged OnRangedAttack -> luautils::additionalEffectAttack -> xi.additionalEffect.attack,DAMAGE,,,,,,LEGACY_ADDITIONAL_EFFECT_MAGIC_ACCURACY,NO_DSTAT_CONFIGURED,,,MAGICAL_DAMAGE_TIER_OR_LEGACY_HANDLER,,ELEMENTAL_LEGACY,,,,HANDLER_SPECIFIC,DAMAGE_PROFILE_SINGLE_PASS,DAMAGE_PROFILE_SINGLE_PASS,FAMILY_DEFAULT_OR_SCRIPT_RETURN,NONE_RECORDED,BLOCKED_WHEN_ITEM_LEVEL_EXCEEDS_MAIN_LEVEL,GLOBAL_ADDITIONAL_EFFECT,NO,,,HIGH,CONFIGURATION_ERROR,DAMAGE requires a valid nonzero element; DAMAGE requires positive ITEM_ADDEFFECT_DMG; invalid proc chance None; item-specific retail numerics
20836,bravura_119_ii,99,MAIN,GREAT_AXE,ERA_UNRESOLVED,No introduction-era metadata exists in active repository item tables,SQL_MODIFIERS,sql/item_mods.sql:43020,,,,melee HandleEnspell or ranged OnRangedAttack -> luautils::additionalEffectAttack -> xi.additionalEffect.attack,DAMAGE,,,,,,LEGACY_ADDITIONAL_EFFECT_MAGIC_ACCURACY,NO_DSTAT_CONFIGURED,,,MAGICAL_DAMAGE_TIER_OR_LEGACY_HANDLER,,ELEMENTAL_LEGACY,,,,HANDLER_SPECIFIC,DAMAGE_PROFILE_SINGLE_PASS,DAMAGE_PROFILE_SINGLE_PASS,FAMILY_DEFAULT_OR_SCRIPT_RETURN,NONE_RECORDED,BLOCKED_WHEN_ITEM_LEVEL_EXCEEDS_MAIN_LEVEL,GLOBAL_ADDITIONAL_EFFECT,NO,,,HIGH,CONFIGURATION_ERROR,DAMAGE requires a valid nonzero element; DAMAGE requires positive ITEM_ADDEFFECT_DMG; invalid proc chance None; item-specific retail numerics
20858,lightreaver,99,MAIN,GREAT_AXE,ERA_UNRESOLVED,No introduction-era metadata exists in active repository item tables,SQL_MODIFIERS,sql/item_mods.sql:43100,,,,melee HandleEnspell or ranged OnRangedAttack -> luautils::additionalEffectAttack -> xi.additionalEffect.attack,DAMAGE,,,,,,LEGACY_ADDITIONAL_EFFECT_MAGIC_ACCURACY,NO_DSTAT_CONFIGURED,,,MAGICAL_DAMAGE_TIER_OR_LEGACY_HANDLER,,ELEMENTAL_LEGACY,,,,HANDLER_SPECIFIC,DAMAGE_PROFILE_SINGLE_PASS,DAMAGE_PROFILE_SINGLE_PASS,FAMILY_DEFAULT_OR_SCRIPT_RETURN,NONE_RECORDED,BLOCKED_WHEN_ITEM_LEVEL_EXCEEDS_MAIN_LEVEL,GLOBAL_ADDITIONAL_EFFECT,NO,,,HIGH,CONFIGURATION_ERROR,DAMAGE requires a valid nonzero element; DAMAGE requires positive ITEM_ADDEFFECT_DMG; invalid proc chance None; item-specific retail numerics
20880,apocalypse_119,99,MAIN,SCYTHE,ERA_UNRESOLVED,No introduction-era metadata exists in active repository item tables,SQL_MODIFIERS,sql/item_mods.sql:43139,,,,melee HandleEnspell or ranged OnRangedAttack -> luautils::additionalEffectAttack -> xi.additionalEffect.attack,DAMAGE,,,,,,LEGACY_ADDITIONAL_EFFECT_MAGIC_ACCURACY,NO_DSTAT_CONFIGURED,,,MAGICAL_DAMAGE_TIER_OR_LEGACY_HANDLER,,ELEMENTAL_LEGACY,,,,HANDLER_SPECIFIC,DAMAGE_PROFILE_SINGLE_PASS,DAMAGE_PROFILE_SINGLE_PASS,FAMILY_DEFAULT_OR_SCRIPT_RETURN,NONE_RECORDED,BLOCKED_WHEN_ITEM_LEVEL_EXCEEDS_MAIN_LEVEL,GLOBAL_ADDITIONAL_EFFECT,NO,,,HIGH,CONFIGURATION_ERROR,DAMAGE requires a valid nonzero element; DAMAGE requires positive ITEM_ADDEFFECT_DMG; invalid proc chance None; item-specific retail numerics
20881,apocalypse_119_ii,99,MAIN,SCYTHE,ERA_UNRESOLVED,No introduction-era metadata exists in active repository item tables,SQL_MODIFIERS,sql/item_mods.sql:43148,,,,melee HandleEnspell or ranged OnRangedAttack -> luautils::additionalEffectAttack -> xi.additionalEffect.attack,DAMAGE,,,,,,LEGACY_ADDITIONAL_EFFECT_MAGIC_ACCURACY,NO_DSTAT_CONFIGURED,,,MAGICAL_DAMAGE_TIER_OR_LEGACY_HANDLER,,ELEMENTAL_LEGACY,,,,HANDLER_SPECIFIC,DAMAGE_PROFILE_SINGLE_PASS,DAMAGE_PROFILE_SINGLE_PASS,FAMILY_DEFAULT_OR_SCRIPT_RETURN,NONE_RECORDED,BLOCKED_WHEN_ITEM_LEVEL_EXCEEDS_MAIN_LEVEL,GLOBAL_ADDITIONAL_EFFECT,NO,,,HIGH,CONFIGURATION_ERROR,DAMAGE requires a valid nonzero element; DAMAGE requires positive ITEM_ADDEFFECT_DMG; invalid proc chance None; item-specific retail numerics
20904,cronus,99,MAIN,SCYTHE,ERA_UNRESOLVED,No introduction-era metadata exists in active repository item tables,SQL_MODIFIERS,sql/item_mods.sql:43223,,,,melee HandleEnspell or ranged OnRangedAttack -> luautils::additionalEffectAttack -> xi.additionalEffect.attack,DAMAGE,,,,,,LEGACY_ADDITIONAL_EFFECT_MAGIC_ACCURACY,NO_DSTAT_CONFIGURED,,,MAGICAL_DAMAGE_TIER_OR_LEGACY_HANDLER,,ELEMENTAL_LEGACY,,,,HANDLER_SPECIFIC,DAMAGE_PROFILE_SINGLE_PASS,DAMAGE_PROFILE_SINGLE_PASS,FAMILY_DEFAULT_OR_SCRIPT_RETURN,NONE_RECORDED,BLOCKED_WHEN_ITEM_LEVEL_EXCEEDS_MAIN_LEVEL,GLOBAL_ADDITIONAL_EFFECT,NO,,,HIGH,CONFIGURATION_ERROR,DAMAGE requires a valid nonzero element; DAMAGE requires positive ITEM_ADDEFFECT_DMG; invalid proc chance None; item-specific retail numerics
20925,gungnir_119,99,MAIN,POLEARM,ERA_UNRESOLVED,No introduction-era metadata exists in active repository item tables,SQL_MODIFIERS,sql/item_mods.sql:43267,,,,melee HandleEnspell or ranged OnRangedAttack -> luautils::additionalEffectAttack -> xi.additionalEffect.attack,DAMAGE,,,,,,LEGACY_ADDITIONAL_EFFECT_MAGIC_ACCURACY,NO_DSTAT_CONFIGURED,,,MAGICAL_DAMAGE_TIER_OR_LEGACY_HANDLER,,ELEMENTAL_LEGACY,,,,HANDLER_SPECIFIC,DAMAGE_PROFILE_SINGLE_PASS,DAMAGE_PROFILE_SINGLE_PASS,FAMILY_DEFAULT_OR_SCRIPT_RETURN,NONE_RECORDED,BLOCKED_WHEN_ITEM_LEVEL_EXCEEDS_MAIN_LEVEL,GLOBAL_ADDITIONAL_EFFECT,NO,,,HIGH,CONFIGURATION_ERROR,DAMAGE requires a valid nonzero element; DAMAGE requires positive ITEM_ADDEFFECT_DMG; invalid proc chance None; item-specific retail numerics
20926,gungnir_119_ii,99,MAIN,POLEARM,ERA_UNRESOLVED,No introduction-era metadata exists in active repository item tables,SQL_MODIFIERS,sql/item_mods.sql:43276,,,,melee HandleEnspell or ranged OnRangedAttack -> luautils::additionalEffectAttack -> xi.additionalEffect.attack,DAMAGE,,,,,,LEGACY_ADDITIONAL_EFFECT_MAGIC_ACCURACY,NO_DSTAT_CONFIGURED,,,MAGICAL_DAMAGE_TIER_OR_LEGACY_HANDLER,,ELEMENTAL_LEGACY,,,,HANDLER_SPECIFIC,DAMAGE_PROFILE_SINGLE_PASS,DAMAGE_PROFILE_SINGLE_PASS,FAMILY_DEFAULT_OR_SCRIPT_RETURN,NONE_RECORDED,BLOCKED_WHEN_ITEM_LEVEL_EXCEEDS_MAIN_LEVEL,GLOBAL_ADDITIONAL_EFFECT,NO,,,HIGH,CONFIGURATION_ERROR,DAMAGE requires a valid nonzero element; DAMAGE requires positive ITEM_ADDEFFECT_DMG; invalid proc chance None; item-specific retail numerics
20970,kikoku_119,99,MAIN|SUB,KATANA,ERA_UNRESOLVED,No introduction-era metadata exists in active repository item tables,SQL_MODIFIERS,sql/item_mods.sql:43348,,,,melee HandleEnspell or ranged OnRangedAttack -> luautils::additionalEffectAttack -> xi.additionalEffect.attack,DAMAGE,,,,,,LEGACY_ADDITIONAL_EFFECT_MAGIC_ACCURACY,NO_DSTAT_CONFIGURED,,,MAGICAL_DAMAGE_TIER_OR_LEGACY_HANDLER,,ELEMENTAL_LEGACY,,,,HANDLER_SPECIFIC,DAMAGE_PROFILE_SINGLE_PASS,DAMAGE_PROFILE_SINGLE_PASS,FAMILY_DEFAULT_OR_SCRIPT_RETURN,NONE_RECORDED,BLOCKED_WHEN_ITEM_LEVEL_EXCEEDS_MAIN_LEVEL,GLOBAL_ADDITIONAL_EFFECT,NO,,,HIGH,CONFIGURATION_ERROR,DAMAGE requires a valid nonzero element; DAMAGE requires positive ITEM_ADDEFFECT_DMG; invalid proc chance None; item-specific retail numerics
20971,kikoku_119_ii,99,MAIN|SUB,KATANA,ERA_UNRESOLVED,No introduction-era metadata exists in active repository item tables,SQL_MODIFIERS,sql/item_mods.sql:43357,,,,melee HandleEnspell or ranged OnRangedAttack -> luautils::additionalEffectAttack -> xi.additionalEffect.attack,DAMAGE,,,,,,LEGACY_ADDITIONAL_EFFECT_MAGIC_ACCURACY,NO_DSTAT_CONFIGURED,,,MAGICAL_DAMAGE_TIER_OR_LEGACY_HANDLER,,ELEMENTAL_LEGACY,,,,HANDLER_SPECIFIC,DAMAGE_PROFILE_SINGLE_PASS,DAMAGE_PROFILE_SINGLE_PASS,FAMILY_DEFAULT_OR_SCRIPT_RETURN,NONE_RECORDED,BLOCKED_WHEN_ITEM_LEVEL_EXCEEDS_MAIN_LEVEL,GLOBAL_ADDITIONAL_EFFECT,NO,,,HIGH,CONFIGURATION_ERROR,DAMAGE requires a valid nonzero element; DAMAGE requires positive ITEM_ADDEFFECT_DMG; invalid proc chance None; item-specific retail numerics
21015,amanomurakumo_119,99,MAIN,GREAT_KATANA,ERA_UNRESOLVED,No introduction-era metadata exists in active repository item tables,SQL_MODIFIERS,sql/item_mods.sql:43476,,,,melee HandleEnspell or ranged OnRangedAttack -> luautils::additionalEffectAttack -> xi.additionalEffect.attack,DAMAGE,,,,,,LEGACY_ADDITIONAL_EFFECT_MAGIC_ACCURACY,NO_DSTAT_CONFIGURED,,,MAGICAL_DAMAGE_TIER_OR_LEGACY_HANDLER,,ELEMENTAL_LEGACY,,,,HANDLER_SPECIFIC,DAMAGE_PROFILE_SINGLE_PASS,DAMAGE_PROFILE_SINGLE_PASS,FAMILY_DEFAULT_OR_SCRIPT_RETURN,NONE_RECORDED,BLOCKED_WHEN_ITEM_LEVEL_EXCEEDS_MAIN_LEVEL,GLOBAL_ADDITIONAL_EFFECT,NO,,,HIGH,CONFIGURATION_ERROR,DAMAGE requires a valid nonzero element; DAMAGE requires positive ITEM_ADDEFFECT_DMG; invalid proc chance None; item-specific retail numerics
21016,amanomurakumo_119_ii,99,MAIN,GREAT_KATANA,ERA_UNRESOLVED,No introduction-era metadata exists in active repository item tables,SQL_MODIFIERS,sql/item_mods.sql:43485,,,,melee HandleEnspell or ranged OnRangedAttack -> luautils::additionalEffectAttack -> xi.additionalEffect.attack,DAMAGE,,,,,,LEGACY_ADDITIONAL_EFFECT_MAGIC_ACCURACY,NO_DSTAT_CONFIGURED,,,MAGICAL_DAMAGE_TIER_OR_LEGACY_HANDLER,,ELEMENTAL_LEGACY,,,,HANDLER_SPECIFIC,DAMAGE_PROFILE_SINGLE_PASS,DAMAGE_PROFILE_SINGLE_PASS,FAMILY_DEFAULT_OR_SCRIPT_RETURN,NONE_RECORDED,BLOCKED_WHEN_ITEM_LEVEL_EXCEEDS_MAIN_LEVEL,GLOBAL_ADDITIONAL_EFFECT,NO,,,HIGH,CONFIGURATION_ERROR,DAMAGE requires a valid nonzero element; DAMAGE requires positive ITEM_ADDEFFECT_DMG; invalid proc chance None; item-specific retail numerics
21060,mjollnir_119,99,MAIN|SUB,CLUB,ERA_UNRESOLVED,No introduction-era metadata exists in active repository item tables,SQL_MODIFIERS,sql/item_mods.sql:43580,,,,melee HandleEnspell or ranged OnRangedAttack -> luautils::additionalEffectAttack -> xi.additionalEffect.attack,DAMAGE,,,,,,LEGACY_ADDITIONAL_EFFECT_MAGIC_ACCURACY,NO_DSTAT_CONFIGURED,,,MAGICAL_DAMAGE_TIER_OR_LEGACY_HANDLER,,ELEMENTAL_LEGACY,,,,HANDLER_SPECIFIC,DAMAGE_PROFILE_SINGLE_PASS,DAMAGE_PROFILE_SINGLE_PASS,FAMILY_DEFAULT_OR_SCRIPT_RETURN,NONE_RECORDED,BLOCKED_WHEN_ITEM_LEVEL_EXCEEDS_MAIN_LEVEL,GLOBAL_ADDITIONAL_EFFECT,NO,,,HIGH,CONFIGURATION_ERROR,DAMAGE requires a valid nonzero element; DAMAGE requires positive ITEM_ADDEFFECT_DMG; invalid proc chance None; item-specific retail numerics
21061,mjollnir_119_ii,99,MAIN|SUB,CLUB,ERA_UNRESOLVED,No introduction-era metadata exists in active repository item tables,SQL_MODIFIERS,sql/item_mods.sql:43590,,,,melee HandleEnspell or ranged OnRangedAttack -> luautils::additionalEffectAttack -> xi.additionalEffect.attack,DAMAGE,,,,,,LEGACY_ADDITIONAL_EFFECT_MAGIC_ACCURACY,NO_DSTAT_CONFIGURED,,,MAGICAL_DAMAGE_TIER_OR_LEGACY_HANDLER,,ELEMENTAL_LEGACY,,,,HANDLER_SPECIFIC,DAMAGE_PROFILE_SINGLE_PASS,DAMAGE_PROFILE_SINGLE_PASS,FAMILY_DEFAULT_OR_SCRIPT_RETURN,NONE_RECORDED,BLOCKED_WHEN_ITEM_LEVEL_EXCEEDS_MAIN_LEVEL,GLOBAL_ADDITIONAL_EFFECT,NO,,,HIGH,CONFIGURATION_ERROR,DAMAGE requires a valid nonzero element; DAMAGE requires positive ITEM_ADDEFFECT_DMG; invalid proc chance None; item-specific retail numerics
21077,mjollnir_119_iii,99,MAIN|SUB,CLUB,ERA_UNRESOLVED,No introduction-era metadata exists in active repository item tables,SQL_MODIFIERS,sql/item_mods.sql:43645,,,,melee HandleEnspell or ranged OnRangedAttack -> luautils::additionalEffectAttack -> xi.additionalEffect.attack,DAMAGE,,,,,,LEGACY_ADDITIONAL_EFFECT_MAGIC_ACCURACY,NO_DSTAT_CONFIGURED,,,MAGICAL_DAMAGE_TIER_OR_LEGACY_HANDLER,,ELEMENTAL_LEGACY,,,,HANDLER_SPECIFIC,DAMAGE_PROFILE_SINGLE_PASS,DAMAGE_PROFILE_SINGLE_PASS,FAMILY_DEFAULT_OR_SCRIPT_RETURN,NONE_RECORDED,BLOCKED_WHEN_ITEM_LEVEL_EXCEEDS_MAIN_LEVEL,GLOBAL_ADDITIONAL_EFFECT,NO,,,HIGH,CONFIGURATION_ERROR,DAMAGE requires a valid nonzero element; DAMAGE requires positive ITEM_ADDEFFECT_DMG; invalid proc chance None; item-specific retail numerics
21102,mafic_cudgel,99,MAIN|SUB,CLUB,ERA_UNRESOLVED,No introduction-era metadata exists in active repository item tables,SQL_MODIFIERS,sql/item_mods.sql:43698,,,,melee HandleEnspell or ranged OnRangedAttack -> luautils::additionalEffectAttack -> xi.additionalEffect.attack,DAMAGE,,,,,,LEGACY_ADDITIONAL_EFFECT_MAGIC_ACCURACY,NO_DSTAT_CONFIGURED,,,MAGICAL_DAMAGE_TIER_OR_LEGACY_HANDLER,,ELEMENTAL_LEGACY,,,,HANDLER_SPECIFIC,DAMAGE_PROFILE_SINGLE_PASS,DAMAGE_PROFILE_SINGLE_PASS,FAMILY_DEFAULT_OR_SCRIPT_RETURN,NONE_RECORDED,BLOCKED_WHEN_ITEM_LEVEL_EXCEEDS_MAIN_LEVEL,GLOBAL_ADDITIONAL_EFFECT,NO,,,HIGH,CONFIGURATION_ERROR,DAMAGE requires a valid nonzero element; DAMAGE requires positive ITEM_ADDEFFECT_DMG; invalid proc chance None; item-specific retail numerics
21135,claustrum_119,99,MAIN,STAFF,ERA_UNRESOLVED,No introduction-era metadata exists in active repository item tables,SQL_MODIFIERS,sql/item_mods.sql:43791,,,,melee HandleEnspell or ranged OnRangedAttack -> luautils::additionalEffectAttack -> xi.additionalEffect.attack,DAMAGE,,,,,,LEGACY_ADDITIONAL_EFFECT_MAGIC_ACCURACY,NO_DSTAT_CONFIGURED,,,MAGICAL_DAMAGE_TIER_OR_LEGACY_HANDLER,,ELEMENTAL_LEGACY,,,,HANDLER_SPECIFIC,DAMAGE_PROFILE_SINGLE_PASS,DAMAGE_PROFILE_SINGLE_PASS,FAMILY_DEFAULT_OR_SCRIPT_RETURN,NONE_RECORDED,BLOCKED_WHEN_ITEM_LEVEL_EXCEEDS_MAIN_LEVEL,GLOBAL_ADDITIONAL_EFFECT,NO,,,HIGH,CONFIGURATION_ERROR,DAMAGE requires a valid nonzero element; DAMAGE requires positive ITEM_ADDEFFECT_DMG; invalid proc chance None; item-specific retail numerics
21136,claustrum_119_ii,99,MAIN,STAFF,ERA_UNRESOLVED,No introduction-era metadata exists in active repository item tables,SQL_MODIFIERS,sql/item_mods.sql:43801,,,,melee HandleEnspell or ranged OnRangedAttack -> luautils::additionalEffectAttack -> xi.additionalEffect.attack,DAMAGE,,,,,,LEGACY_ADDITIONAL_EFFECT_MAGIC_ACCURACY,NO_DSTAT_CONFIGURED,,,MAGICAL_DAMAGE_TIER_OR_LEGACY_HANDLER,,ELEMENTAL_LEGACY,,,,HANDLER_SPECIFIC,DAMAGE_PROFILE_SINGLE_PASS,DAMAGE_PROFILE_SINGLE_PASS,FAMILY_DEFAULT_OR_SCRIPT_RETURN,NONE_RECORDED,BLOCKED_WHEN_ITEM_LEVEL_EXCEEDS_MAIN_LEVEL,GLOBAL_ADDITIONAL_EFFECT,NO,,,HIGH,CONFIGURATION_ERROR,DAMAGE requires a valid nonzero element; DAMAGE requires positive ITEM_ADDEFFECT_DMG; invalid proc chance None; item-specific retail numerics
21166,staccato_staff,99,MAIN,STAFF,ERA_UNRESOLVED,No introduction-era metadata exists in active repository item tables,SQL_MODIFIERS,sql/item_mods.sql:43946,,,,melee HandleEnspell or ranged OnRangedAttack -> luautils::additionalEffectAttack -> xi.additionalEffect.attack,DAMAGE,,,,,,LEGACY_ADDITIONAL_EFFECT_MAGIC_ACCURACY,NO_DSTAT_CONFIGURED,,,MAGICAL_DAMAGE_TIER_OR_LEGACY_HANDLER,,ELEMENTAL_LEGACY,,,,HANDLER_SPECIFIC,DAMAGE_PROFILE_SINGLE_PASS,DAMAGE_PROFILE_SINGLE_PASS,FAMILY_DEFAULT_OR_SCRIPT_RETURN,NONE_RECORDED,BLOCKED_WHEN_ITEM_LEVEL_EXCEEDS_MAIN_LEVEL,GLOBAL_ADDITIONAL_EFFECT,NO,,,HIGH,CONFIGURATION_ERROR,DAMAGE requires a valid nonzero element; DAMAGE requires positive ITEM_ADDEFFECT_DMG; invalid proc chance None; item-specific retail numerics
21313,gashing_bolt,99,AMMO,MARKSMANSHIP,ERA_UNRESOLVED,LandSandBoat issue #7899 names the item but does not prove introduction era,ISSUE_EVIDENCE_ONLY,LandSandBoat issue #7899,,,,NO_REACHABLE_RUNTIME_PATH,UNSELECTED,,,,,,N/A,N/A,,,NONE_OR_HANDLER_SPECIFIC,,WEAPON_DMGTYPE_1,,,,HANDLER_SPECIFIC,HANDLER_SPECIFIC,HANDLER_SPECIFIC,FAMILY_DEFAULT_OR_SCRIPT_RETURN,NONE_RECORDED,GetScaledItemModifier returns zero for unsupported synced mods,NOT_ACTIVE,NO,,,HIGH,CONFIGURATION_ERROR,additional-effect modifiers have no active handler selector; item-specific retail numerics
21314,abrasion_bolt,99,AMMO,MARKSMANSHIP,ERA_UNRESOLVED,LandSandBoat issue #7899 names the item but does not prove introduction era,SQL_MODIFIERS,sql/item_mods.sql:44343;sql/item_mods.sql:44344;sql/item_mods.sql:44345;sql/item_mods.sql:44346;sql/item_mods.sql:44347;sql/item_mods.sql:44348;sql/item_mods.sql:44349,,,,melee HandleEnspell or ranged OnRangedAttack -> luautils::additionalEffectAttack -> xi.additionalEffect.attack,DEBUFF,DEFENSE_OR_EVASION_OR_ATTACK_DOWN_OR_SLOW,10,,5,,LEGACY_A_RANK,LEGACY_INT_DEFAULT,,,STATUS_MAGIC_TIER,,WEAPON_DMGTYPE_1,,60,DEFENSE_DOWN,STATUS_HELPERS,HANDLER_SPECIFIC,HANDLER_SPECIFIC,FAMILY_DEFAULT_OR_SCRIPT_RETURN,NONE_RECORDED,BLOCKED_WHEN_ITEM_LEVEL_EXCEEDS_MAIN_LEVEL,GLOBAL_ADDITIONAL_EFFECT,YES,,,HIGH_FRAMEWORK_LOW_RETAIL_NUMERICS,ERA_UNRESOLVED,item-specific retail numerics
21315,righteous_bolt,99,AMMO,MARKSMANSHIP,ERA_UNRESOLVED,No introduction-era metadata exists in active repository item tables,SQL_MODIFIERS+ITEM_SCRIPT,sql/item_mods.sql:44352;scripts/items/righteous_bolt.lua,,,,melee HandleEnspell or ranged OnRangedAttack -> luautils::OnItemAdditionalEffect -> onItemAdditionalEffect,SCRIPTED,,,,,,N/A,N/A,,,NONE_OR_HANDLER_SPECIFIC,,WEAPON_DMGTYPE_1,,,,HANDLER_SPECIFIC,HANDLER_SPECIFIC,HANDLER_SPECIFIC,FAMILY_DEFAULT_OR_SCRIPT_RETURN,NONE_RECORDED,BLOCKED_WHEN_ITEM_LEVEL_EXCEEDS_MAIN_LEVEL,PER_ITEM_LUA,YES,,,HIGH_FRAMEWORK_LOW_RETAIL_NUMERICS,VERIFY_LIVE,item-specific retail numerics
21323,oxidant_bolt,99,AMMO,MARKSMANSHIP,ERA_UNRESOLVED,LandSandBoat issue #7899 names the item but does not prove introduction era,ISSUE_EVIDENCE_ONLY,LandSandBoat issue #7899,,,,NO_REACHABLE_RUNTIME_PATH,UNSELECTED,,,,,,N/A,N/A,,,NONE_OR_HANDLER_SPECIFIC,,WEAPON_DMGTYPE_1,,,,HANDLER_SPECIFIC,HANDLER_SPECIFIC,HANDLER_SPECIFIC,FAMILY_DEFAULT_OR_SCRIPT_RETURN,NONE_RECORDED,GetScaledItemModifier returns zero for unsupported synced mods,NOT_ACTIVE,NO,,,HIGH,CONFIGURATION_ERROR,additional-effect modifiers have no active handler selector; item-specific retail numerics
21570,air_knife,99,MAIN|SUB,DAGGER,ERA_UNRESOLVED,No introduction-era metadata exists in active repository item tables,SQL_MODIFIERS,sql/item_mods.sql:44984;sql/item_mods.sql:44986;sql/item_mods.sql:44987;sql/item_mods.sql:44988,,,,melee HandleEnspell or ranged OnRangedAttack -> luautils::additionalEffectAttack -> xi.additionalEffect.attack,DAMAGE,WIND_DAMAGE,,,,,LEGACY_ADDITIONAL_EFFECT_MAGIC_ACCURACY,NO_DSTAT_CONFIGURED,,,MAGICAL_DAMAGE_TIER_OR_LEGACY_HANDLER,WIND,ELEMENTAL_LEGACY,20,,,HANDLER_SPECIFIC,DAMAGE_PROFILE_SINGLE_PASS,DAMAGE_PROFILE_SINGLE_PASS,FAMILY_DEFAULT_OR_SCRIPT_RETURN,NONE_RECORDED,BLOCKED_WHEN_ITEM_LEVEL_EXCEEDS_MAIN_LEVEL,GLOBAL_ADDITIONAL_EFFECT,NO,,,HIGH,CONFIGURATION_ERROR,invalid proc chance None; item-specific retail numerics
21585,crepuscular_knife,99,MAIN|SUB,DAGGER,LATER_EXPANSION,The official 2021-07-12 update introduced the Wyrm God battlefield and explicitly names Crepuscular Knife,SQL_MODIFIERS+COMBINED_RESOURCE_DRAIN_PROFILE,sql/item_mods.sql:45088;sql/item_mods.sql:45089;sql/item_mods.sql:45090;sql/item_mods.sql:45091;scripts/globals/additional_effect_profiles.lua,VZ_COMBINED_RESOURCE_DRAIN,scripts/globals/additional_effect_profiles.lua,IDENTITY_AND_ERA=EVIDENCE_BACKED;APPLICATION_AND_OUTCOME_OWNERSHIP=FRAMEWORK_CORRECT_LEGACY_NUMERICS;NUMERICS_BRANCH_SELECTION_MULTIPLIERS_PRESENTATION=VERIFY_LIVE,successful melee swing -> HandleEnspell item selection -> luautils::additionalEffectAttack -> xi.additionalEffect.attack -> executeCombinedResourceDrain -> executeResourceDrainTransfer,HPMPTP_DRAIN,DARKNESS_DAMAGE,15,FIXED_PERCENT_SQL_COMPATIBILITY; VERIFY_LIVE,0_SQL_COMPATIBILITY; VERIFY_LIVE,FIXED_15_SQL_COMPATIBILITY; VERIFY_LIVE,NO_EXPLICIT_SKILL_LEGACY_DAMAGE_RESISTANCE; VERIFY_LIVE,NO_GOVERNING_STAT_OR_DSTAT_COMPATIBILITY; VERIFY_LIVE,DISABLED_COMPATIBILITY; VERIFY_LIVE,BRANCH_SELECTION=UNIFORM_SINGLE_NO_RETRY_COMPATIBILITY_VERIFY_LIVE;GENERAL_MAGIC_DAMAGE=ENABLED_VERIFY_LIVE;ELEMENTAL_SDT=ENABLED_VERIFY_LIVE;STAFF=ENABLED_VERIFY_LIVE;AFFINITY=ENABLED_VERIFY_LIVE;DAY_WEATHER=ENABLED_VERIFY_LIVE;PHALANX=ENABLED_VERIFY_LIVE;ONE_FOR_ALL=ENABLED_VERIFY_LIVE;STONESKIN=ENABLED_VERIFY_LIVE;NULLIFICATION=ENABLED_NO_RETRY_VERIFY_LIVE;ABSORPTION=NEGATIVE_CLAMPED_TO_ZERO_NO_RETRY_VERIFY_LIVE,LEGACY_MAGICAL_DAMAGE_TIERS_AND_FLOOR; SELECTED_BRANCH_NO_RETRY; VERIFY_LIVE,CONFIGURED_NONE;EFFECTIVE_DARK_COMPATIBILITY;VERIFY_LIVE,DARK_MAGICAL_COMPATIBILITY; VERIFY_LIVE,FIXED_15_SQL_COMPATIBILITY; VERIFY_LIVE,NOT_APPLICABLE,NOT_APPLICABLE,DEAD_AND_UNDEAD_GUARD_BEFORE_AMOUNT_CALCULATION;SELECTED_BRANCH_NO_RETRY; VERIFY_LIVE,SCOPED_CALCULATOR_SINGLE_PASS; SELECTED_BRANCH_NO_RETRY; VERIFY_LIVE,NEGATIVE_RESULT_CLAMPED_TO_ZERO; SELECTED_BRANCH_NO_RETRY; VERIFY_LIVE,SELECTED_RESOURCE_HP_MP_TP_DRAIN_MESSAGE; ACTUAL_TARGET_RESOURCE_REMOVED,NONE_RECORDED,BLOCKED_WHEN_ITEM_LEVEL_EXCEEDS_MAIN_LEVEL,GLOBAL_COMBINED_RESOURCE_DRAIN_PROFILE,YES,scripts/tests/systems/combat/item_additional_effects_combined_resource_drains.lua;scripts/tests/systems/combat/item_additional_effects_combined_resource_drain_profiles.lua,retail_parity/vanilla_zilart/artifacts/VZ-COMBAT-001-combined-resource-drains-evidence.md,HIGH_FRAMEWORK_LOW_RETAIL_NUMERICS,VERIFY_LIVE,"HP_OR_MP_OR_TP uniform branch distribution, ordering, and retry/fallback; proc chance and level correction; fixed versus random per-resource amount and scaling; skill, accuracy, stat, dSTAT, and Dark element; resistance, nullification, absorption, undead, empty-resource, and defensive behavior; main/off-hand, multi-attack, Enspell priority, resource caps, and exact resource-specific presentation"
21750,guttler_119_iii,99,MAIN|SUB,AXE,ERA_UNRESOLVED,No introduction-era metadata exists in active repository item tables,SQL_MODIFIERS,sql/item_mods.sql:45529,,,,melee HandleEnspell or ranged OnRangedAttack -> luautils::additionalEffectAttack -> xi.additionalEffect.attack,DAMAGE,,,,,,LEGACY_ADDITIONAL_EFFECT_MAGIC_ACCURACY,NO_DSTAT_CONFIGURED,,,MAGICAL_DAMAGE_TIER_OR_LEGACY_HANDLER,,ELEMENTAL_LEGACY,,,,HANDLER_SPECIFIC,DAMAGE_PROFILE_SINGLE_PASS,DAMAGE_PROFILE_SINGLE_PASS,FAMILY_DEFAULT_OR_SCRIPT_RETURN,NONE_RECORDED,BLOCKED_WHEN_ITEM_LEVEL_EXCEEDS_MAIN_LEVEL,GLOBAL_ADDITIONAL_EFFECT,NO,,,HIGH,CONFIGURATION_ERROR,DAMAGE requires a valid nonzero element; DAMAGE requires positive ITEM_ADDEFFECT_DMG; invalid proc chance None; item-specific retail numerics
21756,bravura_119_iii,99,MAIN,GREAT_AXE,ERA_UNRESOLVED,No introduction-era metadata exists in active repository item tables,SQL_MODIFIERS,sql/item_mods.sql:45555,,,,melee HandleEnspell or ranged OnRangedAttack -> luautils::additionalEffectAttack -> xi.additionalEffect.attack,DAMAGE,,,,,,LEGACY_ADDITIONAL_EFFECT_MAGIC_ACCURACY,NO_DSTAT_CONFIGURED,,,MAGICAL_DAMAGE_TIER_OR_LEGACY_HANDLER,,ELEMENTAL_LEGACY,,,,HANDLER_SPECIFIC,DAMAGE_PROFILE_SINGLE_PASS,DAMAGE_PROFILE_SINGLE_PASS,FAMILY_DEFAULT_OR_SCRIPT_RETURN,NONE_RECORDED,BLOCKED_WHEN_ITEM_LEVEL_EXCEEDS_MAIN_LEVEL,GLOBAL_ADDITIONAL_EFFECT,NO,,,HIGH,CONFIGURATION_ERROR,DAMAGE requires a valid nonzero element; DAMAGE requires positive ITEM_ADDEFFECT_DMG; invalid proc chance None; item-specific retail numerics
21808,apocalypse_119_iii,99,MAIN,SCYTHE,ERA_UNRESOLVED,No introduction-era metadata exists in active repository item tables,SQL_MODIFIERS,sql/item_mods.sql:45660,,,,melee HandleEnspell or ranged OnRangedAttack -> luautils::additionalEffectAttack -> xi.additionalEffect.attack,DAMAGE,,,,,,LEGACY_ADDITIONAL_EFFECT_MAGIC_ACCURACY,NO_DSTAT_CONFIGURED,,,MAGICAL_DAMAGE_TIER_OR_LEGACY_HANDLER,,ELEMENTAL_LEGACY,,,,HANDLER_SPECIFIC,DAMAGE_PROFILE_SINGLE_PASS,DAMAGE_PROFILE_SINGLE_PASS,FAMILY_DEFAULT_OR_SCRIPT_RETURN,NONE_RECORDED,BLOCKED_WHEN_ITEM_LEVEL_EXCEEDS_MAIN_LEVEL,GLOBAL_ADDITIONAL_EFFECT,NO,,,HIGH,CONFIGURATION_ERROR,DAMAGE requires a valid nonzero element; DAMAGE requires positive ITEM_ADDEFFECT_DMG; invalid proc chance None; item-specific retail numerics
21857,gungnir_119_iii,99,MAIN,POLEARM,ERA_UNRESOLVED,No introduction-era metadata exists in active repository item tables,SQL_MODIFIERS,sql/item_mods.sql:45807,,,,melee HandleEnspell or ranged OnRangedAttack -> luautils::additionalEffectAttack -> xi.additionalEffect.attack,DAMAGE,,,,,,LEGACY_ADDITIONAL_EFFECT_MAGIC_ACCURACY,NO_DSTAT_CONFIGURED,,,MAGICAL_DAMAGE_TIER_OR_LEGACY_HANDLER,,ELEMENTAL_LEGACY,,,,HANDLER_SPECIFIC,DAMAGE_PROFILE_SINGLE_PASS,DAMAGE_PROFILE_SINGLE_PASS,FAMILY_DEFAULT_OR_SCRIPT_RETURN,NONE_RECORDED,BLOCKED_WHEN_ITEM_LEVEL_EXCEEDS_MAIN_LEVEL,GLOBAL_ADDITIONAL_EFFECT,NO,,,HIGH,CONFIGURATION_ERROR,DAMAGE requires a valid nonzero element; DAMAGE requires positive ITEM_ADDEFFECT_DMG; invalid proc chance None; item-specific retail numerics
21906,kikoku_119_iii,99,MAIN|SUB,KATANA,ERA_UNRESOLVED,No introduction-era metadata exists in active repository item tables,SQL_MODIFIERS,sql/item_mods.sql:45922,,,,melee HandleEnspell or ranged OnRangedAttack -> luautils::additionalEffectAttack -> xi.additionalEffect.attack,DAMAGE,,,,,,LEGACY_ADDITIONAL_EFFECT_MAGIC_ACCURACY,NO_DSTAT_CONFIGURED,,,MAGICAL_DAMAGE_TIER_OR_LEGACY_HANDLER,,ELEMENTAL_LEGACY,,,,HANDLER_SPECIFIC,DAMAGE_PROFILE_SINGLE_PASS,DAMAGE_PROFILE_SINGLE_PASS,FAMILY_DEFAULT_OR_SCRIPT_RETURN,NONE_RECORDED,BLOCKED_WHEN_ITEM_LEVEL_EXCEEDS_MAIN_LEVEL,GLOBAL_ADDITIONAL_EFFECT,NO,,,HIGH,CONFIGURATION_ERROR,DAMAGE requires a valid nonzero element; DAMAGE requires positive ITEM_ADDEFFECT_DMG; invalid proc chance None; item-specific retail numerics
21954,amanomurakumo_119_iii,99,MAIN,GREAT_KATANA,ERA_UNRESOLVED,No introduction-era metadata exists in active repository item tables,SQL_MODIFIERS,sql/item_mods.sql:46036,,,,melee HandleEnspell or ranged OnRangedAttack -> luautils::additionalEffectAttack -> xi.additionalEffect.attack,DAMAGE,,,,,,LEGACY_ADDITIONAL_EFFECT_MAGIC_ACCURACY,NO_DSTAT_CONFIGURED,,,MAGICAL_DAMAGE_TIER_OR_LEGACY_HANDLER,,ELEMENTAL_LEGACY,,,,HANDLER_SPECIFIC,DAMAGE_PROFILE_SINGLE_PASS,DAMAGE_PROFILE_SINGLE_PASS,FAMILY_DEFAULT_OR_SCRIPT_RETURN,NONE_RECORDED,BLOCKED_WHEN_ITEM_LEVEL_EXCEEDS_MAIN_LEVEL,GLOBAL_ADDITIONAL_EFFECT,NO,,,HIGH,CONFIGURATION_ERROR,DAMAGE requires a valid nonzero element; DAMAGE requires positive ITEM_ADDEFFECT_DMG; invalid proc chance None; item-specific retail numerics
21966,zanmato_+1,1,MAIN,GREAT_KATANA,ERA_UNRESOLVED,No introduction-era metadata exists in active repository item tables,SQL_MODIFIERS,sql/item_mods.sql:46080;sql/item_mods.sql:46081;sql/item_mods.sql:46082,,,,melee HandleEnspell or ranged OnRangedAttack -> luautils::additionalEffectAttack -> xi.additionalEffect.attack,DISPEL,LIGHT_DAMAGE,5,,,,N/A,N/A,,,NONE_OR_HANDLER_SPECIFIC,,WEAPON_DMGTYPE_2,,,,HANDLER_SPECIFIC,HANDLER_SPECIFIC,HANDLER_SPECIFIC,FAMILY_DEFAULT_OR_SCRIPT_RETURN,NONE_RECORDED,BLOCKED_WHEN_ITEM_LEVEL_EXCEEDS_MAIN_LEVEL,GLOBAL_ADDITIONAL_EFFECT,YES,,,HIGH_FRAMEWORK_LOW_RETAIL_NUMERICS,VERIFY_LIVE,item-specific retail numerics
22060,claustrum_119_iii,99,MAIN,STAFF,ERA_UNRESOLVED,No introduction-era metadata exists in active repository item tables,SQL_MODIFIERS,sql/item_mods.sql:46337,,,,melee HandleEnspell or ranged OnRangedAttack -> luautils::additionalEffectAttack -> xi.additionalEffect.attack,DAMAGE,,,,,,LEGACY_ADDITIONAL_EFFECT_MAGIC_ACCURACY,NO_DSTAT_CONFIGURED,,,MAGICAL_DAMAGE_TIER_OR_LEGACY_HANDLER,,ELEMENTAL_LEGACY,,,,HANDLER_SPECIFIC,DAMAGE_PROFILE_SINGLE_PASS,DAMAGE_PROFILE_SINGLE_PASS,FAMILY_DEFAULT_OR_SCRIPT_RETURN,NONE_RECORDED,BLOCKED_WHEN_ITEM_LEVEL_EXCEEDS_MAIN_LEVEL,GLOBAL_ADDITIONAL_EFFECT,NO,,,HIGH,CONFIGURATION_ERROR,DAMAGE requires a valid nonzero element; DAMAGE requires positive ITEM_ADDEFFECT_DMG; invalid proc chance None; item-specific retail numerics
22287,scouts_bolt,99,AMMO,MARKSMANSHIP,ERA_UNRESOLVED,No introduction-era metadata exists in active repository item tables,SQL_MODIFIERS+ITEM_SCRIPT,sql/item_mods.sql:47026;scripts/items/scouts_bolt.lua,,,,melee HandleEnspell or ranged OnRangedAttack -> luautils::OnItemAdditionalEffect -> onItemAdditionalEffect,SCRIPTED,,,,,,N/A,N/A,,,NONE_OR_HANDLER_SPECIFIC,,WEAPON_DMGTYPE_1,,,,HANDLER_SPECIFIC,HANDLER_SPECIFIC,HANDLER_SPECIFIC,FAMILY_DEFAULT_OR_SCRIPT_RETURN,NONE_RECORDED,BLOCKED_WHEN_ITEM_LEVEL_EXCEEDS_MAIN_LEVEL,PER_ITEM_LUA,YES,,,HIGH_FRAMEWORK_LOW_RETAIL_NUMERICS,VERIFY_LIVE,item-specific retail numerics
23119,hachiya_chainmail_+2,99,BODY,EQUIPMENT,ERA_UNRESOLVED,No introduction-era metadata exists in active repository item tables,SQL_MODIFIERS,sql/item_mods.sql:48712;sql/item_mods.sql:48713;sql/item_mods.sql:48714,,,,melee reaction -> battleutils::HandleSpikesDamage -> HandleSpikesEquip,EQUIPMENT_SPIKES,LIGHTNING_DAMAGE,35,,,,N/A,N/A,,,NONE_OR_HANDLER_SPECIFIC,,N/A,20,,,HANDLER_SPECIFIC,HANDLER_SPECIFIC,HANDLER_SPECIFIC,FAMILY_DEFAULT_OR_SCRIPT_RETURN,NONE_RECORDED,GetScaledItemModifier returns zero for unsupported synced mods,CXX_EQUIPMENT_SPIKES,YES,,,HIGH_FRAMEWORK_LOW_RETAIL_NUMERICS,VERIFY_LIVE,equipment auto-spikes retail formula
23454,hachiya_chainmail_+3,99,BODY,EQUIPMENT,ERA_UNRESOLVED,No introduction-era metadata exists in active repository item tables,SQL_MODIFIERS,sql/item_mods.sql:54808;sql/item_mods.sql:54809;sql/item_mods.sql:54810,,,,melee reaction -> battleutils::HandleSpikesDamage -> HandleSpikesEquip,EQUIPMENT_SPIKES,LIGHTNING_DAMAGE,35,,,,N/A,N/A,,,NONE_OR_HANDLER_SPECIFIC,,N/A,20,,,HANDLER_SPECIFIC,HANDLER_SPECIFIC,HANDLER_SPECIFIC,FAMILY_DEFAULT_OR_SCRIPT_RETURN,NONE_RECORDED,GetScaledItemModifier returns zero for unsupported synced mods,CXX_EQUIPMENT_SPIKES,YES,,,HIGH_FRAMEWORK_LOW_RETAIL_NUMERICS,VERIFY_LIVE,equipment auto-spikes retail formula
26944,tartarus_platemail,99,BODY,EQUIPMENT,ERA_UNRESOLVED,No introduction-era metadata exists in active repository item tables,SQL_MODIFIERS,sql/item_mods.sql:66912;sql/item_mods.sql:66913,,,,melee reaction -> battleutils::HandleSpikesDamage -> HandleSpikesEquip,EQUIPMENT_SPIKES,POISON_OR_TP_DRAIN,1,,,,N/A,N/A,,,NONE_OR_HANDLER_SPECIFIC,,N/A,,,,HANDLER_SPECIFIC,HANDLER_SPECIFIC,HANDLER_SPECIFIC,FAMILY_DEFAULT_OR_SCRIPT_RETURN,NONE_RECORDED,GetScaledItemModifier returns zero for unsupported synced mods,CXX_EQUIPMENT_SPIKES,NO,,,HIGH,CONFIGURATION_ERROR,C++ equipment spikes requires ITEM_ADDEFFECT_DMG; C++ equipment spikes requires subeffect 1..6; equipment auto-spikes retail formula
27722,ighwa_cap,99,HEAD,EQUIPMENT,ERA_UNRESOLVED,No introduction-era metadata exists in active repository item tables,SQL_MODIFIERS,sql/item_mods.sql:74916;sql/item_mods.sql:74917;sql/item_mods.sql:74918,,,,melee reaction -> battleutils::HandleSpikesDamage -> HandleSpikesEquip,EQUIPMENT_SPIKES,ICE_DAMAGE,35,,,,N/A,N/A,,,NONE_OR_HANDLER_SPECIFIC,,N/A,20,,,HANDLER_SPECIFIC,HANDLER_SPECIFIC,HANDLER_SPECIFIC,FAMILY_DEFAULT_OR_SCRIPT_RETURN,NONE_RECORDED,GetScaledItemModifier returns zero for unsupported synced mods,CXX_EQUIPMENT_SPIKES,YES,,,HIGH_FRAMEWORK_LOW_RETAIL_NUMERICS,VERIFY_LIVE,equipment auto-spikes retail formula
27819,hachiya_chainmail,99,BODY,EQUIPMENT,ERA_UNRESOLVED,No introduction-era metadata exists in active repository item tables,SQL_MODIFIERS,sql/item_mods.sql:76151;sql/item_mods.sql:76152;sql/item_mods.sql:76153,,,,melee reaction -> battleutils::HandleSpikesDamage -> HandleSpikesEquip,EQUIPMENT_SPIKES,LIGHTNING_DAMAGE,30,,,,N/A,N/A,,,NONE_OR_HANDLER_SPECIFIC,,N/A,20,,,HANDLER_SPECIFIC,HANDLER_SPECIFIC,HANDLER_SPECIFIC,FAMILY_DEFAULT_OR_SCRIPT_RETURN,NONE_RECORDED,GetScaledItemModifier returns zero for unsupported synced mods,CXX_EQUIPMENT_SPIKES,YES,,,HIGH_FRAMEWORK_LOW_RETAIL_NUMERICS,VERIFY_LIVE,equipment auto-spikes retail formula
27840,hachiya_chainmail_+1,99,BODY,EQUIPMENT,ERA_UNRESOLVED,No introduction-era metadata exists in active repository item tables,SQL_MODIFIERS,sql/item_mods.sql:76550;sql/item_mods.sql:76551;sql/item_mods.sql:76552,,,,melee reaction -> battleutils::HandleSpikesDamage -> HandleSpikesEquip,EQUIPMENT_SPIKES,LIGHTNING_DAMAGE,35,,,,N/A,N/A,,,NONE_OR_HANDLER_SPECIFIC,,N/A,20,,,HANDLER_SPECIFIC,HANDLER_SPECIFIC,HANDLER_SPECIFIC,FAMILY_DEFAULT_OR_SCRIPT_RETURN,NONE_RECORDED,GetScaledItemModifier returns zero for unsupported synced mods,CXX_EQUIPMENT_SPIKES,YES,,,HIGH_FRAMEWORK_LOW_RETAIL_NUMERICS,VERIFY_LIVE,equipment auto-spikes retail formula
